PR,URL,Title,Content type,Is rendered page,HTTP status code,Organic traffic,Referenced in sitemaps,No. of href inlinks,No. of redirect inlinks,No. of canonical inlinks,No. of hreflang inlinks,No. of pagination inlinks,No. of CSS inlinks,No. of IMG inlinks,No. of JS inlinks
20,https://handlemyfile.com/da/fjern-metadata,Fjern PDF-metadata - Sanitize Properties Online,text/html; charset=utf-8,false,200,0,https://handlemyfile.com/sitemap.xml,0,0,0,0,0,0,0,0
20,https://handlemyfile.com/ru/vizualnoe-sravnenie-pdf-failov,Сравните два PDF-файла на предмет визуальных различий,text/html; charset=utf-8,false,200,0,https://handlemyfile.com/sitemap.xml,0,0,0,0,0,0,0,0
20,https://handlemyfile.com/sk/csv-do-excelu,Bezplatný prevodník CSV do Excelu (.xlsx) – Instant Brows...,text/html; charset=utf-8,false,200,0,https://handlemyfile.com/sitemap.xml,0,0,0,0,0,0,0,0
20,https://handlemyfile.com/ja/pdf-risaizu,PDF ページのサイズを変更する - PDF ページのサイズと余白を変更する | HandleMyFile,text/html; charset=utf-8,false,200,0,https://handlemyfile.com/sitemap.xml,0,0,0,0,0,0,0,0
20,https://handlemyfile.com/he/hshvvh-pdf,השווה PDF - מצא הבדלים בין שני קובצי PDF | HandleMyFile,text/html; charset=utf-8,false,200,0,https://handlemyfile.com/sitemap.xml,0,0,0,0,0,0,0,0
20,https://handlemyfile.com/pl/wizualnie-por-wnaj-pliki-pdf,Porównaj dwa pliki PDF pod kątem różnic wizualnych,text/html; charset=utf-8,false,200,0,https://handlemyfile.com/sitemap.xml,0,0,0,0,0,0,0,0
20,https://handlemyfile.com/da/scannet-pdf-til-tekst-ocr,Convert Scanned PDF to Text | HandleMyFile,text/html; charset=utf-8,false,200,0,https://handlemyfile.com/sitemap.xml,0,0,0,0,0,0,0,0
20,https://handlemyfile.com/zh/pdf-word,Free PDF to Word Converter (.docx) Without Losing Formatting,text/html; charset=utf-8,false,200,0,https://handlemyfile.com/sitemap.xml,0,0,0,0,0,0,0,0
20,https://handlemyfile.com/he/excel-l-csv,ממיר Excel ל-CSV בחינם (.xlsx ל-.csv) - אפס העלאות,text/html; charset=utf-8,false,200,0,https://handlemyfile.com/sitemap.xml,0,0,0,0,0,0,0,0
20,https://handlemyfile.com/extract-high-res-images-pdf,Extract High Resolution Images from PDF Free | HandleMyFile,text/html; charset=utf-8,false,200,0,https://handlemyfile.com/sitemap.xml,0,0,0,0,0,0,0,0
20,https://handlemyfile.com/ro/csv-in-excel,Convertor gratuit CSV în Excel (.xlsx) - Motor de browser...,text/html; charset=utf-8,false,200,0,https://handlemyfile.com/sitemap.xml,0,0,0,0,0,0,0,0
20,https://handlemyfile.com/vi/c-t-l-pdf,Cắt lề trắng từ các trang PDF miễn phí | HandleMyFile,text/html; charset=utf-8,false,200,0,https://handlemyfile.com/sitemap.xml,0,0,0,0,0,0,0,0
20,https://handlemyfile.com/es/imagen-a-pdf,Convierta JPG y PNG a PDF en línea: imágenes a PDF localm...,text/html; charset=utf-8,false,200,0,https://handlemyfile.com/sitemap.xml,0,0,0,0,0,0,0,0
20,https://handlemyfile.com/cs/extrahovat-obrazky,Extrahovat obrázky z PDF - Uložit všechny obrázky z PDF,text/html; charset=utf-8,false,200,0,https://handlemyfile.com/sitemap.xml,0,0,0,0,0,0,0,0
20,https://handlemyfile.com/vi/csv-sang-excel,Công cụ chuyển đổi CSV sang Excel miễn phí (.xlsx) - Công...,text/html; charset=utf-8,false,200,0,https://handlemyfile.com/sitemap.xml,0,0,0,0,0,0,0,0
20,https://handlemyfile.com/remove-pdf-watermark-online,Remove PDF Watermark Online Free | Clean PDFs | HandleMyFile,text/html; charset=utf-8,false,200,0,https://handlemyfile.com/sitemap.xml,0,0,0,0,0,0,0,0
20,https://handlemyfile.com/sv/gr-skala-pdf-f-r-utskrift,Konvertera färg PDF till gråskala för utskrift,text/html; charset=utf-8,false,200,0,https://handlemyfile.com/sitemap.xml,0,0,0,0,0,0,0,0
20,https://handlemyfile.com/ko/egseleul-csvro,무료 Excel to CSV 변환기(.xlsx to .csv) - 제로 업로드 | HandleMyFile,text/html; charset=utf-8,false,200,0,https://handlemyfile.com/sitemap.xml,0,0,0,0,0,0,0,0
20,https://handlemyfile.com/no/redusere-pdf-st-rrelse-offline,Reduce PDF Size Offline | HandleMyFile,text/html; charset=utf-8,false,200,0,https://handlemyfile.com/sitemap.xml,0,0,0,0,0,0,0,0
20,https://handlemyfile.com/redact-pdf,Redact PDF - Securely Blackout Text and Images,text/html; charset=utf-8,false,200,0,https://handlemyfile.com/sitemap.xml,0,0,0,0,0,0,0,0
20,https://handlemyfile.com/no/sladde-pdf,Redact PDF - Sikker mørklegging av tekst og bilder,text/html; charset=utf-8,false,200,0,https://handlemyfile.com/sitemap.xml,0,0,0,0,0,0,0,0
20,https://handlemyfile.com/it/confrontare-visivamente-i-file-pdf,Confronta due file PDF per le differenze visive,text/html; charset=utf-8,false,200,0,https://handlemyfile.com/sitemap.xml,0,0,0,0,0,0,0,0
20,https://handlemyfile.com/ru/csv-v-excel,Бесплатный конвертер CSV в Excel (.xlsx) — механизм мгнов...,text/html; charset=utf-8,false,200,0,https://handlemyfile.com/sitemap.xml,0,0,0,0,0,0,0,0
20,https://handlemyfile.com/es/eliminar-metadatos-del-autor-en-pdf,Eliminar el nombre del autor y los metadatos ocultos del PDF,text/html; charset=utf-8,false,200,0,https://handlemyfile.com/sitemap.xml,0,0,0,0,0,0,0,0
20,https://handlemyfile.com/hi/pdf-to-word-without-losing-formatting,Free PDF to Word Converter (.docx) Without Losing Formatting,text/html; charset=utf-8,false,200,0,https://handlemyfile.com/sitemap.xml,0,0,0,0,0,0,0,0
20,https://handlemyfile.com/nl/pdf-naar-ppt,Gratis PDF naar PowerPoint-converter (.pptx) - Geen uploads,text/html; charset=utf-8,false,200,0,https://handlemyfile.com/sitemap.xml,0,0,0,0,0,0,0,0
20,https://handlemyfile.com/it/confronta-pdf,Confronta PDF: trova le differenze tra due PDF,text/html; charset=utf-8,false,200,0,https://handlemyfile.com/sitemap.xml,0,0,0,0,0,0,0,0
20,https://handlemyfile.com/cs/komprimovat-pdf-pro-email,Compress PDF for Email - Shrink Large PDF Files under 25MB,text/html; charset=utf-8,false,200,0,https://handlemyfile.com/sitemap.xml,0,0,0,0,0,0,0,0
20,https://handlemyfile.com/it/oscura-pdf,Redige PDF: oscura testo e immagini in modo sicuro,text/html; charset=utf-8,false,200,0,https://handlemyfile.com/sitemap.xml,0,0,0,0,0,0,0,0
20,https://handlemyfile.com/fr/compresser-pdf-a-100ko,Compress PDF to 100KB - Online PDF Shrinker to 100KB,text/html; charset=utf-8,false,200,0,https://handlemyfile.com/sitemap.xml,0,0,0,0,0,0,0,0
20,https://handlemyfile.com/ro/txt-in-pdf,Convertiți TXT în PDF online - Text simplu în document PDF,text/html; charset=utf-8,false,200,0,https://handlemyfile.com/sitemap.xml,0,0,0,0,0,0,0,0
20,https://handlemyfile.com/tr/goruntuleri-cikart,PDF'den Görüntü Çıkarma - PDF'den Tüm Resimleri Kaydet,text/html; charset=utf-8,false,200,0,https://handlemyfile.com/sitemap.xml,0,0,0,0,0,0,0,0
20,https://handlemyfile.com/tr/pdf-sikistir,PDF'yi Çevrimiçi Sıkıştırın - Dosya Boyutunu Yerel Olarak...,text/html; charset=utf-8,false,200,0,https://handlemyfile.com/sitemap.xml,0,0,0,0,0,0,0,0
20,https://handlemyfile.com/vi/nen-pdf-xuong-100kb,Compress PDF to 100KB - Online PDF Shrinker to 100KB,text/html; charset=utf-8,false,200,0,https://handlemyfile.com/sitemap.xml,0,0,0,0,0,0,0,0
20,https://handlemyfile.com/uk/ppt-v-pdf,Конвертуйте PowerPoint у PDF - PPTX Slides to PDF Locally,text/html; charset=utf-8,false,200,0,https://handlemyfile.com/sitemap.xml,0,0,0,0,0,0,0,0
20,https://handlemyfile.com/ja/ocr-pdf,無料のブラウザ OCR - スキャンした PDF と画像からテキストを抽出 | HandleMyFile,text/html; charset=utf-8,false,200,0,https://handlemyfile.com/sitemap.xml,0,0,0,0,0,0,0,0
20,https://handlemyfile.com/hu/kepek-kibontasa,Képek kibontása PDF-ből – Minden kép mentése PDF-ből,text/html; charset=utf-8,false,200,0,https://handlemyfile.com/sitemap.xml,0,0,0,0,0,0,0,0
20,https://handlemyfile.com/fr/pdf-en-image,Convertir des PDF en images JPG/PNG en ligne - Extraire d...,text/html; charset=utf-8,false,200,0,https://handlemyfile.com/sitemap.xml,0,0,0,0,0,0,0,0
20,https://handlemyfile.com/sk/komprimovat-pdf-bez-straty-kvality,Compress PDF Without Losing Quality - High Definition Los...,text/html; charset=utf-8,false,200,0,https://handlemyfile.com/sitemap.xml,0,0,0,0,0,0,0,0
20,https://handlemyfile.com/hi/piiddiieph-se-piipiittii,मुफ़्त पीडीएफ से पावरपॉइंट कन्वर्टर (.pptx) - शून्य अपलोड,text/html; charset=utf-8,false,200,0,https://handlemyfile.com/sitemap.xml,0,0,0,0,0,0,0,0
20,https://handlemyfile.com/ko/yeogbanghyang-pdf,PDF 페이지 역방향 - PDF 페이지 순서를 거꾸로 변경 | HandleMyFile,text/html; charset=utf-8,false,200,0,https://handlemyfile.com/sitemap.xml,0,0,0,0,0,0,0,0
20,https://handlemyfile.com/id/ubah-pdf-jadi-hitam-putih,Konversi PDF ke Skala Abu-Abu - PDF Hitam Putih Online,text/html; charset=utf-8,false,200,0,https://handlemyfile.com/sitemap.xml,0,0,0,0,0,0,0,0
20,https://handlemyfile.com/ro/pdf-invers,Inversați paginile PDF - Schimbați ordinea paginilor PDF...,text/html; charset=utf-8,false,200,0,https://handlemyfile.com/sitemap.xml,0,0,0,0,0,0,0,0
20,https://handlemyfile.com/it/estrai-immagini,Estrai immagini da PDF - Salva tutte le immagini da PDF,text/html; charset=utf-8,false,200,0,https://handlemyfile.com/sitemap.xml,0,0,0,0,0,0,0,0
20,https://handlemyfile.com/pl/przytnij-marginesy-pdf,Przytnij białe marginesy ze stron PDF za darmo,text/html; charset=utf-8,false,200,0,https://handlemyfile.com/sitemap.xml,0,0,0,0,0,0,0,0
20,https://handlemyfile.com/th/excel-epn-pdf,แปลง Excel เป็น PDF ออนไลน์ - XLSX & XLS เป็น PDF ในเครื่อง,text/html; charset=utf-8,false,200,0,https://handlemyfile.com/sitemap.xml,0,0,0,0,0,0,0,0
20,https://handlemyfile.com/ko/metadeiteo-jegeo,PDF 메타데이터 제거 - 온라인 속성 삭제 | HandleMyFile,text/html; charset=utf-8,false,200,0,https://handlemyfile.com/sitemap.xml,0,0,0,0,0,0,0,0
20,https://handlemyfile.com/zh/pdf-zhuan-ppt,免费 PDF 到 PowerPoint 转换器 (.pptx) - 零上传 | HandleMyFile,text/html; charset=utf-8,false,200,0,https://handlemyfile.com/sitemap.xml,0,0,0,0,0,0,0,0
20,https://handlemyfile.com/de/extrahieren-sie-hochaufl-sende-bilder-im-pdf-format,Extrahieren Sie hochauflösende Bilder kostenlos aus PDF,text/html; charset=utf-8,false,200,0,https://handlemyfile.com/sitemap.xml,0,0,0,0,0,0,0,0
20,https://handlemyfile.com/id/balik-urutan-pdf,Membalikkan Halaman PDF - Ubah Urutan Halaman PDF Mundur,text/html; charset=utf-8,false,200,0,https://handlemyfile.com/sitemap.xml,0,0,0,0,0,0,0,0
20,https://handlemyfile.com/fi/excelista-csv-ksi,Ilmainen Excel–CSV-muunnin (.xlsx–.csv) – nolla latausta,text/html; charset=utf-8,false,200,0,https://handlemyfile.com/sitemap.xml,0,0,0,0,0,0,0,0
20,https://handlemyfile.com/da/uddrag-billeder,Uddrag billeder fra PDF - Gem alle billeder fra PDF,text/html; charset=utf-8,false,200,0,https://handlemyfile.com/sitemap.xml,0,0,0,0,0,0,0,0
20,https://handlemyfile.com/ja/pdf-wo-100kb-ni-asshuku,Compress PDF to 100KB - Online PDF Shrinker to 100KB,text/html; charset=utf-8,false,200,0,https://handlemyfile.com/sitemap.xml,0,0,0,0,0,0,0,0
20,https://handlemyfile.com/ar/hazf-bayanat-almuallif-pdf,إزالة اسم المؤلف والبيانات التعريفية المخفية من PDF,text/html; charset=utf-8,false,200,0,https://handlemyfile.com/sitemap.xml,0,0,0,0,0,0,0,0
20,https://handlemyfile.com/ja/pdf-ofurain-ketsugou,PDF ファイルをオフラインで無料で結合 | 100%安全 | HandleMyFile,text/html; charset=utf-8,false,200,0,https://handlemyfile.com/sitemap.xml,0,0,0,0,0,0,0,0
20,https://handlemyfile.com/no/excel-til-pdf,Konverter Excel til PDF Online - XLSX og XLS til PDF lokalt,text/html; charset=utf-8,false,200,0,https://handlemyfile.com/sitemap.xml,0,0,0,0,0,0,0,0
20,https://handlemyfile.com/tr/excel-den-pdf-ye,Excel'i Çevrimiçi Olarak PDF'ye Dönüştürün - XLSX ve XLS'...,text/html; charset=utf-8,false,200,0,https://handlemyfile.com/sitemap.xml,0,0,0,0,0,0,0,0
20,https://handlemyfile.com/fr/pdf-inverse,Pages PDF inversées - Modifier l'ordre des pages PDF à l'...,text/html; charset=utf-8,false,200,0,https://handlemyfile.com/sitemap.xml,0,0,0,0,0,0,0,0
20,https://handlemyfile.com/tr/taranan-pdf-yi-metne-d-n-t-r,Taranan PDF'yi Aranabilir Metne Dönüştürme | Ücretsiz OCR,text/html; charset=utf-8,false,200,0,https://handlemyfile.com/sitemap.xml,0,0,0,0,0,0,0,0
20,https://handlemyfile.com/da/komprimer-pdf-til-100kb,Compress PDF to 100KB - Online PDF Shrinker to 100KB,text/html; charset=utf-8,false,200,0,https://handlemyfile.com/sitemap.xml,0,0,0,0,0,0,0,0
20,https://handlemyfile.com/no/komprimer-pdf-uten-kvalitetstap,Compress PDF Without Losing Quality - High Definition Los...,text/html; charset=utf-8,false,200,0,https://handlemyfile.com/sitemap.xml,0,0,0,0,0,0,0,0
20,https://handlemyfile.com/nl/csv-naar-excel,Gratis CSV naar Excel-converter (.xlsx) - Instant Browser...,text/html; charset=utf-8,false,200,0,https://handlemyfile.com/sitemap.xml,0,0,0,0,0,0,0,0
20,https://handlemyfile.com/he/reduce-pdf-size-offline,Reduce PDF Size Offline | HandleMyFile,text/html; charset=utf-8,false,200,0,https://handlemyfile.com/sitemap.xml,0,0,0,0,0,0,0,0
20,https://handlemyfile.com/he/hosafat-misparim-ledapei-pdf-hinam,הוסף מספרי עמודים ל-PDF חינם | אין גבולות | HandleMyFile,text/html; charset=utf-8,false,200,0,https://handlemyfile.com/sitemap.xml,0,0,0,0,0,0,0,0
20,https://handlemyfile.com/hu/pdf-tomorites-emailhez,Compress PDF for Email - Shrink Large PDF Files under 25MB,text/html; charset=utf-8,false,200,0,https://handlemyfile.com/sitemap.xml,0,0,0,0,0,0,0,0
20,https://handlemyfile.com/ar/istikhraj-suwar-aaliyat-alduqqah-pdf,استخراج صور عالية الدقة من ملف PDF مجانًا | HandleMyFile,text/html; charset=utf-8,false,200,0,https://handlemyfile.com/sitemap.xml,0,0,0,0,0,0,0,0
20,https://handlemyfile.com/fi/excelista-pdf,Muunna Excel PDF-muotoon Online - XLSX ja XLS PDF:ksi pai...,text/html; charset=utf-8,false,200,0,https://handlemyfile.com/sitemap.xml,0,0,0,0,0,0,0,0
20,https://handlemyfile.com/hu/txt-to-pdf,TXT konvertálása PDF-be online - Egyszerű szöveg PDF-doku...,text/html; charset=utf-8,false,200,0,https://handlemyfile.com/sitemap.xml,0,0,0,0,0,0,0,0
20,https://handlemyfile.com/cs/slou-it-soubory-pdf-offline,Sloučit soubory PDF offline zdarma | 100% bezpečné,text/html; charset=utf-8,false,200,0,https://handlemyfile.com/sitemap.xml,0,0,0,0,0,0,0,0
20,https://handlemyfile.com/hu/pdf-f-jlok-egyes-t-se-offline-m-dban,PDF-fájlok egyesítése offline állapotban ingyenes | 100%-...,text/html; charset=utf-8,false,200,0,https://handlemyfile.com/sitemap.xml,0,0,0,0,0,0,0,0
20,https://handlemyfile.com/zh/scanned-pdf-to-text-ocr,Convert Scanned PDF to Text | HandleMyFile,text/html; charset=utf-8,false,200,0,https://handlemyfile.com/sitemap.xml,0,0,0,0,0,0,0,0
20,https://handlemyfile.com/pt/adicionar-n-meros-de-p-gina-ao-pdf-gratuitamente,Adicione números de página ao PDF gratuitamente | Sem Lim...,text/html; charset=utf-8,false,200,0,https://handlemyfile.com/sitemap.xml,0,0,0,0,0,0,0,0
20,https://handlemyfile.com/ko/pptreul-pdfro,PowerPoint를 PDF로 변환 - PPTX 슬라이드를 로컬에서 PDF로 | HandleMyFile,text/html; charset=utf-8,false,200,0,https://handlemyfile.com/sitemap.xml,0,0,0,0,0,0,0,0
20,https://handlemyfile.com/el/optiki-sygkrisi-arxeion-pdf,Συγκρίνετε δύο αρχεία PDF για οπτικές διαφορές,text/html; charset=utf-8,false,200,0,https://handlemyfile.com/sitemap.xml,0,0,0,0,0,0,0,0
20,https://handlemyfile.com/sv/besk-r-pdf-marginaler,Beskär vita marginaler från PDF-sidor gratis | HandleMyFile,text/html; charset=utf-8,false,200,0,https://handlemyfile.com/sitemap.xml,0,0,0,0,0,0,0,0
20,https://handlemyfile.com/da/billede-til-pdf,Konverter JPG & PNG til PDF online - Billeder til PDF lokalt,text/html; charset=utf-8,false,200,0,https://handlemyfile.com/sitemap.xml,0,0,0,0,0,0,0,0
20,https://handlemyfile.com/it/pdf-in-scala-di-grigi-per-la-stampa,Converti PDF a colori in scala di grigi per la stampa,text/html; charset=utf-8,false,200,0,https://handlemyfile.com/sitemap.xml,0,0,0,0,0,0,0,0
20,https://handlemyfile.com/id/pdf-ke-gambar,Konversi Gambar PDF ke JPG/PNG Secara Online - Ekstrak Ha...,text/html; charset=utf-8,false,200,0,https://handlemyfile.com/sitemap.xml,0,0,0,0,0,0,0,0
20,https://handlemyfile.com/vi/qu-t-pdf-sang-v-n-b-n-ocr,Convert Scanned PDF to Text | HandleMyFile,text/html; charset=utf-8,false,200,0,https://handlemyfile.com/sitemap.xml,0,0,0,0,0,0,0,0
20,https://handlemyfile.com/vi/nen-pdf,Nén PDF trực tuyến - Giảm 60-90% kích thước tệp cục bộ,text/html; charset=utf-8,false,200,0,https://handlemyfile.com/sitemap.xml,0,0,0,0,0,0,0,0
20,https://handlemyfile.com/ms/bandingkan-pdf,Bandingkan PDF - Cari Perbezaan Antara Dua PDF,text/html; charset=utf-8,false,200,0,https://handlemyfile.com/sitemap.xml,0,0,0,0,0,0,0,0
20,https://handlemyfile.com/cs/anonymizovat-pdf,Upravit PDF – Bezpečně zatemnit text a obrázky,text/html; charset=utf-8,false,200,0,https://handlemyfile.com/sitemap.xml,0,0,0,0,0,0,0,0
20,https://handlemyfile.com/da/besk-r-pdf-margener,Beskær hvide marginer fra PDF-sider gratis | HandleMyFile,text/html; charset=utf-8,false,200,0,https://handlemyfile.com/sitemap.xml,0,0,0,0,0,0,0,0
20,https://handlemyfile.com/pt/pdf-para-word-sem-perder-formata-o,Free PDF to Word Converter (.docx) Without Losing Formatting,text/html; charset=utf-8,false,200,0,https://handlemyfile.com/sitemap.xml,0,0,0,0,0,0,0,0
20,https://handlemyfile.com/ro/comparati-pdf,Comparați PDF - Găsiți diferențe între două fișiere PDF,text/html; charset=utf-8,false,200,0,https://handlemyfile.com/sitemap.xml,0,0,0,0,0,0,0,0
20,https://handlemyfile.com/fi/pakkaa-pdf-ilman-laadun-heikkenemista,Compress PDF Without Losing Quality - High Definition Los...,text/html; charset=utf-8,false,200,0,https://handlemyfile.com/sitemap.xml,0,0,0,0,0,0,0,0
20,https://handlemyfile.com/el/pdf-se-eikona,Μετατροπή PDF σε εικόνες JPG/PNG Online - Εξαγωγή σελίδων...,text/html; charset=utf-8,false,200,0,https://handlemyfile.com/sitemap.xml,0,0,0,0,0,0,0,0
20,https://handlemyfile.com/hu/pdf-b-l-word-be-a-form-z-s-elveszt-se-n-lk-l,Free PDF to Word Converter (.docx) Without Losing Formatting,text/html; charset=utf-8,false,200,0,https://handlemyfile.com/sitemap.xml,0,0,0,0,0,0,0,0
20,https://handlemyfile.com/tr/pdf-yazar-meta-verilerini-kald-r,Yazar Adını ve Gizli Meta Verileri PDF'den Kaldır,text/html; charset=utf-8,false,200,0,https://handlemyfile.com/sitemap.xml,0,0,0,0,0,0,0,0
20,https://handlemyfile.com/nl/tekst-naar-pdf,Converteer TXT online naar PDF - Platte tekst naar PDF-do...,text/html; charset=utf-8,false,200,0,https://handlemyfile.com/sitemap.xml,0,0,0,0,0,0,0,0
20,https://handlemyfile.com/hu/pdf-tomorites-minosegromlas-nelkul,Compress PDF Without Losing Quality - High Definition Los...,text/html; charset=utf-8,false,200,0,https://handlemyfile.com/sitemap.xml,0,0,0,0,0,0,0,0
20,https://handlemyfile.com/pl/redaguj-pdf,Redaguj plik PDF — bezpieczne zaciemnianie tekstu i obrazów,text/html; charset=utf-8,false,200,0,https://handlemyfile.com/sitemap.xml,0,0,0,0,0,0,0,0
20,https://handlemyfile.com/hi/piiddiieph-kii-tulnaa-kren,पीडीएफ की तुलना करें - दो पीडीएफ के बीच अंतर खोजें,text/html; charset=utf-8,false,200,0,https://handlemyfile.com/sitemap.xml,0,0,0,0,0,0,0,0
20,https://handlemyfile.com/cs/obrazek-do-pdf,Převést JPG a PNG do PDF online – obrázky do PDF lokálně,text/html; charset=utf-8,false,200,0,https://handlemyfile.com/sitemap.xml,0,0,0,0,0,0,0,0
20,https://handlemyfile.com/sk/excel-do-csv,Bezplatný prevodník Excel do CSV (.xlsx na .csv) – nulové...,text/html; charset=utf-8,false,200,0,https://handlemyfile.com/sitemap.xml,0,0,0,0,0,0,0,0
20,https://handlemyfile.com/vi/excel-sang-csv,Trình chuyển đổi Excel sang CSV miễn phí (.xlsx sang .csv...,text/html; charset=utf-8,false,200,0,https://handlemyfile.com/sitemap.xml,0,0,0,0,0,0,0,0
20,https://handlemyfile.com/ms/pdf-ke-ppt,PDF to PowerPoint Converter Percuma (.pptx) - Sifar Muat...,text/html; charset=utf-8,false,200,0,https://handlemyfile.com/sitemap.xml,0,0,0,0,0,0,0,0
20,https://handlemyfile.com/it/immagine-in-pdf,Converti JPG e PNG in PDF online - Immagini in PDF localm...,text/html; charset=utf-8,false,200,0,https://handlemyfile.com/sitemap.xml,0,0,0,0,0,0,0,0
20,https://handlemyfile.com/pt/ocr-pdf,OCR de navegador gratuito - Extraia texto de PDF e imagen...,text/html; charset=utf-8,false,200,0,https://handlemyfile.com/sitemap.xml,0,0,0,0,0,0,0,0
20,https://handlemyfile.com/uk/zminiti-rozmir-pdf,Зміна розміру PDF-сторінок - зміна розміру PDF-сторінки т...,text/html; charset=utf-8,false,200,0,https://handlemyfile.com/sitemap.xml,0,0,0,0,0,0,0,0
20,https://handlemyfile.com/nl/verklein-de-pdf-grootte-offline,Reduce PDF Size Offline | HandleMyFile,text/html; charset=utf-8,false,200,0,https://handlemyfile.com/sitemap.xml,0,0,0,0,0,0,0,0
20,https://handlemyfile.com/hi/eksel-se-siiesvii,निःशुल्क एक्सेल से सीएसवी कन्वर्टर (.xlsx से .csv) - शून्...,text/html; charset=utf-8,false,200,0,https://handlemyfile.com/sitemap.xml,0,0,0,0,0,0,0,0
20,https://handlemyfile.com/ro/elimina-metadatele-autorului-pdf,Eliminați numele autorului și metadatele ascunse din PDF,text/html; charset=utf-8,false,200,0,https://handlemyfile.com/sitemap.xml,0,0,0,0,0,0,0,0
20,https://handlemyfile.com/fr/compresser-pdf-pour-email,Compress PDF for Email - Shrink Large PDF Files under 25MB,text/html; charset=utf-8,false,200,0,https://handlemyfile.com/sitemap.xml,0,0,0,0,0,0,0,0
20,https://handlemyfile.com/zh/pdf-zhuan-tu-xiang,在线将 PDF 转换为 JPG/PNG 图像 - 将页面提取为 ZIP | HandleMyFile,text/html; charset=utf-8,false,200,0,https://handlemyfile.com/sitemap.xml,0,0,0,0,0,0,0,0
20,https://handlemyfile.com/uk/excel-u-csv,Безкоштовний конвертер Excel у CSV (.xlsx у .csv) - Нуль...,text/html; charset=utf-8,false,200,0,https://handlemyfile.com/sitemap.xml,0,0,0,0,0,0,0,0
20,https://handlemyfile.com/ru/izvlech-izobrazheniya-vysokogo-razresheniya-pdf,Извлекайте изображения высокого разрешения из PDF бесплатно,text/html; charset=utf-8,false,200,0,https://handlemyfile.com/sitemap.xml,0,0,0,0,0,0,0,0
20,https://handlemyfile.com/hu/nagy-felbont-s-k-pek-kibont-sa-pdf-ben,Nagy felbontású képek kibontása PDF-ből ingyenes,text/html; charset=utf-8,false,200,0,https://handlemyfile.com/sitemap.xml,0,0,0,0,0,0,0,0
20,https://handlemyfile.com/pl/pdf-do-ppt,Bezpłatny konwerter plików PDF do programu PowerPoint (.p...,text/html; charset=utf-8,false,200,0,https://handlemyfile.com/sitemap.xml,0,0,0,0,0,0,0,0
20,https://handlemyfile.com/zh/yasuo-pdf,在线压缩 PDF - 本地文件大小减少 60-90% | HandleMyFile,text/html; charset=utf-8,false,200,0,https://handlemyfile.com/sitemap.xml,0,0,0,0,0,0,0,0
20,https://handlemyfile.com/ru/udalit-metadannye-avtora-pdf,Удалить имя автора и скрытые метаданные из PDF,text/html; charset=utf-8,false,200,0,https://handlemyfile.com/sitemap.xml,0,0,0,0,0,0,0,0
20,https://handlemyfile.com/it/csv-in-excel,Convertitore gratuito da CSV a Excel (.xlsx) - Motore bro...,text/html; charset=utf-8,false,200,0,https://handlemyfile.com/sitemap.xml,0,0,0,0,0,0,0,0
20,https://handlemyfile.com/ro/redact-pdf,Redact PDF - Închideți în siguranță textul și imaginile,text/html; charset=utf-8,false,200,0,https://handlemyfile.com/sitemap.xml,0,0,0,0,0,0,0,0
20,https://handlemyfile.com/ru/szhat-pdf-bez-poteri-kachestva,Compress PDF Without Losing Quality - High Definition Los...,text/html; charset=utf-8,false,200,0,https://handlemyfile.com/sitemap.xml,0,0,0,0,0,0,0,0
20,https://handlemyfile.com/ar/csv-l~-excel,محول CSV إلى Excel مجاني (.xlsx) - محرك المتصفح الفوري,text/html; charset=utf-8,false,200,0,https://handlemyfile.com/sitemap.xml,0,0,0,0,0,0,0,0
20,https://handlemyfile.com/ro/ppt-in-pdf,Conversia PowerPoint în PDF - PPTX Slides în PDF local,text/html; charset=utf-8,false,200,0,https://handlemyfile.com/sitemap.xml,0,0,0,0,0,0,0,0
20,https://handlemyfile.com/uk/stysnuty-pdf-do-100kb,Compress PDF to 100KB - Online PDF Shrinker to 100KB,text/html; charset=utf-8,false,200,0,https://handlemyfile.com/sitemap.xml,0,0,0,0,0,0,0,0
20,https://handlemyfile.com/es/fusionar-archivos-pdf-sin-conexi-n,Fusionar archivos PDF sin conexión gratis | 100% seguro,text/html; charset=utf-8,false,200,0,https://handlemyfile.com/sitemap.xml,0,0,0,0,0,0,0,0
20,https://handlemyfile.com/ro/compara-i-vizual-fi-ierele-pdf,Comparați două fișiere PDF pentru diferențe vizuale,text/html; charset=utf-8,false,200,0,https://handlemyfile.com/sitemap.xml,0,0,0,0,0,0,0,0
20,https://handlemyfile.com/sk/komprimovat-pdf-na-100kb,Compress PDF to 100KB - Online PDF Shrinker to 100KB,text/html; charset=utf-8,false,200,0,https://handlemyfile.com/sitemap.xml,0,0,0,0,0,0,0,0
20,https://handlemyfile.com/ru/sravnit-pdf,Сравнить PDF – найти различия между двумя PDF-файлами,text/html; charset=utf-8,false,200,0,https://handlemyfile.com/sitemap.xml,0,0,0,0,0,0,0,0
20,https://handlemyfile.com/ro/ocr-pdf,OCR gratuit de browser - Extrageți text din PDF și imagin...,text/html; charset=utf-8,false,200,0,https://handlemyfile.com/sitemap.xml,0,0,0,0,0,0,0,0
20,https://handlemyfile.com/ko/pdf-bigyo,PDF 비교 - 두 PDF 간의 차이점 찾기 | HandleMyFile,text/html; charset=utf-8,false,200,0,https://handlemyfile.com/sitemap.xml,0,0,0,0,0,0,0,0
20,https://handlemyfile.com/th/ppt-epn-pdf,แปลง PowerPoint เป็น PDF - PPTX Slides เป็น PDF ในเครื่อง,text/html; charset=utf-8,false,200,0,https://handlemyfile.com/sitemap.xml,0,0,0,0,0,0,0,0
20,https://handlemyfile.com/no/excel-til-csv,Gratis Excel til CSV-konvertering (.xlsx til .csv) - Null...,text/html; charset=utf-8,false,200,0,https://handlemyfile.com/sitemap.xml,0,0,0,0,0,0,0,0
20,https://handlemyfile.com/da/reducere-pdf-st-rrelse-offline,Reduce PDF Size Offline | HandleMyFile,text/html; charset=utf-8,false,200,0,https://handlemyfile.com/sitemap.xml,0,0,0,0,0,0,0,0
20,https://handlemyfile.com/th/pdf-epnruupphaaph,แปลงรูปภาพ PDF เป็น JPG/PNG ออนไลน์ - แยกหน้าเป็น ZIP,text/html; charset=utf-8,false,200,0,https://handlemyfile.com/sitemap.xml,0,0,0,0,0,0,0,0
20,https://handlemyfile.com/hu/ppt-to-pdf,A PowerPoint konvertálása PDF formátumba – PPTX diák PDF...,text/html; charset=utf-8,false,200,0,https://handlemyfile.com/sitemap.xml,0,0,0,0,0,0,0,0
20,https://handlemyfile.com/it/pdf-in-scala-di-grigi,Converti PDF in scala di grigi: PDF in bianco e nero online,text/html; charset=utf-8,false,200,0,https://handlemyfile.com/sitemap.xml,0,0,0,0,0,0,0,0
20,https://handlemyfile.com/fr/extraire-des-images,Extraire des images d'un PDF - Enregistrer toutes les ima...,text/html; charset=utf-8,false,200,0,https://handlemyfile.com/sitemap.xml,0,0,0,0,0,0,0,0
20,https://handlemyfile.com/sv/extrahera-bilder,Extrahera bilder från PDF - Spara alla bilder från PDF,text/html; charset=utf-8,false,200,0,https://handlemyfile.com/sitemap.xml,0,0,0,0,0,0,0,0
20,https://handlemyfile.com/ms/csv-ke-excel,Penukar CSV ke Excel Percuma (.xlsx) - Enjin Penyemak Imb...,text/html; charset=utf-8,false,200,0,https://handlemyfile.com/sitemap.xml,0,0,0,0,0,0,0,0
20,https://handlemyfile.com/sv/minska-pdf-storlek-offline,Reduce PDF Size Offline | HandleMyFile,text/html; charset=utf-8,false,200,0,https://handlemyfile.com/sitemap.xml,0,0,0,0,0,0,0,0
20,https://handlemyfile.com/vi/so-sanh-pdf,So sánh PDF - Tìm sự khác biệt giữa hai tệp PDF,text/html; charset=utf-8,false,200,0,https://handlemyfile.com/sitemap.xml,0,0,0,0,0,0,0,0
20,https://handlemyfile.com/pt/remover-metadados-pdf,Remover metadados de PDF - Sanitizar propriedades online,text/html; charset=utf-8,false,200,0,https://handlemyfile.com/sitemap.xml,0,0,0,0,0,0,0,0
20,https://handlemyfile.com/fr/csv-vers-excel,Convertisseur CSV en Excel gratuit (.xlsx) - Moteur de na...,text/html; charset=utf-8,false,200,0,https://handlemyfile.com/sitemap.xml,0,0,0,0,0,0,0,0
20,https://handlemyfile.com/da/flette-pdf-filer-offline,Flet PDF-filer offline gratis | 100 % sikker | HandleMyFile,text/html; charset=utf-8,false,200,0,https://handlemyfile.com/sitemap.xml,0,0,0,0,0,0,0,0
20,https://handlemyfile.com/hi/piiddiieph-se-chvi,पीडीएफ को जेपीजी/पीएनजी छवियों में ऑनलाइन कनवर्ट करें - प...,text/html; charset=utf-8,false,200,0,https://handlemyfile.com/sitemap.xml,0,0,0,0,0,0,0,0
20,https://handlemyfile.com/tr/pdf-ye-tara,PDF'ye Tara - PDF'yi Düzenlenemez Hale Getirin ve Çevrimi...,text/html; charset=utf-8,false,200,0,https://handlemyfile.com/sitemap.xml,0,0,0,0,0,0,0,0
20,https://handlemyfile.com/da/udtr-k-billeder-i-h-j-opl-sning-pdf,Uddrag billeder i høj opløsning fra PDF gratis,text/html; charset=utf-8,false,200,0,https://handlemyfile.com/sitemap.xml,0,0,0,0,0,0,0,0
20,https://handlemyfile.com/es/pdf-a-word-sin-perder-formato,Convertir PDF a Word Gratis (.docx) Sin Perder Formato,text/html; charset=utf-8,false,200,0,https://handlemyfile.com/sitemap.xml,0,0,0,0,0,0,0,0
20,https://handlemyfile.com/ru/pdf-v-izobrazhenie,Конвертируйте PDF в изображения JPG/PNG онлайн — извлекай...,text/html; charset=utf-8,false,200,0,https://handlemyfile.com/sitemap.xml,0,0,0,0,0,0,0,0
20,https://handlemyfile.com/fr/texte-en-pdf,Convertir TXT en PDF en ligne - Texte brut en document PDF,text/html; charset=utf-8,false,200,0,https://handlemyfile.com/sitemap.xml,0,0,0,0,0,0,0,0
20,https://handlemyfile.com/nl/afbeelding-naar-pdf,Converteer JPG en PNG online naar PDF - Afbeeldingen loka...,text/html; charset=utf-8,false,200,0,https://handlemyfile.com/sitemap.xml,0,0,0,0,0,0,0,0
20,https://handlemyfile.com/th/ruupphaaphepn-pdf,แปลง JPG และ PNG เป็น PDF ออนไลน์ - รูปภาพเป็น PDF ในเครื่อง,text/html; charset=utf-8,false,200,0,https://handlemyfile.com/sitemap.xml,0,0,0,0,0,0,0,0
20,https://handlemyfile.com/zh/excel-zhuan-pdf,在线将 Excel 转换为 PDF - XLSX 和 XLS 本地转换为 PDF | HandleMyFile,text/html; charset=utf-8,false,200,0,https://handlemyfile.com/sitemap.xml,0,0,0,0,0,0,0,0
20,https://handlemyfile.com/ja/metadeta-sakujo,PDF メタデータを削除 - オンラインでプロパティをサニタイズ | HandleMyFile,text/html; charset=utf-8,false,200,0,https://handlemyfile.com/sitemap.xml,0,0,0,0,0,0,0,0
20,https://handlemyfile.com/es/redactar-pdf,Redactar PDF: bloquear texto e imágenes de forma segura,text/html; charset=utf-8,false,200,0,https://handlemyfile.com/sitemap.xml,0,0,0,0,0,0,0,0
20,https://handlemyfile.com/ru/dobavit-nomera-stranits-v-pdf-besplatno,Добавить номера страниц в PDF бесплатно | Без ограничений,text/html; charset=utf-8,false,200,0,https://handlemyfile.com/sitemap.xml,0,0,0,0,0,0,0,0
20,https://handlemyfile.com/nl/pdf-naar-word-zonder-de-opmaak-te-verliezen,Free PDF to Word Converter (.docx) Without Losing Formatting,text/html; charset=utf-8,false,200,0,https://handlemyfile.com/sitemap.xml,0,0,0,0,0,0,0,0
20,https://handlemyfile.com/pl/zeskanowany-plik-pdf-do-tekstu-ocr,Convert Scanned PDF to Text | HandleMyFile,text/html; charset=utf-8,false,200,0,https://handlemyfile.com/sitemap.xml,0,0,0,0,0,0,0,0
20,https://handlemyfile.com/id/kompres-pdf,Kompres PDF Online - Kurangi Ukuran File 60-90% Secara Lokal,text/html; charset=utf-8,false,200,0,https://handlemyfile.com/sitemap.xml,0,0,0,0,0,0,0,0
20,https://handlemyfile.com/no/sl-sammen-pdf-filer-offline,Slå sammen PDF-filer frakoblet Gratis | 100 % sikker,text/html; charset=utf-8,false,200,0,https://handlemyfile.com/sitemap.xml,0,0,0,0,0,0,0,0
20,https://handlemyfile.com/vi/trich-xuat-hinh-anh,Trích xuất hình ảnh từ PDF - Lưu tất cả hình ảnh từ PDF,text/html; charset=utf-8,false,200,0,https://handlemyfile.com/sitemap.xml,0,0,0,0,0,0,0,0
20,https://handlemyfile.com/pt/pdf-para-ppt,Conversor gratuito de PDF para PowerPoint (.pptx) - Zero...,text/html; charset=utf-8,false,200,0,https://handlemyfile.com/sitemap.xml,0,0,0,0,0,0,0,0
20,https://handlemyfile.com/tr/pdf-yi-yeniden-boyutlandir,PDF Sayfalarını Yeniden Boyutlandır - PDF Sayfa Boyutunu...,text/html; charset=utf-8,false,200,0,https://handlemyfile.com/sitemap.xml,0,0,0,0,0,0,0,0
20,https://handlemyfile.com/ko/scanned-pdf-to-text-ocr,Convert Scanned PDF to Text | HandleMyFile,text/html; charset=utf-8,false,200,0,https://handlemyfile.com/sitemap.xml,0,0,0,0,0,0,0,0
20,https://handlemyfile.com/cs/pdf-do-ppt,Bezplatný převodník PDF do PowerPointu (.pptx) – nulové n...,text/html; charset=utf-8,false,200,0,https://handlemyfile.com/sitemap.xml,0,0,0,0,0,0,0,0
20,https://handlemyfile.com/th/tat-khop-pdf,ครอบตัดขอบสีขาวจากหน้า PDF ฟรี | HandleMyFile,text/html; charset=utf-8,false,200,0,https://handlemyfile.com/sitemap.xml,0,0,0,0,0,0,0,0
20,https://handlemyfile.com/pt/mesclar-arquivos-pdf-off-line,Mesclar arquivos PDF off-line gratuitamente | 100% seguro,text/html; charset=utf-8,false,200,0,https://handlemyfile.com/sitemap.xml,0,0,0,0,0,0,0,0
20,https://handlemyfile.com/sk/odstr-ni-vodoznak-pdf-online,Odstrániť PDF vodoznak online zadarmo | Čisté súbory PDF,text/html; charset=utf-8,false,200,0,https://handlemyfile.com/sitemap.xml,0,0,0,0,0,0,0,0
20,https://handlemyfile.com/sv/txt-till-pdf,Konvertera TXT till PDF Online - Vanlig text till PDF-dok...,text/html; charset=utf-8,false,200,0,https://handlemyfile.com/sitemap.xml,0,0,0,0,0,0,0,0
20,https://handlemyfile.com/he/ppt-l-pdf,המרת PowerPoint ל-PDF - שקופיות PPTX ל-PDF באופן מקומי,text/html; charset=utf-8,false,200,0,https://handlemyfile.com/sitemap.xml,0,0,0,0,0,0,0,0
20,https://handlemyfile.com/el/excel-se-pdf,Μετατροπή Excel σε PDF Online - XLSX & XLS σε PDF τοπικά,text/html; charset=utf-8,false,200,0,https://handlemyfile.com/sitemap.xml,0,0,0,0,0,0,0,0
20,https://handlemyfile.com/de/bild-in-pdf,Konvertieren Sie JPG und PNG online in PDF – Bilder lokal...,text/html; charset=utf-8,false,200,0,https://handlemyfile.com/sitemap.xml,0,0,0,0,0,0,0,0
20,https://handlemyfile.com/ro/eliminati-metadatele,Eliminați metadatele PDF - Sanitize Properties Online,text/html; charset=utf-8,false,200,0,https://handlemyfile.com/sitemap.xml,0,0,0,0,0,0,0,0
20,https://handlemyfile.com/ar/qrn-pdf,قارن PDF - ابحث عن الاختلافات بين ملفي PDF | HandleMyFile,text/html; charset=utf-8,false,200,0,https://handlemyfile.com/sitemap.xml,0,0,0,0,0,0,0,0
20,https://handlemyfile.com/id/hapus-metadata-penulis-pdf,Hapus Nama Penulis dan Metadata Tersembunyi dari PDF,text/html; charset=utf-8,false,200,0,https://handlemyfile.com/sitemap.xml,0,0,0,0,0,0,0,0
20,https://handlemyfile.com/uk/vytyagty-zobrazhennya-vysokoyi-yakosti-pdf,Витягуйте зображення високої роздільної здатності з PDF б...,text/html; charset=utf-8,false,200,0,https://handlemyfile.com/sitemap.xml,0,0,0,0,0,0,0,0
20,https://handlemyfile.com/no/pdf-til-bilde,Konverter PDF til JPG/PNG-bilder online - Pakk ut sider t...,text/html; charset=utf-8,false,200,0,https://handlemyfile.com/sitemap.xml,0,0,0,0,0,0,0,0
20,https://handlemyfile.com/ja/pdf-peejibangou-tsuika-muryou,PDF にページ番号を無料で追加 | 制限なし | HandleMyFile,text/html; charset=utf-8,false,200,0,https://handlemyfile.com/sitemap.xml,0,0,0,0,0,0,0,0
20,https://handlemyfile.com/no/bilde-til-pdf,Konverter JPG og PNG til PDF Online - Bilder til PDF lokalt,text/html; charset=utf-8,false,200,0,https://handlemyfile.com/sitemap.xml,0,0,0,0,0,0,0,0
20,https://handlemyfile.com/ms/tambah-nombor-halaman-ke-pdf-percuma,Tambah Nombor Halaman ke PDF Percuma | Tiada Had,text/html; charset=utf-8,false,200,0,https://handlemyfile.com/sitemap.xml,0,0,0,0,0,0,0,0
20,https://handlemyfile.com/ja/txt-kara-pdf,オンラインで TXT を PDF に変換 - プレーン テキストから PDF ドキュメントへ,text/html; charset=utf-8,false,200,0,https://handlemyfile.com/sitemap.xml,0,0,0,0,0,0,0,0
20,https://handlemyfile.com/ro/extrage-imagini-de-nalt-rezolu-ie-pdf,Extrage gratuit imagini de înaltă rezoluție din PDF,text/html; charset=utf-8,false,200,0,https://handlemyfile.com/sitemap.xml,0,0,0,0,0,0,0,0
20,https://handlemyfile.com/scan-to-pdf,Scan to PDF - Make PDF Uneditable & Rasterize Online,text/html; charset=utf-8,false,200,0,https://handlemyfile.com/sitemap.xml,0,0,0,0,0,0,0,0
20,https://handlemyfile.com/excel-to-csv,Free Excel to CSV Converter (.xlsx to .csv) - Zero Uploads,text/html; charset=utf-8,false,200,0,https://handlemyfile.com/sitemap.xml,0,0,0,0,0,0,0,0
20,https://handlemyfile.com/fi/pura-kuvat,Pura kuvat PDF-tiedostosta - Tallenna kaikki kuvat PDF-ti...,text/html; charset=utf-8,false,200,0,https://handlemyfile.com/sitemap.xml,0,0,0,0,0,0,0,0
20,https://handlemyfile.com/hi/piiddiieph-pr-skain-kren,पीडीएफ को स्कैन करें - पीडीएफ को असंपादन योग्य बनाएं और ऑ...,text/html; charset=utf-8,false,200,0,https://handlemyfile.com/sitemap.xml,0,0,0,0,0,0,0,0
20,https://handlemyfile.com/sv/skannade-pdf-till-text-ocr,Convert Scanned PDF to Text | HandleMyFile,text/html; charset=utf-8,false,200,0,https://handlemyfile.com/sitemap.xml,0,0,0,0,0,0,0,0
20,https://handlemyfile.com/pl/odwroc-pdf,Odwróć strony PDF — zmień kolejność stron PDF w tył,text/html; charset=utf-8,false,200,0,https://handlemyfile.com/sitemap.xml,0,0,0,0,0,0,0,0
20,https://handlemyfile.com/ru/izmenenie-razmera-pdf,Изменение размера страниц PDF — изменение размера и полей...,text/html; charset=utf-8,false,200,0,https://handlemyfile.com/sitemap.xml,0,0,0,0,0,0,0,0
20,https://handlemyfile.com/pl/usu-znak-wodny-pdf-online,Usuń znak wodny PDF online za darmo | Wyczyść pliki PDF,text/html; charset=utf-8,false,200,0,https://handlemyfile.com/sitemap.xml,0,0,0,0,0,0,0,0
20,https://handlemyfile.com/vi/hinh-anh-sang-pdf,Chuyển đổi JPG & PNG sang PDF trực tuyến - Hình ảnh sang...,text/html; charset=utf-8,false,200,0,https://handlemyfile.com/sitemap.xml,0,0,0,0,0,0,0,0
20,https://handlemyfile.com/th/dungk-phap-khwam-la-iat-sung-pdf,แยกรูปภาพความละเอียดสูงจาก PDF ฟรี | HandleMyFile,text/html; charset=utf-8,false,200,0,https://handlemyfile.com/sitemap.xml,0,0,0,0,0,0,0,0
20,https://handlemyfile.com/id/ubah-ukuran-pdf,Ubah Ukuran Halaman PDF - Ubah Ukuran dan Margin Halaman PDF,text/html; charset=utf-8,false,200,0,https://handlemyfile.com/sitemap.xml,0,0,0,0,0,0,0,0
20,https://handlemyfile.com/uk/vidaliti-metadani,Видалити метадані PDF - очистити властивості онлайн,text/html; charset=utf-8,false,200,0,https://handlemyfile.com/sitemap.xml,0,0,0,0,0,0,0,0
20,https://handlemyfile.com/remove-pdf-metadata,Remove PDF Metadata - Sanitize Properties Online,text/html; charset=utf-8,false,200,0,https://handlemyfile.com/sitemap.xml,0,0,0,0,0,0,0,0
20,https://handlemyfile.com/ru/konvertirovat-skanirovannyi-pdf-v-tekst,Преобразование отсканированного PDF в текст с возможность...,text/html; charset=utf-8,false,200,0,https://handlemyfile.com/sitemap.xml,0,0,0,0,0,0,0,0
20,https://handlemyfile.com/fr/supprimer-le-filigrane-pdf-en-ligne,Supprimer le filigrane PDF en ligne gratuitement | Nettoy...,text/html; charset=utf-8,false,200,0,https://handlemyfile.com/sitemap.xml,0,0,0,0,0,0,0,0
20,https://handlemyfile.com/pt/excel-para-csv,Conversor gratuito de Excel para CSV (.xlsx para .csv) -...,text/html; charset=utf-8,false,200,0,https://handlemyfile.com/sitemap.xml,0,0,0,0,0,0,0,0
20,https://handlemyfile.com/pl/txt-do-pdf,Konwertuj TXT na PDF online — zwykły tekst na dokument PDF,text/html; charset=utf-8,false,200,0,https://handlemyfile.com/sitemap.xml,0,0,0,0,0,0,0,0
20,https://handlemyfile.com/hi/grayscale-pdf-for-printing-hi,मुद्रण के लिए रंगीन पीडीएफ को ग्रेस्केल में बदलें,text/html; charset=utf-8,false,200,0,https://handlemyfile.com/sitemap.xml,0,0,0,0,0,0,0,0
20,https://handlemyfile.com/ja/pdf-kogaashitsu-gazo-chushutsu,PDFから高解像度画像を無料で抽出 | HandleMyFile,text/html; charset=utf-8,false,200,0,https://handlemyfile.com/sitemap.xml,0,0,0,0,0,0,0,0
20,https://handlemyfile.com/cs/naskenovan-pdf-do-textu-ocr,Convert Scanned PDF to Text | HandleMyFile,text/html; charset=utf-8,false,200,0,https://handlemyfile.com/sitemap.xml,0,0,0,0,0,0,0,0
20,https://handlemyfile.com/pt/pdf-em-tons-de-cinza,Converter PDF em escala de cinza - PDF em preto e branco...,text/html; charset=utf-8,false,200,0,https://handlemyfile.com/sitemap.xml,0,0,0,0,0,0,0,0
20,https://handlemyfile.com/nl/gescande-pdf-naar-tekst-ocr,Convert Scanned PDF to Text | HandleMyFile,text/html; charset=utf-8,false,200,0,https://handlemyfile.com/sitemap.xml,0,0,0,0,0,0,0,0
20,https://handlemyfile.com/es/pdf-a-ppt,Convertidor gratuito de PDF a PowerPoint (.pptx): cero ca...,text/html; charset=utf-8,false,200,0,https://handlemyfile.com/sitemap.xml,0,0,0,0,0,0,0,0
20,https://handlemyfile.com/it/comprimi-pdf-per-email,Compress PDF for Email - Shrink Large PDF Files under 25MB,text/html; charset=utf-8,false,200,0,https://handlemyfile.com/sitemap.xml,0,0,0,0,0,0,0,0
20,https://handlemyfile.com/nl/pdf-comprimeren-voor-email,Compress PDF for Email - Shrink Large PDF Files under 25MB,text/html; charset=utf-8,false,200,0,https://handlemyfile.com/sitemap.xml,0,0,0,0,0,0,0,0
20,https://handlemyfile.com/es/cambiar-el-tamano-del-pdf,Cambiar el tamaño de las páginas PDF: cambiar el tamaño y...,text/html; charset=utf-8,false,200,0,https://handlemyfile.com/sitemap.xml,0,0,0,0,0,0,0,0
20,https://handlemyfile.com/fi/muuta-pdf-kokoa,Muuta PDF-sivujen kokoa - Muuta PDF-sivun kokoa ja margin...,text/html; charset=utf-8,false,200,0,https://handlemyfile.com/sitemap.xml,0,0,0,0,0,0,0,0
20,https://handlemyfile.com/fr/fusionner-des-fichiers-pdf-hors-ligne,Fusionner des fichiers PDF hors ligne gratuitement | 100%...,text/html; charset=utf-8,false,200,0,https://handlemyfile.com/sitemap.xml,0,0,0,0,0,0,0,0
20,https://handlemyfile.com/ja/pdf-yohaku-torimingu,PDFページから白い余白を無料でトリミング | HandleMyFile,text/html; charset=utf-8,false,200,0,https://handlemyfile.com/sitemap.xml,0,0,0,0,0,0,0,0
20,https://handlemyfile.com/fr/comparer-pdf,Comparer des PDF - Trouver les différences entre deux PDF,text/html; charset=utf-8,false,200,0,https://handlemyfile.com/sitemap.xml,0,0,0,0,0,0,0,0
20,https://handlemyfile.com/no/endre-storrelse-pa-pdf,Endre størrelse på PDF-sider - Endre PDF-sidestørrelse og...,text/html; charset=utf-8,false,200,0,https://handlemyfile.com/sitemap.xml,0,0,0,0,0,0,0,0
20,https://handlemyfile.com/ru/excel-v-pdf,Конвертируйте Excel в PDF онлайн — XLSX и XLS в PDF локально,text/html; charset=utf-8,false,200,0,https://handlemyfile.com/sitemap.xml,0,0,0,0,0,0,0,0
20,https://handlemyfile.com/de/pdf-in-word-umwandeln-ohne-dass-die-formatierung-verloren-geht,Free PDF to Word Converter (.docx) Without Losing Formatting,text/html; charset=utf-8,false,200,0,https://handlemyfile.com/sitemap.xml,0,0,0,0,0,0,0,0
20,https://handlemyfile.com/sv/ta-bort-pdf-vattenst-mpel-online,Ta bort PDF Watermark Online Gratis | Rengör PDF-filer,text/html; charset=utf-8,false,200,0,https://handlemyfile.com/sitemap.xml,0,0,0,0,0,0,0,0
20,https://handlemyfile.com/it/estrarre-immagini-ad-alta-risoluzione-pdf,Estrai immagini ad alta risoluzione da PDF gratuitamente,text/html; charset=utf-8,false,200,0,https://handlemyfile.com/sitemap.xml,0,0,0,0,0,0,0,0
20,https://handlemyfile.com/hi/remove-pdf-author-metadata-hi,पीडीएफ से लेखक का नाम और छिपा हुआ मेटाडेटा हटाएं,text/html; charset=utf-8,false,200,0,https://handlemyfile.com/sitemap.xml,0,0,0,0,0,0,0,0
20,https://handlemyfile.com/es/comprimir-pdf-para-correo,Compress PDF for Email - Shrink Large PDF Files under 25MB,text/html; charset=utf-8,false,200,0,https://handlemyfile.com/sitemap.xml,0,0,0,0,0,0,0,0
20,https://handlemyfile.com/el/katargisi-metadedomenon,Κατάργηση μεταδεδομένων PDF - Sanitize Properties Online,text/html; charset=utf-8,false,200,0,https://handlemyfile.com/sitemap.xml,0,0,0,0,0,0,0,0
20,https://handlemyfile.com/nl/ppt-naar-pdf,Converteer PowerPoint naar PDF - PPTX-dia's lokaal naar PDF,text/html; charset=utf-8,false,200,0,https://handlemyfile.com/sitemap.xml,0,0,0,0,0,0,0,0
20,https://handlemyfile.com/hi/piiddiieph-kaa-aakaar-bdlen,पीडीएफ पेजों का आकार बदलें - पीडीएफ पेज का आकार और मार्जि...,text/html; charset=utf-8,false,200,0,https://handlemyfile.com/sitemap.xml,0,0,0,0,0,0,0,0
20,https://handlemyfile.com/da/omvendt-pdf,Omvendt PDF-sider - Skift PDF-siderækkefølge baglæns,text/html; charset=utf-8,false,200,0,https://handlemyfile.com/sitemap.xml,0,0,0,0,0,0,0,0
20,https://handlemyfile.com/nl/vergelijk-pdf-bestanden-visueel,Vergelijk twee PDF-bestanden op visuele verschillen,text/html; charset=utf-8,false,200,0,https://handlemyfile.com/sitemap.xml,0,0,0,0,0,0,0,0
20,https://handlemyfile.com/ro/comprimare-pdf,Comprimați PDF online - Reduceți dimensiunea fișierului c...,text/html; charset=utf-8,false,200,0,https://handlemyfile.com/sitemap.xml,0,0,0,0,0,0,0,0
20,https://handlemyfile.com/pt/pdf-digitalizado-para-texto-ocr,Convert Scanned PDF to Text | HandleMyFile,text/html; charset=utf-8,false,200,0,https://handlemyfile.com/sitemap.xml,0,0,0,0,0,0,0,0
20,https://handlemyfile.com/ro/comprimare-pdf-la-100kb,Compress PDF to 100KB - Online PDF Shrinker to 100KB,text/html; charset=utf-8,false,200,0,https://handlemyfile.com/sitemap.xml,0,0,0,0,0,0,0,0
20,https://handlemyfile.com/cs/pdf-k-obrazku,Převod obrázků PDF do JPG/PNG online – Extrahujte stránky...,text/html; charset=utf-8,false,200,0,https://handlemyfile.com/sitemap.xml,0,0,0,0,0,0,0,0
20,https://handlemyfile.com/el/sympiesi-pdf-gia-email,Compress PDF for Email - Shrink Large PDF Files under 25MB,text/html; charset=utf-8,false,200,0,https://handlemyfile.com/sitemap.xml,0,0,0,0,0,0,0,0
20,https://handlemyfile.com/nl/vergelijk-pdf,Vergelijk PDF - Vind verschillen tussen twee PDF's,text/html; charset=utf-8,false,200,0,https://handlemyfile.com/sitemap.xml,0,0,0,0,0,0,0,0
20,https://handlemyfile.com/ja/guresukeru-pdf,PDF をグレースケールに変換 - オンラインで白黒 PDF | HandleMyFile,text/html; charset=utf-8,false,200,0,https://handlemyfile.com/sitemap.xml,0,0,0,0,0,0,0,0
20,https://handlemyfile.com/cs/stupne-sedi-pdf,Převést PDF do stupňů šedi – černobílé PDF online,text/html; charset=utf-8,false,200,0,https://handlemyfile.com/sitemap.xml,0,0,0,0,0,0,0,0
20,https://handlemyfile.com/sk/odstr-ni-metad-ta-autora-pdf,Odstráňte meno autora a skryté metadáta z PDF | HandleMyFile,text/html; charset=utf-8,false,200,0,https://handlemyfile.com/sitemap.xml,0,0,0,0,0,0,0,0
20,https://handlemyfile.com/cs/pdf-ve-stupn-ch-edi-pro-tisk,Převést barevné PDF na stupně šedi pro tisk | HandleMyFile,text/html; charset=utf-8,false,200,0,https://handlemyfile.com/sitemap.xml,0,0,0,0,0,0,0,0
20,https://handlemyfile.com/zh/sao-miao-wei-pdf,扫描到 PDF - 使 PDF 不可编辑并在线光栅化 | HandleMyFile,text/html; charset=utf-8,false,200,0,https://handlemyfile.com/sitemap.xml,0,0,0,0,0,0,0,0
20,https://handlemyfile.com/pl/pdf-w-skali-szaro-ci-do-druku,Konwertuj kolorowy plik PDF na skalę szarości w celu druk...,text/html; charset=utf-8,false,200,0,https://handlemyfile.com/sitemap.xml,0,0,0,0,0,0,0,0
20,https://handlemyfile.com/ar/qwt-ldfaa-lshaaby-l~-ppt,محول PDF إلى PowerPoint مجاني (.pptx) - صفر تحميلات,text/html; charset=utf-8,false,200,0,https://handlemyfile.com/sitemap.xml,0,0,0,0,0,0,0,0
20,https://handlemyfile.com/fi/skannattu-pdf-tekstiksi-ocr,Convert Scanned PDF to Text | HandleMyFile,text/html; charset=utf-8,false,200,0,https://handlemyfile.com/sitemap.xml,0,0,0,0,0,0,0,0
20,https://handlemyfile.com/th/o-chii-aar-pdf,OCR เบราว์เซอร์ฟรี - แยกข้อความจาก PDF และรูปภาพที่สแกน,text/html; charset=utf-8,false,200,0,https://handlemyfile.com/sitemap.xml,0,0,0,0,0,0,0,0
20,https://handlemyfile.com/da/excel-til-csv,Gratis Excel til CSV-konvertering (.xlsx til .csv) - Nul...,text/html; charset=utf-8,false,200,0,https://handlemyfile.com/sitemap.xml,0,0,0,0,0,0,0,0
20,https://handlemyfile.com/ko/pumjil-sonsil-eopsi-pdf-apchuk,Compress PDF Without Losing Quality - High Definition Los...,text/html; charset=utf-8,false,200,0,https://handlemyfile.com/sitemap.xml,0,0,0,0,0,0,0,0
20,https://handlemyfile.com/tr/resimden-pdf-e,JPG ve PNG'yi Çevrimiçi Olarak PDF'ye Dönüştürün - Görünt...,text/html; charset=utf-8,false,200,0,https://handlemyfile.com/sitemap.xml,0,0,0,0,0,0,0,0
20,https://handlemyfile.com/id/excel-ke-pdf,Konversi Excel ke PDF Online - XLSX & XLS ke PDF Secara L...,text/html; charset=utf-8,false,200,0,https://handlemyfile.com/sitemap.xml,0,0,0,0,0,0,0,0
20,https://handlemyfile.com/ja/pdf-sukyan-tekisuto-henkan,スキャンした PDF を検索可能なテキストに変換 | 無料のOCR | HandleMyFile,text/html; charset=utf-8,false,200,0,https://handlemyfile.com/sitemap.xml,0,0,0,0,0,0,0,0
20,https://handlemyfile.com/no/konvertere-skannet-pdf-til-tekst,Konverter skannet PDF til søkbar tekst | Gratis OCR,text/html; charset=utf-8,false,200,0,https://handlemyfile.com/sitemap.xml,0,0,0,0,0,0,0,0
20,https://handlemyfile.com/it/riduci-le-dimensioni-del-pdf-offline,Reduce PDF Size Offline | HandleMyFile,text/html; charset=utf-8,false,200,0,https://handlemyfile.com/sitemap.xml,0,0,0,0,0,0,0,0
20,https://handlemyfile.com/vi/excel-sang-pdf,Chuyển đổi Excel sang PDF trực tuyến - XLSX & XLS sang PD...,text/html; charset=utf-8,false,200,0,https://handlemyfile.com/sitemap.xml,0,0,0,0,0,0,0,0
20,https://handlemyfile.com/da/fjerne-pdf-forfatter-metadata,Fjern forfatternavn og skjulte metadata fra PDF,text/html; charset=utf-8,false,200,0,https://handlemyfile.com/sitemap.xml,0,0,0,0,0,0,0,0
20,https://handlemyfile.com/pt/comprimir-pdf,Compactar PDF Online - Reduza o tamanho do arquivo em 60-...,text/html; charset=utf-8,false,200,0,https://handlemyfile.com/sitemap.xml,0,0,0,0,0,0,0,0
20,https://handlemyfile.com/uk/vydalyty-metadani-avtora-pdf,Видаліть ім’я автора та приховані метадані з PDF,text/html; charset=utf-8,false,200,0,https://handlemyfile.com/sitemap.xml,0,0,0,0,0,0,0,0
20,https://handlemyfile.com/ru/szhat-pdf,Сжимайте PDF онлайн — уменьшите размер файла на 60–90% ло...,text/html; charset=utf-8,false,200,0,https://handlemyfile.com/sitemap.xml,0,0,0,0,0,0,0,0
20,https://handlemyfile.com/sv/pdf-till-bild,Konvertera PDF till JPG/PNG-bilder online - Extrahera sid...,text/html; charset=utf-8,false,200,0,https://handlemyfile.com/sitemap.xml,0,0,0,0,0,0,0,0
20,https://handlemyfile.com/zh/csv-dao-excel,免费 CSV 到 Excel 转换器 (.xlsx) - 即时浏览器引擎 | HandleMyFile,text/html; charset=utf-8,false,200,0,https://handlemyfile.com/sitemap.xml,0,0,0,0,0,0,0,0
20,https://handlemyfile.com/ja/pdf-kara-gazo,オンラインで PDF を JPG/PNG 画像に変換 - ページを ZIP に抽出 | HandleMyFile,text/html; charset=utf-8,false,200,0,https://handlemyfile.com/sitemap.xml,0,0,0,0,0,0,0,0
20,https://handlemyfile.com/hi/riektt-piiddiieph,Redact PDF - टेक्स्ट और छवियों को सुरक्षित रूप से ब्लैकआउ...,text/html; charset=utf-8,false,200,0,https://handlemyfile.com/sitemap.xml,0,0,0,0,0,0,0,0
20,https://handlemyfile.com/no/trekke-ut-h-yoppl-selige-bilder-pdf,Pakk ut høyoppløselige bilder fra PDF gratis | HandleMyFile,text/html; charset=utf-8,false,200,0,https://handlemyfile.com/sitemap.xml,0,0,0,0,0,0,0,0
20,https://handlemyfile.com/fi/pienenn-pdf-kokoa-offline-tilassa,Reduce PDF Size Offline | HandleMyFile,text/html; charset=utf-8,false,200,0,https://handlemyfile.com/sitemap.xml,0,0,0,0,0,0,0,0
20,https://handlemyfile.com/ko/pdf-jakseongja-metadeiteo-jegeo,PDF에서 작성자 이름 및 숨겨진 메타데이터 제거 | HandleMyFile,text/html; charset=utf-8,false,200,0,https://handlemyfile.com/sitemap.xml,0,0,0,0,0,0,0,0
20,https://handlemyfile.com/ms/gabungkan-fail-pdf-di-luar-talian,Gabungkan Fail PDF Luar Talian Percuma | 100% Selamat,text/html; charset=utf-8,false,200,0,https://handlemyfile.com/sitemap.xml,0,0,0,0,0,0,0,0
20,https://handlemyfile.com/pl/wyodr-bnij-obrazy-pdf-w-wysokiej-rozdzielczo-ci,Wyodrębnij obrazy w wysokiej rozdzielczości z plików PDF...,text/html; charset=utf-8,false,200,0,https://handlemyfile.com/sitemap.xml,0,0,0,0,0,0,0,0
20,https://handlemyfile.com/no/fjern-pdf-forfattermetadata,Fjern forfatternavn og skjulte metadata fra PDF,text/html; charset=utf-8,false,200,0,https://handlemyfile.com/sitemap.xml,0,0,0,0,0,0,0,0
20,https://handlemyfile.com/uk/excel-v-pdf,Конвертуйте Excel у PDF онлайн - XLSX і XLS у PDF локально,text/html; charset=utf-8,false,200,0,https://handlemyfile.com/sitemap.xml,0,0,0,0,0,0,0,0
20,https://handlemyfile.com/fr/compresser-pdf-sans-perte-de-qualite,Compress PDF Without Losing Quality - High Definition Los...,text/html; charset=utf-8,false,200,0,https://handlemyfile.com/sitemap.xml,0,0,0,0,0,0,0,0
20,https://handlemyfile.com/ms/imbas-ke-pdf,Imbas ke PDF - Jadikan PDF Tidak Boleh Diedit & Rasterize...,text/html; charset=utf-8,false,200,0,https://handlemyfile.com/sitemap.xml,0,0,0,0,0,0,0,0
20,https://handlemyfile.com/hu/szkennelt-pdf-sz-vegg-ocr,Convert Scanned PDF to Text | HandleMyFile,text/html; charset=utf-8,false,200,0,https://handlemyfile.com/sitemap.xml,0,0,0,0,0,0,0,0
20,https://handlemyfile.com/pt/ppt-para-pdf,Converta PowerPoint para PDF - Slides PPTX para PDF local...,text/html; charset=utf-8,false,200,0,https://handlemyfile.com/sitemap.xml,0,0,0,0,0,0,0,0
20,https://handlemyfile.com/zh/cai-jian-pdf-bian-ju,免费从 PDF 页面裁剪白边 | HandleMyFile,text/html; charset=utf-8,false,200,0,https://handlemyfile.com/sitemap.xml,0,0,0,0,0,0,0,0
20,https://handlemyfile.com/de/pdf-komprimieren,PDF online komprimieren – Dateigröße lokal um 60–90 % red...,text/html; charset=utf-8,false,200,0,https://handlemyfile.com/sitemap.xml,0,0,0,0,0,0,0,0
20,https://handlemyfile.com/ms/ubah-saiz-pdf,Saiz semula Halaman PDF - Tukar Saiz Halaman PDF dan Margin,text/html; charset=utf-8,false,200,0,https://handlemyfile.com/sitemap.xml,0,0,0,0,0,0,0,0
20,https://handlemyfile.com/id/menggabungkan-file-pdf-secara-offline,Gabungkan File PDF Offline Gratis | 100% Aman | HandleMyFile,text/html; charset=utf-8,false,200,0,https://handlemyfile.com/sitemap.xml,0,0,0,0,0,0,0,0
20,https://handlemyfile.com/pt/pdf-para-imagem,Converta PDF em imagens JPG/PNG online - Extraia páginas...,text/html; charset=utf-8,false,200,0,https://handlemyfile.com/sitemap.xml,0,0,0,0,0,0,0,0
20,https://handlemyfile.com/da/gr-toner-pdf-til-udskrivning,Konverter farve PDF til gråtoner til udskrivning,text/html; charset=utf-8,false,200,0,https://handlemyfile.com/sitemap.xml,0,0,0,0,0,0,0,0
20,https://handlemyfile.com/no/sammenligne-pdf-filer-visuelt,Sammenlign to PDF-filer for visuelle forskjeller,text/html; charset=utf-8,false,200,0,https://handlemyfile.com/sitemap.xml,0,0,0,0,0,0,0,0
20,https://handlemyfile.com/fi/ppt-pdf,Muunna PowerPoint PDF-muotoon - PPTX-diat PDF-muotoon pai...,text/html; charset=utf-8,false,200,0,https://handlemyfile.com/sitemap.xml,0,0,0,0,0,0,0,0
20,https://handlemyfile.com/ko/pdfreul-pptro,무료 PDF를 PowerPoint 변환기(.pptx)로 변환 - 업로드 없음 | HandleMyFile,text/html; charset=utf-8,false,200,0,https://handlemyfile.com/sitemap.xml,0,0,0,0,0,0,0,0
20,https://handlemyfile.com/nl/extract-hoge-resolutie-afbeeldingen-pdf,Extraheer afbeeldingen met hoge resolutie uit PDF Gratis,text/html; charset=utf-8,false,200,0,https://handlemyfile.com/sitemap.xml,0,0,0,0,0,0,0,0
20,https://handlemyfile.com/uk/stysnuty-pdf-dlya-email,Compress PDF for Email - Shrink Large PDF Files under 25MB,text/html; charset=utf-8,false,200,0,https://handlemyfile.com/sitemap.xml,0,0,0,0,0,0,0,0
20,https://handlemyfile.com/ar/qas-hawamish-pdf,قص الهوامش البيضاء من صفحات PDF مجانًا | HandleMyFile,text/html; charset=utf-8,false,200,0,https://handlemyfile.com/sitemap.xml,0,0,0,0,0,0,0,0
20,https://handlemyfile.com/he/hithukh-shulayim-pdf,חיתוך שוליים לבנים מדפי PDF בחינם | HandleMyFile,text/html; charset=utf-8,false,200,0,https://handlemyfile.com/sitemap.xml,0,0,0,0,0,0,0,0
20,https://handlemyfile.com/ko/pdf-peiji-beonho-chuga-muryo,무료로 PDF에 페이지 번호 추가 | 제한 없음 | HandleMyFile,text/html; charset=utf-8,false,200,0,https://handlemyfile.com/sitemap.xml,0,0,0,0,0,0,0,0
20,https://handlemyfile.com/zh/shan-chu-pdf-zuo-zhe-yuan-shu-ju,从 PDF 中删除作者姓名和隐藏元数据 | HandleMyFile,text/html; charset=utf-8,false,200,0,https://handlemyfile.com/sitemap.xml,0,0,0,0,0,0,0,0
20,https://handlemyfile.com/remove-pdf-author-metadata,Remove Author Name and Hidden Metadata from PDF,text/html; charset=utf-8,false,200,0,https://handlemyfile.com/sitemap.xml,0,0,0,0,0,0,0,0
20,https://handlemyfile.com/ro/imagine-in-pdf,Conversia JPG și PNG în PDF online - Imagini în PDF local,text/html; charset=utf-8,false,200,0,https://handlemyfile.com/sitemap.xml,0,0,0,0,0,0,0,0
20,https://handlemyfile.com/da/aendr-storrelse-pa-pdf,Ændre størrelse på PDF-sider - Skift PDF-sidestørrelse og...,text/html; charset=utf-8,false,200,0,https://handlemyfile.com/sitemap.xml,0,0,0,0,0,0,0,0
20,https://handlemyfile.com/it/pdf-ocr,OCR browser gratuito: estrae testo da PDF e immagini scan...,text/html; charset=utf-8,false,200,0,https://handlemyfile.com/sitemap.xml,0,0,0,0,0,0,0,0
20,https://handlemyfile.com/zh/wen-zi-shi-bie-pdf,免费浏览器 OCR - 从扫描的 PDF 和图像中提取文本 | HandleMyFile,text/html; charset=utf-8,false,200,0,https://handlemyfile.com/sitemap.xml,0,0,0,0,0,0,0,0
20,https://handlemyfile.com/tr/pdf-den-goruntuye,PDF'yi Çevrimiçi Olarak JPG/PNG Görüntülerine Dönüştürün...,text/html; charset=utf-8,false,200,0,https://handlemyfile.com/sitemap.xml,0,0,0,0,0,0,0,0
20,https://handlemyfile.com/pl/pdf-ocr,Darmowy OCR w przeglądarce — wyodrębnij tekst ze zeskanow...,text/html; charset=utf-8,false,200,0,https://handlemyfile.com/sitemap.xml,0,0,0,0,0,0,0,0
20,https://handlemyfile.com/el/klimaka-toy-gkri-pdf,Μετατροπή PDF σε κλίμακα του γκρι - Ασπρόμαυρο PDF Online,text/html; charset=utf-8,false,200,0,https://handlemyfile.com/sitemap.xml,0,0,0,0,0,0,0,0
20,https://handlemyfile.com/fi/harmaas-vyinen-pdf-tulostukseen,Muunna värillinen PDF harmaasävyiksi tulostamista varten,text/html; charset=utf-8,false,200,0,https://handlemyfile.com/sitemap.xml,0,0,0,0,0,0,0,0
20,https://handlemyfile.com/de/pdf-umkehren,PDF-Seiten umkehren – PDF-Seitenreihenfolge rückwärts ändern,text/html; charset=utf-8,false,200,0,https://handlemyfile.com/sitemap.xml,0,0,0,0,0,0,0,0
20,https://handlemyfile.com/el/allagi-megethoys-pdf,Αλλαγή μεγέθους σελίδων PDF - Αλλαγή μεγέθους σελίδας PDF...,text/html; charset=utf-8,false,200,0,https://handlemyfile.com/sitemap.xml,0,0,0,0,0,0,0,0
20,https://handlemyfile.com/pdf-to-ppt,Free PDF to PowerPoint Converter (.pptx) - Zero Uploads,text/html; charset=utf-8,false,200,0,https://handlemyfile.com/sitemap.xml,0,0,0,0,0,0,0,0
20,https://handlemyfile.com/fr/r-duire-la-taille-du-pdf-hors-ligne,Reduce PDF Size Offline | HandleMyFile,text/html; charset=utf-8,false,200,0,https://handlemyfile.com/sitemap.xml,0,0,0,0,0,0,0,0
20,https://handlemyfile.com/pt/redimensionar-pdf,Redimensionar páginas PDF - Alterar tamanho e margens da...,text/html; charset=utf-8,false,200,0,https://handlemyfile.com/sitemap.xml,0,0,0,0,0,0,0,0
20,https://handlemyfile.com/grayscale-pdf-for-printing,Convert Color PDF to Grayscale for Printing | HandleMyFile,text/html; charset=utf-8,false,200,0,https://handlemyfile.com/sitemap.xml,0,0,0,0,0,0,0,0
20,https://handlemyfile.com/ja/csv-kara-excel,無料の CSV から Excel コンバーター (.xlsx) - インスタント ブラウザ エンジン,text/html; charset=utf-8,false,200,0,https://handlemyfile.com/sitemap.xml,0,0,0,0,0,0,0,0
20,https://handlemyfile.com/ko/seukaen-pdf-tekseuteu-byeonhwan,스캔한 PDF를 검색 가능한 텍스트로 변환 | 무료 OCR | HandleMyFile,text/html; charset=utf-8,false,200,0,https://handlemyfile.com/sitemap.xml,0,0,0,0,0,0,0,0
20,https://handlemyfile.com/ja/excel-kara-pdf,オンラインで Excel を PDF に変換 - XLSX および XLS をローカルで PDF に,text/html; charset=utf-8,false,200,0,https://handlemyfile.com/sitemap.xml,0,0,0,0,0,0,0,0
20,https://handlemyfile.com/ko/imijireul-pdfro,온라인에서 JPG 및 PNG를 PDF로 변환 - 이미지를 로컬에서 PDF로 변환 | HandleMyFile,text/html; charset=utf-8,false,200,0,https://handlemyfile.com/sitemap.xml,0,0,0,0,0,0,0,0
20,https://handlemyfile.com/ja/reduce-pdf-size-offline,Reduce PDF Size Offline | HandleMyFile,text/html; charset=utf-8,false,200,0,https://handlemyfile.com/sitemap.xml,0,0,0,0,0,0,0,0
20,https://handlemyfile.com/zh/txt-zhuan-pdf,在线将 TXT 转换为 PDF - 纯文本到 PDF 文档 | HandleMyFile,text/html; charset=utf-8,false,200,0,https://handlemyfile.com/sitemap.xml,0,0,0,0,0,0,0,0
20,https://handlemyfile.com/no/sammenlign-pdf,Sammenlign PDF - Finn forskjeller mellom to PDF-er,text/html; charset=utf-8,false,200,0,https://handlemyfile.com/sitemap.xml,0,0,0,0,0,0,0,0
20,https://handlemyfile.com/hu/pdf-v-zjel-elt-vol-t-sa-online,PDF vízjel eltávolítása online ingyenes | Tisztítsa meg a...,text/html; charset=utf-8,false,200,0,https://handlemyfile.com/sitemap.xml,0,0,0,0,0,0,0,0
20,https://handlemyfile.com/id/ambil-gambar-dari-pdf,Ekstrak Gambar dari PDF - Simpan Semua Gambar dari PDF,text/html; charset=utf-8,false,200,0,https://handlemyfile.com/sitemap.xml,0,0,0,0,0,0,0,0
20,https://handlemyfile.com/ru/pechat-serogo-pdf,Преобразование цветного PDF в оттенки серого для печати,text/html; charset=utf-8,false,200,0,https://handlemyfile.com/sitemap.xml,0,0,0,0,0,0,0,0
20,https://handlemyfile.com/th/epriiybethiiyb-pdf,เปรียบเทียบ PDF - ค้นหาความแตกต่างระหว่างสอง PDF,text/html; charset=utf-8,false,200,0,https://handlemyfile.com/sitemap.xml,0,0,0,0,0,0,0,0
20,https://handlemyfile.com/da/komprimer-pdf,Komprimer PDF online - Reducer filstørrelsen med 60-90 %...,text/html; charset=utf-8,false,200,0,https://handlemyfile.com/sitemap.xml,0,0,0,0,0,0,0,0
20,https://handlemyfile.com/ms/pangkas-pdf-margin,Pangkas Margin Putih daripada Halaman PDF Percuma,text/html; charset=utf-8,false,200,0,https://handlemyfile.com/sitemap.xml,0,0,0,0,0,0,0,0
20,https://handlemyfile.com/el/ppt-se-pdf,Μετατροπή PowerPoint σε PDF - Διαφάνειες PPTX σε PDF Τοπικά,text/html; charset=utf-8,false,200,0,https://handlemyfile.com/sitemap.xml,0,0,0,0,0,0,0,0
20,https://handlemyfile.com/tr/pdf-dosyalar-n-evrimd-birle-tirme,PDF Dosyalarını Çevrimdışı Ücretsiz Birleştir | %100 Güvenli,text/html; charset=utf-8,false,200,0,https://handlemyfile.com/sitemap.xml,0,0,0,0,0,0,0,0
20,https://handlemyfile.com/ro/excel-in-csv,Convertor gratuit Excel în CSV (.xlsx în .csv) - Încărcăr...,text/html; charset=utf-8,false,200,0,https://handlemyfile.com/sitemap.xml,0,0,0,0,0,0,0,0
20,https://handlemyfile.com/he/hasarat-siman-mayim-pdf-online,הסר סימן מים PDF באינטרנט בחינם | קובצי PDF נקיים,text/html; charset=utf-8,false,200,0,https://handlemyfile.com/sitemap.xml,0,0,0,0,0,0,0,0
20,https://handlemyfile.com/de/pdf-komprimieren-ohne-qualitaetsverlust,Compress PDF Without Losing Quality - High Definition Los...,text/html; charset=utf-8,false,200,0,https://handlemyfile.com/sitemap.xml,0,0,0,0,0,0,0,0
20,https://handlemyfile.com/tr/pdf-ye-cretsiz-sayfa-numaralar-ekleme,PDF'ye Ücretsiz Sayfa Numaraları Ekleme | Sınır Yok,text/html; charset=utf-8,false,200,0,https://handlemyfile.com/sitemap.xml,0,0,0,0,0,0,0,0
20,https://handlemyfile.com/pt/excel-para-pdf,Converta Excel para PDF Online - XLSX e XLS para PDF loca...,text/html; charset=utf-8,false,200,0,https://handlemyfile.com/sitemap.xml,0,0,0,0,0,0,0,0
20,https://handlemyfile.com/da/txt-til-pdf,Konverter TXT til PDF online - almindelig tekst til PDF-d...,text/html; charset=utf-8,false,200,0,https://handlemyfile.com/sitemap.xml,0,0,0,0,0,0,0,0
20,https://handlemyfile.com/de/ocr-pdf,Kostenlose Browser-OCR – Text aus gescannten PDFs und Bil...,text/html; charset=utf-8,false,200,0,https://handlemyfile.com/sitemap.xml,0,0,0,0,0,0,0,0
20,https://handlemyfile.com/de/entfernen-sie-die-metadaten-des-pdf-autors,Entfernen Sie den Autorennamen und versteckte Metadaten a...,text/html; charset=utf-8,false,200,0,https://handlemyfile.com/sitemap.xml,0,0,0,0,0,0,0,0
20,https://handlemyfile.com/sv/j-mf-ra-pdf-filer-visuellt,Jämför två PDF-filer för visuella skillnader | HandleMyFile,text/html; charset=utf-8,false,200,0,https://handlemyfile.com/sitemap.xml,0,0,0,0,0,0,0,0
20,https://handlemyfile.com/fr/recadrer-les-marges-du-pdf,Recadrer les marges blanches des pages PDF gratuitement,text/html; charset=utf-8,false,200,0,https://handlemyfile.com/sitemap.xml,0,0,0,0,0,0,0,0
20,https://handlemyfile.com/pt/extrair-imagens-em-alta-resolu-o-pdf,Extraia imagens de alta resolução de PDF gratuitamente,text/html; charset=utf-8,false,200,0,https://handlemyfile.com/sitemap.xml,0,0,0,0,0,0,0,0
20,https://handlemyfile.com/el/gkri-klimaka-pdf-ektyposi,Μετατροπή έγχρωμου PDF σε κλίμακα του γκρι για εκτύπωση,text/html; charset=utf-8,false,200,0,https://handlemyfile.com/sitemap.xml,0,0,0,0,0,0,0,0
20,https://handlemyfile.com/it/ridimensiona-pdf,Ridimensiona le pagine PDF: modifica le dimensioni e i ma...,text/html; charset=utf-8,false,200,0,https://handlemyfile.com/sitemap.xml,0,0,0,0,0,0,0,0
20,https://handlemyfile.com/ja/ppt-kara-pdf,PowerPoint を PDF に変換 - PPTX スライドをローカルで PDF に | HandleMyFile,text/html; charset=utf-8,false,200,0,https://handlemyfile.com/sitemap.xml,0,0,0,0,0,0,0,0
20,https://handlemyfile.com/sk/anonymizovat-pdf,Redigovať PDF – bezpečne začierniť text a obrázky,text/html; charset=utf-8,false,200,0,https://handlemyfile.com/sitemap.xml,0,0,0,0,0,0,0,0
20,https://handlemyfile.com/ar/muqaranat-malaffat-pdf-basariyan,قارن بين ملفين PDF للاختلافات المرئية | HandleMyFile,text/html; charset=utf-8,false,200,0,https://handlemyfile.com/sitemap.xml,0,0,0,0,0,0,0,0
20,https://handlemyfile.com/el/sarosi-se-pdf,Σάρωση σε PDF - Κάντε το PDF μη επεξεργάσιμο & Rasterize...,text/html; charset=utf-8,false,200,0,https://handlemyfile.com/sitemap.xml,0,0,0,0,0,0,0,0
20,https://handlemyfile.com/pl/zmien-rozmiar-pliku-pdf,Zmień rozmiar stron PDF — zmień rozmiar i marginesy stron...,text/html; charset=utf-8,false,200,0,https://handlemyfile.com/sitemap.xml,0,0,0,0,0,0,0,0
20,https://handlemyfile.com/crop-pdf-margins,Crop White Margins from PDF Pages Free | HandleMyFile,text/html; charset=utf-8,false,200,0,https://handlemyfile.com/sitemap.xml,0,0,0,0,0,0,0,0
20,https://handlemyfile.com/cs/porovnejte-soubory-pdf-vizu-ln,Porovnejte dva soubory PDF pro vizuální rozdíly,text/html; charset=utf-8,false,200,0,https://handlemyfile.com/sitemap.xml,0,0,0,0,0,0,0,0
20,https://handlemyfile.com/id/kompres-pdf-untuk-email,Compress PDF for Email - Shrink Large PDF Files under 25MB,text/html; charset=utf-8,false,200,0,https://handlemyfile.com/sitemap.xml,0,0,0,0,0,0,0,0
20,https://handlemyfile.com/ar/pdf-word,Free PDF to Word Converter (.docx) Without Losing Formatting,text/html; charset=utf-8,false,200,0,https://handlemyfile.com/sitemap.xml,0,0,0,0,0,0,0,0
20,https://handlemyfile.com/tr/pdf-dosyalar-n-g-rsel-olarak-kar-la-t-r-n,Görsel Farklılıklar Açısından İki PDF Dosyasını Karşılaşt...,text/html; charset=utf-8,false,200,0,https://handlemyfile.com/sitemap.xml,0,0,0,0,0,0,0,0
20,https://handlemyfile.com/vi/tr-ch-xu-t-h-nh-nh-ph-n-gi-i-cao-pdf,Trích xuất hình ảnh có độ phân giải cao từ PDF miễn phí,text/html; charset=utf-8,false,200,0,https://handlemyfile.com/sitemap.xml,0,0,0,0,0,0,0,0
20,https://handlemyfile.com/ru/izvlech-izobrazheniya,Извлечение изображений из PDF — сохранение всех изображен...,text/html; charset=utf-8,false,200,0,https://handlemyfile.com/sitemap.xml,0,0,0,0,0,0,0,0
20,https://handlemyfile.com/cs/p-idat-sla-str-nek-do-pdf-zdarma,Přidat čísla stránek do PDF zdarma | Žádné limity,text/html; charset=utf-8,false,200,0,https://handlemyfile.com/sitemap.xml,0,0,0,0,0,0,0,0
20,https://handlemyfile.com/he/rykt-pdf,עריכת PDF - הסרה מאובטחת של טקסט ותמונות | HandleMyFile,text/html; charset=utf-8,false,200,0,https://handlemyfile.com/sitemap.xml,0,0,0,0,0,0,0,0
20,https://handlemyfile.com/fr/pdf-en-niveaux-de-gris-pour-l-impression,Convertir un PDF couleur en niveaux de gris pour l'impres...,text/html; charset=utf-8,false,200,0,https://handlemyfile.com/sitemap.xml,0,0,0,0,0,0,0,0
20,https://handlemyfile.com/el/afairesi-metadedomenon-syggrafea-pdf,Καταργήστε το όνομα του συγγραφέα και τα κρυφά μεταδεδομέ...,text/html; charset=utf-8,false,200,0,https://handlemyfile.com/sitemap.xml,0,0,0,0,0,0,0,0
20,https://handlemyfile.com/sk/prida-sla-str-n-do-pdf-zadarmo,Pridať čísla strán do PDF zadarmo | Žiadne limity,text/html; charset=utf-8,false,200,0,https://handlemyfile.com/sitemap.xml,0,0,0,0,0,0,0,0
20,https://handlemyfile.com/de/pdf-wasserzeichen-online-entfernen,PDF-Wasserzeichen online kostenlos entfernen | Saubere PDFs,text/html; charset=utf-8,false,200,0,https://handlemyfile.com/sitemap.xml,0,0,0,0,0,0,0,0
20,https://handlemyfile.com/es/texto-a-pdf,Convierta TXT a PDF en línea: texto sin formato a documen...,text/html; charset=utf-8,false,200,0,https://handlemyfile.com/sitemap.xml,0,0,0,0,0,0,0,0
20,https://handlemyfile.com/hi/remove-pdf-watermark-online-hi,पीडीएफ वॉटरमार्क ऑनलाइन नि:शुल्क हटाएं | पीडीएफ साफ़ करें,text/html; charset=utf-8,false,200,0,https://handlemyfile.com/sitemap.xml,0,0,0,0,0,0,0,0
20,https://handlemyfile.com/hu/t-vol-tsa-el-a-pdf-szerz-metaadatait,Távolítsa el a szerző nevét és a rejtett metaadatokat a P...,text/html; charset=utf-8,false,200,0,https://handlemyfile.com/sitemap.xml,0,0,0,0,0,0,0,0
20,https://handlemyfile.com/vi/quet-sang-pdf,Quét sang PDF - Tạo PDF không thể chỉnh sửa & Rasterize t...,text/html; charset=utf-8,false,200,0,https://handlemyfile.com/sitemap.xml,0,0,0,0,0,0,0,0
20,https://handlemyfile.com/hi/quality-khoye-bina-pdf-compress-kare,Compress PDF Without Losing Quality - High Definition Los...,text/html; charset=utf-8,false,200,0,https://handlemyfile.com/sitemap.xml,0,0,0,0,0,0,0,0
20,https://handlemyfile.com/ms/pdf-songsang,Songsang Halaman PDF - Tukar Susunan Halaman PDF ke Belakang,text/html; charset=utf-8,false,200,0,https://handlemyfile.com/sitemap.xml,0,0,0,0,0,0,0,0
20,https://handlemyfile.com/fr/excel-vers-csv,Convertisseur gratuit Excel en CSV (.xlsx en .csv) - Zéro...,text/html; charset=utf-8,false,200,0,https://handlemyfile.com/sitemap.xml,0,0,0,0,0,0,0,0
20,https://handlemyfile.com/ar/tnqyh-pdf,تنقيح PDF - تعتيم النصوص والصور بشكل آمن | HandleMyFile,text/html; charset=utf-8,false,200,0,https://handlemyfile.com/sitemap.xml,0,0,0,0,0,0,0,0
20,https://handlemyfile.com/hu/pdf-to-image,PDF konvertálása JPG/PNG képek formátumba online - Oldala...,text/html; charset=utf-8,false,200,0,https://handlemyfile.com/sitemap.xml,0,0,0,0,0,0,0,0
20,https://handlemyfile.com/hu/ocr-pdf,Ingyenes böngésző OCR - Szöveg kivonat a beolvasott PDF-b...,text/html; charset=utf-8,false,200,0,https://handlemyfile.com/sitemap.xml,0,0,0,0,0,0,0,0
20,https://handlemyfile.com/ms/imej-ke-pdf,Tukar JPG & PNG kepada PDF Dalam Talian - Imej kepada PDF...,text/html; charset=utf-8,false,200,0,https://handlemyfile.com/sitemap.xml,0,0,0,0,0,0,0,0
20,https://handlemyfile.com/zh/zai-xian-shan-chu-pdf-shui-yin,Remove PDF Watermark Online Free | Clean PDFs | HandleMyFile,text/html; charset=utf-8,false,200,0,https://handlemyfile.com/sitemap.xml,0,0,0,0,0,0,0,0
20,https://handlemyfile.com/he/dchisat-pdf-lelo-ovdan-eichut,Compress PDF Without Losing Quality - High Definition Los...,text/html; charset=utf-8,false,200,0,https://handlemyfile.com/sitemap.xml,0,0,0,0,0,0,0,0
20,https://handlemyfile.com/es/comparar-pdf,Comparar PDF: encuentre diferencias entre dos archivos PDF,text/html; charset=utf-8,false,200,0,https://handlemyfile.com/sitemap.xml,0,0,0,0,0,0,0,0
20,https://handlemyfile.com/id/ekstrak-gambar-resolusi-tinggi-pdf,Ekstrak Gambar Resolusi Tinggi dari PDF Gratis,text/html; charset=utf-8,false,200,0,https://handlemyfile.com/sitemap.xml,0,0,0,0,0,0,0,0
20,https://handlemyfile.com/vi/nen-pdf-cho-email,Compress PDF for Email - Shrink Large PDF Files under 25MB,text/html; charset=utf-8,false,200,0,https://handlemyfile.com/sitemap.xml,0,0,0,0,0,0,0,0
20,https://handlemyfile.com/hi/piipiittii-se-piiddiieph,पावरपॉइंट को पीडीएफ में बदलें - पीपीटीएक्स स्लाइड्स को स्...,text/html; charset=utf-8,false,200,0,https://handlemyfile.com/sitemap.xml,0,0,0,0,0,0,0,0
20,https://handlemyfile.com/es/eliminar-marca-de-agua-de-pdf-en-l-nea,Eliminar marca de agua de PDF en línea gratis | Limpiar a...,text/html; charset=utf-8,false,200,0,https://handlemyfile.com/sitemap.xml,0,0,0,0,0,0,0,0
20,https://handlemyfile.com/resize-pdf,Resize PDF Pages - Change PDF Page Size and Margins,text/html; charset=utf-8,false,200,0,https://handlemyfile.com/sitemap.xml,0,0,0,0,0,0,0,0
20,https://handlemyfile.com/hu/image-to-pdf,JPG és PNG konvertálása PDF formátumba online - Képek hel...,text/html; charset=utf-8,false,200,0,https://handlemyfile.com/sitemap.xml,0,0,0,0,0,0,0,0
20,https://handlemyfile.com/uk/ocr-pdf,Безкоштовне оптичне розпізнавання символів у веб-перегляд...,text/html; charset=utf-8,false,200,0,https://handlemyfile.com/sitemap.xml,0,0,0,0,0,0,0,0
20,https://handlemyfile.com/uk/porivnyati-pdf,Порівняти PDF - знайти відмінності між двома PDF-файлами,text/html; charset=utf-8,false,200,0,https://handlemyfile.com/sitemap.xml,0,0,0,0,0,0,0,0
20,https://handlemyfile.com/cs/komprimovat-pdf,Komprimujte PDF online – zmenšete velikost souboru o 60–9...,text/html; charset=utf-8,false,200,0,https://handlemyfile.com/sitemap.xml,0,0,0,0,0,0,0,0
20,https://handlemyfile.com/ro/decupa-i-marginile-pdf,Decupați marjele albe din paginile PDF gratuit,text/html; charset=utf-8,false,200,0,https://handlemyfile.com/sitemap.xml,0,0,0,0,0,0,0,0
20,https://handlemyfile.com/sv/extrahera-h-guppl-sta-bilder-pdf,Extrahera högupplösta bilder från PDF gratis | HandleMyFile,text/html; charset=utf-8,false,200,0,https://handlemyfile.com/sitemap.xml,0,0,0,0,0,0,0,0
20,https://handlemyfile.com/id/memindai-pdf-ke-teks-ocr,Konversi PDF Hasil Scan ke Teks Online (OCR Gratis),text/html; charset=utf-8,false,200,0,https://handlemyfile.com/sitemap.xml,0,0,0,0,0,0,0,0
20,https://handlemyfile.com/he/hiluts-tmunot-beikhut-gvoha-pdf,חלץ תמונות ברזולוציה גבוהה מ-PDF בחינם | HandleMyFile,text/html; charset=utf-8,false,200,0,https://handlemyfile.com/sitemap.xml,0,0,0,0,0,0,0,0
20,https://handlemyfile.com/uk/pdf-v-zobrazhennya,Перетворюйте зображення PDF у JPG/PNG онлайн – видобувайт...,text/html; charset=utf-8,false,200,0,https://handlemyfile.com/sitemap.xml,0,0,0,0,0,0,0,0
20,https://handlemyfile.com/sk/extrahovat-obrazky,Extrahovať obrázky z PDF - Uložiť všetky obrázky z PDF,text/html; charset=utf-8,false,200,0,https://handlemyfile.com/sitemap.xml,0,0,0,0,0,0,0,0
20,https://handlemyfile.com/uk/stysnuty-pdf,Стисніть PDF в Інтернеті - зменшіть розмір файлу на 60-90...,text/html; charset=utf-8,false,200,0,https://handlemyfile.com/sitemap.xml,0,0,0,0,0,0,0,0
20,https://handlemyfile.com/compare-pdf-files-visually,Compare Two PDF Files for Visual Differences | HandleMyFile,text/html; charset=utf-8,false,200,0,https://handlemyfile.com/sitemap.xml,0,0,0,0,0,0,0,0
20,https://handlemyfile.com/id/ppt-ke-pdf,Konversi PowerPoint ke PDF - Slide PPTX ke PDF Secara Lokal,text/html; charset=utf-8,false,200,0,https://handlemyfile.com/sitemap.xml,0,0,0,0,0,0,0,0
20,https://handlemyfile.com/uk/pdf-v-ppt,Безкоштовний конвертер PDF у PowerPoint (.pptx) – нульове...,text/html; charset=utf-8,false,200,0,https://handlemyfile.com/sitemap.xml,0,0,0,0,0,0,0,0
20,https://handlemyfile.com/he/hasarat-metanethei-mehabber-pdf,הסר את שם המחבר ומטא נתונים מוסתרים מ-PDF | HandleMyFile,text/html; charset=utf-8,false,200,0,https://handlemyfile.com/sitemap.xml,0,0,0,0,0,0,0,0
20,https://handlemyfile.com/hu/remove-metadata,PDF-metaadatok eltávolítása – Tulajdonságok fertőtlenítés...,text/html; charset=utf-8,false,200,0,https://handlemyfile.com/sitemap.xml,0,0,0,0,0,0,0,0
20,https://handlemyfile.com/hi/txt-se-piiddiieph,TXT को ऑनलाइन पीडीएफ में बदलें - सादा पाठ को पीडीएफ दस्ता...,text/html; charset=utf-8,false,200,0,https://handlemyfile.com/sitemap.xml,0,0,0,0,0,0,0,0
20,https://handlemyfile.com/ru/pdf-word,Free PDF to Word Converter (.docx) Without Losing Formatting,text/html; charset=utf-8,false,200,0,https://handlemyfile.com/sitemap.xml,0,0,0,0,0,0,0,0
20,https://handlemyfile.com/es/excel-a-csv,Convertidor gratuito de Excel a CSV (.xlsx a .csv): cero...,text/html; charset=utf-8,false,200,0,https://handlemyfile.com/sitemap.xml,0,0,0,0,0,0,0,0
20,https://handlemyfile.com/cs/skenovani-do-pdf,Skenování do PDF – Udělejte PDF neupravitelným a rastrujt...,text/html; charset=utf-8,false,200,0,https://handlemyfile.com/sitemap.xml,0,0,0,0,0,0,0,0
20,https://handlemyfile.com/extract-images-from-pdf,Extract Images from PDF - Save All Pictures from PDF,text/html; charset=utf-8,false,200,0,https://handlemyfile.com/sitemap.xml,0,0,0,0,0,0,0,0
20,https://handlemyfile.com/zh/tu-hei-pdf,编辑 PDF - 安全地遮蔽文本和图像 | HandleMyFile,text/html; charset=utf-8,false,200,0,https://handlemyfile.com/sitemap.xml,0,0,0,0,0,0,0,0
20,https://handlemyfile.com/el/sympiesi-pdf-xoris-apoleia-poiotitas,Compress PDF Without Losing Quality - High Definition Los...,text/html; charset=utf-8,false,200,0,https://handlemyfile.com/sitemap.xml,0,0,0,0,0,0,0,0
20,https://handlemyfile.com/th/pdf-radabsiiethaa,แปลง PDF เป็นโทนสีเทา - PDF ขาวดำออนไลน์ | HandleMyFile,text/html; charset=utf-8,false,200,0,https://handlemyfile.com/sitemap.xml,0,0,0,0,0,0,0,0
20,https://handlemyfile.com/sv/pdf-till-ppt,Gratis PDF till PowerPoint Converter (.pptx) - Noll uppla...,text/html; charset=utf-8,false,200,0,https://handlemyfile.com/sitemap.xml,0,0,0,0,0,0,0,0
20,https://handlemyfile.com/he/dchisat-pdf,דחוס PDF באינטרנט - צמצם את גודל הקובץ ב-60-90% באופן מקומי,text/html; charset=utf-8,false,200,0,https://handlemyfile.com/sitemap.xml,0,0,0,0,0,0,0,0
20,https://handlemyfile.com/ru/txt-v-pdf,Конвертировать TXT в PDF онлайн — обычный текст в PDF-док...,text/html; charset=utf-8,false,200,0,https://handlemyfile.com/sitemap.xml,0,0,0,0,0,0,0,0
20,https://handlemyfile.com/sk/previes-naskenovan-pdf-na-text,Previesť naskenované PDF na vyhľadávateľný text | OCR zad...,text/html; charset=utf-8,false,200,0,https://handlemyfile.com/sitemap.xml,0,0,0,0,0,0,0,0
20,https://handlemyfile.com/ar/ltaarf-ldwy-y-aal~-lhrwf-pdf,متصفح مجاني للتعرف الضوئي على الحروف - استخراج النص من مل...,text/html; charset=utf-8,false,200,0,https://handlemyfile.com/sitemap.xml,0,0,0,0,0,0,0,0
20,https://handlemyfile.com/de/vergleichen-sie-pdf-dateien-visuell,Vergleichen Sie zwei PDF-Dateien auf visuelle Unterschiede,text/html; charset=utf-8,false,200,0,https://handlemyfile.com/sitemap.xml,0,0,0,0,0,0,0,0
20,https://handlemyfile.com/sk/zmenit-velkost-pdf,Zmeniť veľkosť strán PDF – Zmeniť veľkosť a okraje stránk...,text/html; charset=utf-8,false,200,0,https://handlemyfile.com/sitemap.xml,0,0,0,0,0,0,0,0
20,https://handlemyfile.com/fr/ppt-en-pdf,Convertir PowerPoint en PDF - Diapositives PPTX en PDF lo...,text/html; charset=utf-8,false,200,0,https://handlemyfile.com/sitemap.xml,0,0,0,0,0,0,0,0
20,https://handlemyfile.com/fr/supprimer-les-m-tadonn-es-de-l-auteur-du-pdf,Supprimer le nom de l'auteur et les métadonnées masquées...,text/html; charset=utf-8,false,200,0,https://handlemyfile.com/sitemap.xml,0,0,0,0,0,0,0,0
20,https://handlemyfile.com/el/sygkrisi-pdf,Συγκρίνετε PDF - Βρείτε τις διαφορές μεταξύ δύο αρχείων PDF,text/html; charset=utf-8,false,200,0,https://handlemyfile.com/sitemap.xml,0,0,0,0,0,0,0,0
20,https://handlemyfile.com/ja/email-yow-pdf-asshuku,Compress PDF for Email - Shrink Large PDF Files under 25MB,text/html; charset=utf-8,false,200,0,https://handlemyfile.com/sitemap.xml,0,0,0,0,0,0,0,0
20,https://handlemyfile.com/es/comparar-archivos-pdf-visualmente,Compare dos archivos PDF para detectar diferencias visuales,text/html; charset=utf-8,false,200,0,https://handlemyfile.com/sitemap.xml,0,0,0,0,0,0,0,0
20,https://handlemyfile.com/hu/pdf-tomorites,PDF online tömörítése – Csökkentse a fájlméretet 60-90%-k...,text/html; charset=utf-8,false,200,0,https://handlemyfile.com/sitemap.xml,0,0,0,0,0,0,0,0
20,https://handlemyfile.com/it/excel-in-csv,Convertitore gratuito da Excel a CSV (da .xlsx a .csv) -...,text/html; charset=utf-8,false,200,0,https://handlemyfile.com/sitemap.xml,0,0,0,0,0,0,0,0
20,https://handlemyfile.com/hu/a-pdf-m-ret-nek-cs-kkent-se-offline-m-dban,Reduce PDF Size Offline | HandleMyFile,text/html; charset=utf-8,false,200,0,https://handlemyfile.com/sitemap.xml,0,0,0,0,0,0,0,0
20,https://handlemyfile.com/tr/y-ksek-z-n-rl-kl-g-r-nt-leri-pdf-olarak-kar-n,PDF'den Yüksek Çözünürlüklü Görüntüleri Ücretsiz Çıkarın,text/html; charset=utf-8,false,200,0,https://handlemyfile.com/sitemap.xml,0,0,0,0,0,0,0,0
20,https://handlemyfile.com/hi/siiesvii-se-eksel,निःशुल्क सीएसवी से एक्सेल कन्वर्टर (.xlsx) - त्वरित ब्राउ...,text/html; charset=utf-8,false,200,0,https://handlemyfile.com/sitemap.xml,0,0,0,0,0,0,0,0
20,https://handlemyfile.com/ru/obrezat-polya-pdf,Обрезать белые поля на страницах PDF бесплатно,text/html; charset=utf-8,false,200,0,https://handlemyfile.com/sitemap.xml,0,0,0,0,0,0,0,0
20,https://handlemyfile.com/ja/pdf-suminuri,PDF を墨消し - テキストと画像を安全に黒く塗りつぶします | HandleMyFile,text/html; charset=utf-8,false,200,0,https://handlemyfile.com/sitemap.xml,0,0,0,0,0,0,0,0
20,https://handlemyfile.com/de/excel-in-pdf,Konvertieren Sie Excel online in PDF – XLSX und XLS lokal...,text/html; charset=utf-8,false,200,0,https://handlemyfile.com/sitemap.xml,0,0,0,0,0,0,0,0
20,https://handlemyfile.com/pl/kompresuj-pdf,Kompresuj pliki PDF online — zmniejsz rozmiar pliku lokal...,text/html; charset=utf-8,false,200,0,https://handlemyfile.com/sitemap.xml,0,0,0,0,0,0,0,0
20,https://handlemyfile.com/vi/thay-doi-kich-thuoc-pdf,Thay đổi kích thước trang PDF - Thay đổi kích thước và lề...,text/html; charset=utf-8,false,200,0,https://handlemyfile.com/sitemap.xml,0,0,0,0,0,0,0,0
20,https://handlemyfile.com/ms/excel-kepada-pdf,Tukar Excel kepada PDF Dalam Talian - XLSX & XLS kepada P...,text/html; charset=utf-8,false,200,0,https://handlemyfile.com/sitemap.xml,0,0,0,0,0,0,0,0
20,https://handlemyfile.com/ru/obedinenie-pdf-failov-offline,Объединение PDF-файлов в автономном режиме бесплатно | 10...,text/html; charset=utf-8,false,200,0,https://handlemyfile.com/sitemap.xml,0,0,0,0,0,0,0,0
20,https://handlemyfile.com/el/perikopi-perithorion-pdf,Περικοπή λευκών περιθωρίων από σελίδες PDF Δωρεάν,text/html; charset=utf-8,false,200,0,https://handlemyfile.com/sitemap.xml,0,0,0,0,0,0,0,0
20,https://handlemyfile.com/de/pdf-komprimieren-fuer-email,Compress PDF for Email - Shrink Large PDF Files under 25MB,text/html; charset=utf-8,false,200,0,https://handlemyfile.com/sitemap.xml,0,0,0,0,0,0,0,0
20,https://handlemyfile.com/nl/verwijder-de-metadata-van-de-pdf-auteur,Verwijder de auteursnaam en verborgen metadata uit PDF,text/html; charset=utf-8,false,200,0,https://handlemyfile.com/sitemap.xml,0,0,0,0,0,0,0,0
20,https://handlemyfile.com/th/scanned-pdf-to-text-ocr,Convert Scanned PDF to Text | HandleMyFile,text/html; charset=utf-8,false,200,0,https://handlemyfile.com/sitemap.xml,0,0,0,0,0,0,0,0
20,https://handlemyfile.com/ar/damj-malaffat-pdf-offline,دمج ملفات PDF دون اتصال بالإنترنت مجانًا | آمن بنسبة 100%,text/html; charset=utf-8,false,200,0,https://handlemyfile.com/sitemap.xml,0,0,0,0,0,0,0,0
20,https://handlemyfile.com/fr/extraire-des-images-haute-r-solution-pdf,Extraire gratuitement des images haute résolution à parti...,text/html; charset=utf-8,false,200,0,https://handlemyfile.com/sitemap.xml,0,0,0,0,0,0,0,0
20,https://handlemyfile.com/de/ppt-in-pdf,Konvertieren Sie PowerPoint in PDF – PPTX-Folien lokal in...,text/html; charset=utf-8,false,200,0,https://handlemyfile.com/sitemap.xml,0,0,0,0,0,0,0,0
20,https://handlemyfile.com/fi/pdf-wordiksi-menett-m-tt-muotoilua,Free PDF to Word Converter (.docx) Without Losing Formatting,text/html; charset=utf-8,false,200,0,https://handlemyfile.com/sitemap.xml,0,0,0,0,0,0,0,0
20,https://handlemyfile.com/pt/comprimir-pdf-para-100kb,Compress PDF to 100KB - Online PDF Shrinker to 100KB,text/html; charset=utf-8,false,200,0,https://handlemyfile.com/sitemap.xml,0,0,0,0,0,0,0,0
20,https://handlemyfile.com/ja/pdf-sukashi-sakujo-onrain,PDF透かしをオンラインで無料で削除 | クリーンな PDF | HandleMyFile,text/html; charset=utf-8,false,200,0,https://handlemyfile.com/sitemap.xml,0,0,0,0,0,0,0,0
20,https://handlemyfile.com/ms/ocr-pdf,OCR Pelayar Percuma - Ekstrak Teks daripada PDF & Imej Di...,text/html; charset=utf-8,false,200,0,https://handlemyfile.com/sitemap.xml,0,0,0,0,0,0,0,0
20,https://handlemyfile.com/uk/pdf,Перетворення відсканованого PDF-файлу на текст із можливі...,text/html; charset=utf-8,false,200,0,https://handlemyfile.com/sitemap.xml,0,0,0,0,0,0,0,0
20,https://handlemyfile.com/cs/zmen-it-velikost-pdf-offline,Reduce PDF Size Offline | HandleMyFile,text/html; charset=utf-8,false,200,0,https://handlemyfile.com/sitemap.xml,0,0,0,0,0,0,0,0
20,https://handlemyfile.com/it/comprimi-pdf-senza-perdere-qualita,Compress PDF Without Losing Quality - High Definition Los...,text/html; charset=utf-8,false,200,0,https://handlemyfile.com/sitemap.xml,0,0,0,0,0,0,0,0
20,https://handlemyfile.com/de/pdf-vergleichen,PDF vergleichen - Unterschiede zwischen zwei PDFs finden,text/html; charset=utf-8,false,200,0,https://handlemyfile.com/sitemap.xml,0,0,0,0,0,0,0,0
20,https://handlemyfile.com/sv/bild-till-pdf,Konvertera JPG & PNG till PDF Online - Bilder till PDF lo...,text/html; charset=utf-8,false,200,0,https://handlemyfile.com/sitemap.xml,0,0,0,0,0,0,0,0
20,https://handlemyfile.com/da/fjern-pdf-vandm-rke-online,Fjern PDF Vandmærke Online Gratis | Rens PDF-filer,text/html; charset=utf-8,false,200,0,https://handlemyfile.com/sitemap.xml,0,0,0,0,0,0,0,0
20,https://handlemyfile.com/no/txt-til-pdf,Konverter TXT til PDF Online - Ren tekst til PDF-dokument,text/html; charset=utf-8,false,200,0,https://handlemyfile.com/sitemap.xml,0,0,0,0,0,0,0,0
20,https://handlemyfile.com/he/pdf,המרת PDF סרוק לטקסט הניתן לחיפוש | OCR בחינם | HandleMyFile,text/html; charset=utf-8,false,200,0,https://handlemyfile.com/sitemap.xml,0,0,0,0,0,0,0,0
20,https://handlemyfile.com/el/txt-se-pdf,Μετατροπή TXT σε PDF Online - Απλό κείμενο σε έγγραφο PDF,text/html; charset=utf-8,false,200,0,https://handlemyfile.com/sitemap.xml,0,0,0,0,0,0,0,0
20,https://handlemyfile.com/cs/ppt-do-pdf,Převést PowerPoint do PDF - PPTX Slides to PDF lokálně,text/html; charset=utf-8,false,200,0,https://handlemyfile.com/sitemap.xml,0,0,0,0,0,0,0,0
20,https://handlemyfile.com/nl/ocr-pdf,Gratis browser-OCR - Tekst extraheren uit gescande PDF's...,text/html; charset=utf-8,false,200,0,https://handlemyfile.com/sitemap.xml,0,0,0,0,0,0,0,0
20,https://handlemyfile.com/ja/pdf-gureesukeeru-insatsu,カラー PDF を印刷用にグレースケールに変換する | HandleMyFile,text/html; charset=utf-8,false,200,0,https://handlemyfile.com/sitemap.xml,0,0,0,0,0,0,0,0
20,https://handlemyfile.com/uk/prihovati-tekst-pdf,Редагувати PDF - безпечне затемнення тексту та зображень,text/html; charset=utf-8,false,200,0,https://handlemyfile.com/sitemap.xml,0,0,0,0,0,0,0,0
20,https://handlemyfile.com/tr/meta-verileri-kaldir,PDF Meta Verilerini Kaldır - Özellikleri Çevrimiçi Temizleme,text/html; charset=utf-8,false,200,0,https://handlemyfile.com/sitemap.xml,0,0,0,0,0,0,0,0
20,https://handlemyfile.com/th/bipat-pdf-doi-mai-sia-khunnaphap,Compress PDF Without Losing Quality - High Definition Los...,text/html; charset=utf-8,false,200,0,https://handlemyfile.com/sitemap.xml,0,0,0,0,0,0,0,0
20,https://handlemyfile.com/sk/ocr-pdf,Bezplatný prehliadač OCR – extrahovanie textu z naskenova...,text/html; charset=utf-8,false,200,0,https://handlemyfile.com/sitemap.xml,0,0,0,0,0,0,0,0
20,https://handlemyfile.com/uk/zvorotniy-pdf,Перевернути сторінки PDF - змінити порядок сторінок PDF у...,text/html; charset=utf-8,false,200,0,https://handlemyfile.com/sitemap.xml,0,0,0,0,0,0,0,0
20,https://handlemyfile.com/da/excel-til-pdf,Konverter Excel til PDF online - XLSX & XLS til PDF lokalt,text/html; charset=utf-8,false,200,0,https://handlemyfile.com/sitemap.xml,0,0,0,0,0,0,0,0
20,https://handlemyfile.com/de/gescanntes-pdf-in-text-ocr,Convert Scanned PDF to Text | HandleMyFile,text/html; charset=utf-8,false,200,0,https://handlemyfile.com/sitemap.xml,0,0,0,0,0,0,0,0
20,https://handlemyfile.com/pt/comparar-pdf,Compare PDF - Encontre diferenças entre dois PDFs,text/html; charset=utf-8,false,200,0,https://handlemyfile.com/sitemap.xml,0,0,0,0,0,0,0,0
20,https://handlemyfile.com/cs/komprimovat-pdf-na-100kb,Compress PDF to 100KB - Online PDF Shrinker to 100KB,text/html; charset=utf-8,false,200,0,https://handlemyfile.com/sitemap.xml,0,0,0,0,0,0,0,0
20,https://handlemyfile.com/el/antistrofi-pdf,Αντιστροφή σελίδων PDF - Αλλαγή σειράς σελίδων PDF προς τ...,text/html; charset=utf-8,false,200,0,https://handlemyfile.com/sitemap.xml,0,0,0,0,0,0,0,0
20,https://handlemyfile.com/he/srvq-l-pdf,סרוק ל-PDF - הפוך את PDF לבלתי ניתן לעריכה ורסטר באינטרנט,text/html; charset=utf-8,false,200,0,https://handlemyfile.com/sitemap.xml,0,0,0,0,0,0,0,0
20,https://handlemyfile.com/th/pdf-epn-ppt,ฟรี PDF to PowerPoint Converter (.pptx) - การอัพโหลดเป็นศ...,text/html; charset=utf-8,false,200,0,https://handlemyfile.com/sitemap.xml,0,0,0,0,0,0,0,0
20,https://handlemyfile.com/sk/komprimovat-pdf-pre-email,Compress PDF for Email - Shrink Large PDF Files under 25MB,text/html; charset=utf-8,false,200,0,https://handlemyfile.com/sitemap.xml,0,0,0,0,0,0,0,0
20,https://handlemyfile.com/ms/diimbas-pdf-ke-teks-ocr,Convert Scanned PDF to Text | HandleMyFile,text/html; charset=utf-8,false,200,0,https://handlemyfile.com/sitemap.xml,0,0,0,0,0,0,0,0
20,https://handlemyfile.com/de/pdf-schwaerzen,PDF schwärzen – Text und Bilder sicher schwärzen,text/html; charset=utf-8,false,200,0,https://handlemyfile.com/sitemap.xml,0,0,0,0,0,0,0,0
20,https://handlemyfile.com/nl/pdf-comprimeren-zonder-kwaliteitsverlies,Compress PDF Without Losing Quality - High Definition Los...,text/html; charset=utf-8,false,200,0,https://handlemyfile.com/sitemap.xml,0,0,0,0,0,0,0,0
20,https://handlemyfile.com/de/text-in-pdf,Konvertieren Sie TXT online in PDF – Nur-Text in PDF-Doku...,text/html; charset=utf-8,false,200,0,https://handlemyfile.com/sitemap.xml,0,0,0,0,0,0,0,0
20,https://handlemyfile.com/compress-pdf-to-100kb,Compress PDF to 100KB - Online PDF Shrinker to 100KB,text/html; charset=utf-8,false,200,0,https://handlemyfile.com/sitemap.xml,0,0,0,0,0,0,0,0
20,https://handlemyfile.com/hi/reduce-pdf-size-offline,Reduce PDF Size Offline | HandleMyFile,text/html; charset=utf-8,false,200,0,https://handlemyfile.com/sitemap.xml,0,0,0,0,0,0,0,0
20,https://handlemyfile.com/hu/v-gja-le-a-pdf-marg-kat,Fehér margók levágása PDF-oldalakról ingyenes | HandleMyFile,text/html; charset=utf-8,false,200,0,https://handlemyfile.com/sitemap.xml,0,0,0,0,0,0,0,0
20,https://handlemyfile.com/ro/pdf-n-tonuri-de-gri-pentru-imprimare,Convertiți PDF color în tonuri de gri pentru imprimare,text/html; charset=utf-8,false,200,0,https://handlemyfile.com/sitemap.xml,0,0,0,0,0,0,0,0
20,https://handlemyfile.com/th/prabkhnaad-pdf,ปรับขนาดหน้า PDF - เปลี่ยนขนาดหน้า PDF และระยะขอบ,text/html; charset=utf-8,false,200,0,https://handlemyfile.com/sitemap.xml,0,0,0,0,0,0,0,0
20,https://handlemyfile.com/ar/ppt-l~-pdf,تحويل PowerPoint إلى PDF - شرائح PPTX إلى PDF محليًا,text/html; charset=utf-8,false,200,0,https://handlemyfile.com/sitemap.xml,0,0,0,0,0,0,0,0
20,https://handlemyfile.com/ar/tdrj-lrmdy-pdf,تحويل ملف PDF إلى تدرج الرمادي - ملف PDF بالأبيض والأسود...,text/html; charset=utf-8,false,200,0,https://handlemyfile.com/sitemap.xml,0,0,0,0,0,0,0,0
20,https://handlemyfile.com/vi/dao-nguoc-pdf,Đảo ngược các trang PDF - Thay đổi thứ tự trang PDF ngược,text/html; charset=utf-8,false,200,0,https://handlemyfile.com/sitemap.xml,0,0,0,0,0,0,0,0
20,https://handlemyfile.com/vi/gi-m-k-ch-th-c-pdf-ngo-i-tuy-n,Reduce PDF Size Offline | HandleMyFile,text/html; charset=utf-8,false,200,0,https://handlemyfile.com/sitemap.xml,0,0,0,0,0,0,0,0
20,https://handlemyfile.com/ja/gazo-kara-pdf,オンラインで JPG および PNG を PDF に変換 - 画像をローカルで PDF に | HandleMyFile,text/html; charset=utf-8,false,200,0,https://handlemyfile.com/sitemap.xml,0,0,0,0,0,0,0,0
20,https://handlemyfile.com/fr/image-en-pdf,Convertir JPG et PNG en PDF en ligne - Images en PDF loca...,text/html; charset=utf-8,false,200,0,https://handlemyfile.com/sitemap.xml,0,0,0,0,0,0,0,0
20,https://handlemyfile.com/ja/pdf-hanten,PDF ページを反転 - PDF ページの順序を逆に変更します | HandleMyFile,text/html; charset=utf-8,false,200,0,https://handlemyfile.com/sitemap.xml,0,0,0,0,0,0,0,0
20,https://handlemyfile.com/tr/bi-imlendirmeyi-kaybetmeden-pdf-yi-word-e-d-n-t-rme,Free PDF to Word Converter (.docx) Without Losing Formatting,text/html; charset=utf-8,false,200,0,https://handlemyfile.com/sitemap.xml,0,0,0,0,0,0,0,0
20,https://handlemyfile.com/tr/yazd-rmak-i-in-gri-tonlamal-pdf,Yazdırma için Renkli PDF'yi Gri Tonlamaya Dönüştürme,text/html; charset=utf-8,false,200,0,https://handlemyfile.com/sitemap.xml,0,0,0,0,0,0,0,0
20,https://handlemyfile.com/ms/mengurangkan-saiz-pdf-di-luar-talian,Reduce PDF Size Offline | HandleMyFile,text/html; charset=utf-8,false,200,0,https://handlemyfile.com/sitemap.xml,0,0,0,0,0,0,0,0
20,https://handlemyfile.com/ms/kompres-pdf-online,Mampat PDF Dalam Talian - Kurangkan Saiz Fail sebanyak 60...,text/html; charset=utf-8,false,200,0,https://handlemyfile.com/sitemap.xml,0,0,0,0,0,0,0,0
20,https://handlemyfile.com/no/fjern-pdf-vannmerke-online,Fjern PDF Watermark Online Gratis | Rengjør PDF-filer,text/html; charset=utf-8,false,200,0,https://handlemyfile.com/sitemap.xml,0,0,0,0,0,0,0,0
20,https://handlemyfile.com/tr/gri-tonlamali-pdf,PDF'yi Gri Tonlamaya Dönüştürme - Çevrimiçi Siyah Beyaz PDF,text/html; charset=utf-8,false,200,0,https://handlemyfile.com/sitemap.xml,0,0,0,0,0,0,0,0
20,https://handlemyfile.com/id/kompres-pdf-100kb,Kompres PDF ke 100KB - Perkecil PDF di Bawah 100KB Online,text/html; charset=utf-8,false,200,0,https://handlemyfile.com/sitemap.xml,0,0,0,0,0,0,0,0
20,https://handlemyfile.com/he/excel-l-pdf,המר את Excel ל-PDF באינטרנט - XLSX ו-XLS ל-PDF באופן מקומי,text/html; charset=utf-8,false,200,0,https://handlemyfile.com/sitemap.xml,0,0,0,0,0,0,0,0
20,https://handlemyfile.com/hu/pdf-f-jlok-vizu-lis-sszehasonl-t-sa,Hasonlítson össze két PDF-fájlt a vizuális különbségekért,text/html; charset=utf-8,false,200,0,https://handlemyfile.com/sitemap.xml,0,0,0,0,0,0,0,0
20,https://handlemyfile.com/pl/pdf-na-s-owo-bez-utraty-formatowania,Free PDF to Word Converter (.docx) Without Losing Formatting,text/html; charset=utf-8,false,200,0,https://handlemyfile.com/sitemap.xml,0,0,0,0,0,0,0,0
20,https://handlemyfile.com/sk/skenovanie-do-pdf,Skenovanie do PDF – urobte PDF neupraviteľným a rastrujte...,text/html; charset=utf-8,false,200,0,https://handlemyfile.com/sitemap.xml,0,0,0,0,0,0,0,0
20,https://handlemyfile.com/sv/excel-till-csv,Gratis Excel till CSV-konverterare (.xlsx till .csv) - No...,text/html; charset=utf-8,false,200,0,https://handlemyfile.com/sitemap.xml,0,0,0,0,0,0,0,0
20,https://handlemyfile.com/hi/chviyaan-nikaalen,पीडीएफ से छवियाँ निकालें - पीडीएफ से सभी चित्र सहेजें,text/html; charset=utf-8,false,200,0,https://handlemyfile.com/sitemap.xml,0,0,0,0,0,0,0,0
20,https://handlemyfile.com/el/sympiesi-pdf,Συμπίεση PDF Online - Μειώστε το μέγεθος του αρχείου κατά...,text/html; charset=utf-8,false,200,0,https://handlemyfile.com/sitemap.xml,0,0,0,0,0,0,0,0
20,https://handlemyfile.com/fi/csv-sta-exceliin,Ilmainen CSV to Excel Converter (.xlsx) - Instant Browser...,text/html; charset=utf-8,false,200,0,https://handlemyfile.com/sitemap.xml,0,0,0,0,0,0,0,0
20,https://handlemyfile.com/ar/idaafat-arqam-alsafahat-ila-pdf-majjani,إضافة أرقام الصفحات إلى PDF مجانًا | لا حدود | HandleMyFile,text/html; charset=utf-8,false,200,0,https://handlemyfile.com/sitemap.xml,0,0,0,0,0,0,0,0
20,https://handlemyfile.com/de/pdf-gr-e-offline-reduzieren,Reduce PDF Size Offline | HandleMyFile,text/html; charset=utf-8,false,200,0,https://handlemyfile.com/sitemap.xml,0,0,0,0,0,0,0,0
20,https://handlemyfile.com/ocr-pdf,Free Browser OCR - Extract Text from Scanned PDF & Images,text/html; charset=utf-8,false,200,0,https://handlemyfile.com/sitemap.xml,0,0,0,0,0,0,0,0
20,https://handlemyfile.com/zh/excel-dao-csv,免费 Excel 到 CSV 转换器（.xlsx 到 .csv）- 零上传 | HandleMyFile,text/html; charset=utf-8,false,200,0,https://handlemyfile.com/sitemap.xml,0,0,0,0,0,0,0,0
20,https://handlemyfile.com/ja/pdf-word,Free PDF to Word Converter (.docx) Without Losing Formatting,text/html; charset=utf-8,false,200,0,https://handlemyfile.com/sitemap.xml,0,0,0,0,0,0,0,0
20,https://handlemyfile.com/ar/ksl-l~-csv,محول مجاني من Excel إلى CSV (.xlsx إلى .csv) - صفر تحميلات,text/html; charset=utf-8,false,200,0,https://handlemyfile.com/sitemap.xml,0,0,0,0,0,0,0,0
20,https://handlemyfile.com/fi/muunna-skannattu-pdf-tekstiksi,Muunna skannattu PDF haettavaksi tekstiksi | Ilmainen OCR,text/html; charset=utf-8,false,200,0,https://handlemyfile.com/sitemap.xml,0,0,0,0,0,0,0,0
20,https://handlemyfile.com/ja/scanned-pdf-to-text-ocr,Convert Scanned PDF to Text | HandleMyFile,text/html; charset=utf-8,false,200,0,https://handlemyfile.com/sitemap.xml,0,0,0,0,0,0,0,0
20,https://handlemyfile.com/el/exagogi-eikonon,Εξαγωγή εικόνων από PDF - Αποθήκευση όλων των εικόνων από...,text/html; charset=utf-8,false,200,0,https://handlemyfile.com/sitemap.xml,0,0,0,0,0,0,0,0
20,https://handlemyfile.com/uk/obyednannya-failiv-pdf-offline,Об’єднайте PDF-файли офлайн безкоштовно | 100% безпечний,text/html; charset=utf-8,false,200,0,https://handlemyfile.com/sitemap.xml,0,0,0,0,0,0,0,0
20,https://handlemyfile.com/he/khlts-tmvnvt,חלץ תמונות מ-PDF - שמור את כל התמונות מ-PDF | HandleMyFile,text/html; charset=utf-8,false,200,0,https://handlemyfile.com/sitemap.xml,0,0,0,0,0,0,0,0
20,https://handlemyfile.com/sk/ppt-do-pdf,Konvertovať PowerPoint do PDF – PPTX Slides to PDF lokálne,text/html; charset=utf-8,false,200,0,https://handlemyfile.com/sitemap.xml,0,0,0,0,0,0,0,0
20,https://handlemyfile.com/id/potong-margin-pdf,Pangkas Margin Putih dari Halaman PDF Gratis | HandleMyFile,text/html; charset=utf-8,false,200,0,https://handlemyfile.com/sitemap.xml,0,0,0,0,0,0,0,0
20,https://handlemyfile.com/hi/mettaaddettaa-httaaen,पीडीएफ मेटाडेटा हटाएं - संपत्तियों को ऑनलाइन सैनिटाइज करें,text/html; charset=utf-8,false,200,0,https://handlemyfile.com/sitemap.xml,0,0,0,0,0,0,0,0
20,https://handlemyfile.com/nl/excel-naar-pdf,Converteer Excel online naar PDF - XLSX en XLS lokaal naa...,text/html; charset=utf-8,false,200,0,https://handlemyfile.com/sitemap.xml,0,0,0,0,0,0,0,0
20,https://handlemyfile.com/compress-pdf-without-losing-quality,Compress PDF Without Losing Quality - High Definition Los...,text/html; charset=utf-8,false,200,0,https://handlemyfile.com/sitemap.xml,0,0,0,0,0,0,0,0
20,https://handlemyfile.com/fr/compresser-pdf,Compresser un PDF en ligne - Réduire la taille du fichier...,text/html; charset=utf-8,false,200,0,https://handlemyfile.com/sitemap.xml,0,0,0,0,0,0,0,0
20,https://handlemyfile.com/no/pdf-til-ppt,Gratis PDF til PowerPoint Converter (.pptx) - Null opplas...,text/html; charset=utf-8,false,200,0,https://handlemyfile.com/sitemap.xml,0,0,0,0,0,0,0,0
20,https://handlemyfile.com/ms/pdf-ke-perkataan-tanpa-kehilangan-pemformatan,Free PDF to Word Converter (.docx) Without Losing Formatting,text/html; charset=utf-8,false,200,0,https://handlemyfile.com/sitemap.xml,0,0,0,0,0,0,0,0
20,https://handlemyfile.com/hi/crop-pdf-margins-hi,पीडीएफ पेजों से सफेद मार्जिन को निःशुल्क काटें,text/html; charset=utf-8,false,200,0,https://handlemyfile.com/sitemap.xml,0,0,0,0,0,0,0,0
20,https://handlemyfile.com/csv-to-excel,Free CSV to Excel Converter (.xlsx) - Instant Browser Engine,text/html; charset=utf-8,false,200,0,https://handlemyfile.com/sitemap.xml,0,0,0,0,0,0,0,0
20,https://handlemyfile.com/es/pdf-en-escala-de-grises-para-imprimir,Convierta PDF en color a escala de grises para imprimir,text/html; charset=utf-8,false,200,0,https://handlemyfile.com/sitemap.xml,0,0,0,0,0,0,0,0
20,https://handlemyfile.com/ms/ekstrak-imej,Ekstrak Imej daripada PDF - Simpan Semua Gambar daripada PDF,text/html; charset=utf-8,false,200,0,https://handlemyfile.com/sitemap.xml,0,0,0,0,0,0,0,0
20,https://handlemyfile.com/ar/tgyyr-hjm-qwt-ldfaa-lshaaby,تغيير حجم صفحات PDF - تغيير حجم صفحة PDF والهوامش,text/html; charset=utf-8,false,200,0,https://handlemyfile.com/sitemap.xml,0,0,0,0,0,0,0,0
20,https://handlemyfile.com/compare-pdf,Compare PDF - Find Differences Between Two PDFs,text/html; charset=utf-8,false,200,0,https://handlemyfile.com/sitemap.xml,0,0,0,0,0,0,0,0
20,https://handlemyfile.com/el/ocr-pdf,Δωρεάν OCR προγράμματος περιήγησης - Εξαγωγή κειμένου από...,text/html; charset=utf-8,false,200,0,https://handlemyfile.com/sitemap.xml,0,0,0,0,0,0,0,0
20,https://handlemyfile.com/pl/excel-do-pdf,Konwertuj program Excel do formatu PDF online — XLSX i XL...,text/html; charset=utf-8,false,200,0,https://handlemyfile.com/sitemap.xml,0,0,0,0,0,0,0,0
20,https://handlemyfile.com/uk/scanned-pdf-to-text-ocr,Convert Scanned PDF to Text | HandleMyFile,text/html; charset=utf-8,false,200,0,https://handlemyfile.com/sitemap.xml,0,0,0,0,0,0,0,0
20,https://handlemyfile.com/el/diorthosi-pdf,Redact PDF - Ασφαλής συσκότιση κειμένου και εικόνων,text/html; charset=utf-8,false,200,0,https://handlemyfile.com/sitemap.xml,0,0,0,0,0,0,0,0
20,https://handlemyfile.com/id/pdf-skala-abu-abu-untuk-dicetak,Konversi PDF Berwarna ke Skala Abu-abu untuk Pencetakan,text/html; charset=utf-8,false,200,0,https://handlemyfile.com/sitemap.xml,0,0,0,0,0,0,0,0
20,https://handlemyfile.com/es/comprimir-pdf,Comprima PDF en línea: reduzca el tamaño del archivo entr...,text/html; charset=utf-8,false,200,0,https://handlemyfile.com/sitemap.xml,0,0,0,0,0,0,0,0
20,https://handlemyfile.com/nl/pdf-comprimeren-tot-100kb,Compress PDF to 100KB - Online PDF Shrinker to 100KB,text/html; charset=utf-8,false,200,0,https://handlemyfile.com/sitemap.xml,0,0,0,0,0,0,0,0
20,https://handlemyfile.com/ms/kompres-pdf-kepada-100kb,Compress PDF to 100KB - Online PDF Shrinker to 100KB,text/html; charset=utf-8,false,200,0,https://handlemyfile.com/sitemap.xml,0,0,0,0,0,0,0,0
20,https://handlemyfile.com/hi/osiiaar-piiddiieph,मुफ़्त ब्राउज़र ओसीआर - स्कैन की गई पीडीएफ और छवियों से ट...,text/html; charset=utf-8,false,200,0,https://handlemyfile.com/sitemap.xml,0,0,0,0,0,0,0,0
20,https://handlemyfile.com/hi/compare-pdf-files-visually-hi,दृश्य अंतर के लिए दो पीडीएफ फाइलों की तुलना करें,text/html; charset=utf-8,false,200,0,https://handlemyfile.com/sitemap.xml,0,0,0,0,0,0,0,0
20,https://handlemyfile.com/nl/pdf-naar-afbeelding,Converteer PDF naar JPG/PNG-afbeeldingen online - Pagina'...,text/html; charset=utf-8,false,200,0,https://handlemyfile.com/sitemap.xml,0,0,0,0,0,0,0,0
20,https://handlemyfile.com/sk/excel-do-pdf,Prevod Excelu do PDF online – XLSX a XLS do PDF lokálne,text/html; charset=utf-8,false,200,0,https://handlemyfile.com/sitemap.xml,0,0,0,0,0,0,0,0
20,https://handlemyfile.com/ms/ekstrak-imej-resolusi-tinggi-pdf,Ekstrak Imej Resolusi Tinggi daripada PDF Percuma,text/html; charset=utf-8,false,200,0,https://handlemyfile.com/sitemap.xml,0,0,0,0,0,0,0,0
20,https://handlemyfile.com/es/csv-a-excel,Convertidor gratuito de CSV a Excel (.xlsx) - Motor de na...,text/html; charset=utf-8,false,200,0,https://handlemyfile.com/sitemap.xml,0,0,0,0,0,0,0,0
20,https://handlemyfile.com/es/agregar-n-meros-de-p-gina-a-pdf-gratis,Agregue números de página a PDF gratis | Sin límites,text/html; charset=utf-8,false,200,0,https://handlemyfile.com/sitemap.xml,0,0,0,0,0,0,0,0
20,https://handlemyfile.com/he/dchisat-pdf-le-100kb,Compress PDF to 100KB - Online PDF Shrinker to 100KB,text/html; charset=utf-8,false,200,0,https://handlemyfile.com/sitemap.xml,0,0,0,0,0,0,0,0
20,https://handlemyfile.com/th/lbkh-muulemtaa,ลบข้อมูลเมตา PDF - ฆ่าเชื้อคุณสมบัติออนไลน์ | HandleMyFile,text/html; charset=utf-8,false,200,0,https://handlemyfile.com/sitemap.xml,0,0,0,0,0,0,0,0
20,https://handlemyfile.com/hu/pdf-tomorites-100kb-ra,Compress PDF to 100KB - Online PDF Shrinker to 100KB,text/html; charset=utf-8,false,200,0,https://handlemyfile.com/sitemap.xml,0,0,0,0,0,0,0,0
20,https://handlemyfile.com/ro/redimensionati-pdf,Redimensionați paginile PDF - Schimbați dimensiunea pagin...,text/html; charset=utf-8,false,200,0,https://handlemyfile.com/sitemap.xml,0,0,0,0,0,0,0,0
20,https://handlemyfile.com/da/sammenlign-pdf,Sammenlign PDF - Find forskelle mellem to PDF'er,text/html; charset=utf-8,false,200,0,https://handlemyfile.com/sitemap.xml,0,0,0,0,0,0,0,0
20,https://handlemyfile.com/ru/udalit-metadannye,Удаление метаданных PDF — очистка свойств онлайн,text/html; charset=utf-8,false,200,0,https://handlemyfile.com/sitemap.xml,0,0,0,0,0,0,0,0
20,https://handlemyfile.com/id/kurangi-ukuran-pdf-secara-offline,Kurangi Ukuran PDF Offline | HandleMyFile,text/html; charset=utf-8,false,200,0,https://handlemyfile.com/sitemap.xml,0,0,0,0,0,0,0,0
20,https://handlemyfile.com/ar/daght-pdf,ضغط ملف PDF عبر الإنترنت - تقليل حجم الملف بنسبة 60-90% م...,text/html; charset=utf-8,false,200,0,https://handlemyfile.com/sitemap.xml,0,0,0,0,0,0,0,0
20,https://handlemyfile.com/compress-pdf,Compress PDF Online - Reduce File Size by 60-90% Locally,text/html; charset=utf-8,false,200,0,https://handlemyfile.com/sitemap.xml,0,0,0,0,0,0,0,0
20,https://handlemyfile.com/hi/pdf-ko-100kb-tak-compress-kare,Compress PDF to 100KB - Online PDF Shrinker to 100KB,text/html; charset=utf-8,false,200,0,https://handlemyfile.com/sitemap.xml,0,0,0,0,0,0,0,0
20,https://handlemyfile.com/ar/scanned-pdf-to-text-ocr,Convert Scanned PDF to Text | HandleMyFile,text/html; charset=utf-8,false,200,0,https://handlemyfile.com/sitemap.xml,0,0,0,0,0,0,0,0
20,https://handlemyfile.com/sv/pdf-till-word-utan-att-f-rlora-formatering,Free PDF to Word Converter (.docx) Without Losing Formatting,text/html; charset=utf-8,false,200,0,https://handlemyfile.com/sitemap.xml,0,0,0,0,0,0,0,0
20,https://handlemyfile.com/vi/pdf-thang-x-m-in,Chuyển đổi PDF màu sang thang độ xám để in | HandleMyFile,text/html; charset=utf-8,false,200,0,https://handlemyfile.com/sitemap.xml,0,0,0,0,0,0,0,0
20,https://handlemyfile.com/tr/evrimd-pdf-boyutunu-k-lt,Reduce PDF Size Offline | HandleMyFile,text/html; charset=utf-8,false,200,0,https://handlemyfile.com/sitemap.xml,0,0,0,0,0,0,0,0
20,https://handlemyfile.com/nl/paginanummers-toevoegen-aan-pdf-gratis,Paginanummers toevoegen aan PDF Gratis | Geen grenzen,text/html; charset=utf-8,false,200,0,https://handlemyfile.com/sitemap.xml,0,0,0,0,0,0,0,0
20,https://handlemyfile.com/he/pdf-l-ppt,ממיר PDF ל-PowerPoint בחינם (.pptx) - אפס העלאות,text/html; charset=utf-8,false,200,0,https://handlemyfile.com/sitemap.xml,0,0,0,0,0,0,0,0
20,https://handlemyfile.com/sk/komprimovat-pdf,Komprimujte PDF online – Znížte veľkosť súboru o 60 – 90...,text/html; charset=utf-8,false,200,0,https://handlemyfile.com/sitemap.xml,0,0,0,0,0,0,0,0
20,https://handlemyfile.com/fi/vertaa-pdf-tiedostoja-visuaalisesti,Vertaa kahta PDF-tiedostoa visuaalisten erojen löytämiseksi,text/html; charset=utf-8,false,200,0,https://handlemyfile.com/sitemap.xml,0,0,0,0,0,0,0,0
20,https://handlemyfile.com/no/fjern-metadata,Fjern PDF-metadata - Sanitize Properties Online,text/html; charset=utf-8,false,200,0,https://handlemyfile.com/sitemap.xml,0,0,0,0,0,0,0,0
20,https://handlemyfile.com/no/skann-til-pdf,Skann til PDF - Gjør PDF uredigerbar og rasteriser online,text/html; charset=utf-8,false,200,0,https://handlemyfile.com/sitemap.xml,0,0,0,0,0,0,0,0
20,https://handlemyfile.com/uk/dodaty-nomery-storinok-do-pdf-bezkoshtovno,Безкоштовно додайте номери сторінок до PDF | Без обмежень,text/html; charset=utf-8,false,200,0,https://handlemyfile.com/sitemap.xml,0,0,0,0,0,0,0,0
20,https://handlemyfile.com/zh/hui-du-pdf,将 PDF 转换为灰度 - 在线黑白 PDF | HandleMyFile,text/html; charset=utf-8,false,200,0,https://handlemyfile.com/sitemap.xml,0,0,0,0,0,0,0,0
20,https://handlemyfile.com/no/legg-til-sidetall-til-pdf-gratis,Legg til sidetall til PDF Gratis | Ingen grenser,text/html; charset=utf-8,false,200,0,https://handlemyfile.com/sitemap.xml,0,0,0,0,0,0,0,0
20,https://handlemyfile.com/th/bip-at-pdf-samrap-email,Compress PDF for Email - Shrink Large PDF Files under 25MB,text/html; charset=utf-8,false,200,0,https://handlemyfile.com/sitemap.xml,0,0,0,0,0,0,0,0
20,https://handlemyfile.com/ro/pdf-n-word-f-r-a-pierde-formatarea,Free PDF to Word Converter (.docx) Without Losing Formatting,text/html; charset=utf-8,false,200,0,https://handlemyfile.com/sitemap.xml,0,0,0,0,0,0,0,0
20,https://handlemyfile.com/hu/resize-pdf,PDF-oldalak átméretezése – PDF-oldalméret és margók módos...,text/html; charset=utf-8,false,200,0,https://handlemyfile.com/sitemap.xml,0,0,0,0,0,0,0,0
20,https://handlemyfile.com/ko/ocr-pdf,무료 브라우저 OCR - 스캔한 PDF 및 이미지에서 텍스트 추출 | HandleMyFile,text/html; charset=utf-8,false,200,0,https://handlemyfile.com/sitemap.xml,0,0,0,0,0,0,0,0
20,https://handlemyfile.com/fi/pdf-to-ppt,Ilmainen PDF to PowerPoint Converter (.pptx) - Nolla lata...,text/html; charset=utf-8,false,200,0,https://handlemyfile.com/sitemap.xml,0,0,0,0,0,0,0,0
20,https://handlemyfile.com/es/convertir-pdf-escaneado-a-texto,Convierta PDF escaneado en texto con capacidad de búsqued...,text/html; charset=utf-8,false,200,0,https://handlemyfile.com/sitemap.xml,0,0,0,0,0,0,0,0
20,https://handlemyfile.com/no/ppt-til-pdf,Konverter PowerPoint til PDF - PPTX-lysbilder til PDF lokalt,text/html; charset=utf-8,false,200,0,https://handlemyfile.com/sitemap.xml,0,0,0,0,0,0,0,0
20,https://handlemyfile.com/th/bipat-pdf-pen-100kb,Compress PDF to 100KB - Online PDF Shrinker to 100KB,text/html; charset=utf-8,false,200,0,https://handlemyfile.com/sitemap.xml,0,0,0,0,0,0,0,0
20,https://handlemyfile.com/th/aeykruupphaaph,แยกรูปภาพจาก PDF - บันทึกรูปภาพทั้งหมดจาก PDF | HandleMyFile,text/html; charset=utf-8,false,200,0,https://handlemyfile.com/sitemap.xml,0,0,0,0,0,0,0,0
20,https://handlemyfile.com/vi/nen-pdf-khong-giam-chat-luong,Compress PDF Without Losing Quality - High Definition Los...,text/html; charset=utf-8,false,200,0,https://handlemyfile.com/sitemap.xml,0,0,0,0,0,0,0,0
20,https://handlemyfile.com/tr/pdf-filigran-n-evrimi-i-kald-r,PDF Filigranını Çevrimiçi Ücretsiz Kaldırma | PDF'leri te...,text/html; charset=utf-8,false,200,0,https://handlemyfile.com/sitemap.xml,0,0,0,0,0,0,0,0
20,https://handlemyfile.com/th/txt-epn-pdf,แปลง TXT เป็น PDF ออนไลน์ - ข้อความธรรมดาเป็นเอกสาร PDF,text/html; charset=utf-8,false,200,0,https://handlemyfile.com/sitemap.xml,0,0,0,0,0,0,0,0
20,https://handlemyfile.com/no/komprimer-pdf-til-100kb,Compress PDF to 100KB - Online PDF Shrinker to 100KB,text/html; charset=utf-8,false,200,0,https://handlemyfile.com/sitemap.xml,0,0,0,0,0,0,0,0
20,https://handlemyfile.com/id/hapus-tanda-air-pdf-online,Hapus Tanda Air PDF Online Gratis | Bersihkan PDF,text/html; charset=utf-8,false,200,0,https://handlemyfile.com/sitemap.xml,0,0,0,0,0,0,0,0
20,https://handlemyfile.com/pl/usun-metadane,Usuń metadane PDF — oczyść właściwości online | HandleMyFile,text/html; charset=utf-8,false,200,0,https://handlemyfile.com/sitemap.xml,0,0,0,0,0,0,0,0
20,https://handlemyfile.com/vi/pdf-thang-do-xam,Chuyển đổi PDF sang thang độ xám - PDF đen trắng trực tuyến,text/html; charset=utf-8,false,200,0,https://handlemyfile.com/sitemap.xml,0,0,0,0,0,0,0,0
20,https://handlemyfile.com/ms/alih-keluar-metadata,Alih Keluar Metadata PDF - Bersihkan Hartanah Dalam Talian,text/html; charset=utf-8,false,200,0,https://handlemyfile.com/sitemap.xml,0,0,0,0,0,0,0,0
20,https://handlemyfile.com/da/ppt-til-pdf,Konverter PowerPoint til PDF - PPTX Slides til PDF lokalt,text/html; charset=utf-8,false,200,0,https://handlemyfile.com/sitemap.xml,0,0,0,0,0,0,0,0
20,https://handlemyfile.com/it/rimuovere-la-filigrana-dal-pdf-online,Rimuovi filigrana PDF online gratuitamente | PDF puliti,text/html; charset=utf-8,false,200,0,https://handlemyfile.com/sitemap.xml,0,0,0,0,0,0,0,0
20,https://handlemyfile.com/nl/pdf-marges-bijsnijden,Witte marges bijsnijden van PDF-pagina's Gratis,text/html; charset=utf-8,false,200,0,https://handlemyfile.com/sitemap.xml,0,0,0,0,0,0,0,0
20,https://handlemyfile.com/pl/usu-metadane-autora-pliku-pdf,Usuń nazwę autora i ukryte metadane z pliku PDF,text/html; charset=utf-8,false,200,0,https://handlemyfile.com/sitemap.xml,0,0,0,0,0,0,0,0
20,https://handlemyfile.com/ms/pdf-ke-imej,Tukar Imej PDF kepada JPG/PNG Dalam Talian - Ekstrak Hala...,text/html; charset=utf-8,false,200,0,https://handlemyfile.com/sitemap.xml,0,0,0,0,0,0,0,0
20,https://handlemyfile.com/ko/pdf-reul-100kb-ro-apchuk,Compress PDF to 100KB - Online PDF Shrinker to 100KB,text/html; charset=utf-8,false,200,0,https://handlemyfile.com/sitemap.xml,0,0,0,0,0,0,0,0
20,https://handlemyfile.com/fr/redimensionner-le-pdf,Redimensionner les pages PDF - Modifier la taille et les...,text/html; charset=utf-8,false,200,0,https://handlemyfile.com/sitemap.xml,0,0,0,0,0,0,0,0
20,https://handlemyfile.com/th/lop-khomun-phukhieng-pdf,ลบชื่อผู้แต่งและข้อมูลเมตาที่ซ่อนอยู่ออกจาก PDF,text/html; charset=utf-8,false,200,0,https://handlemyfile.com/sitemap.xml,0,0,0,0,0,0,0,0
20,https://handlemyfile.com/th/plaeng-pdf-scan-pen-khokhwam,แปลง PDF ที่สแกนเป็นข้อความที่ค้นหาได้ | โอซีอาร์ฟรี,text/html; charset=utf-8,false,200,0,https://handlemyfile.com/sitemap.xml,0,0,0,0,0,0,0,0
20,https://handlemyfile.com/de/pdf-grosse-andern,Größe von PDF-Seiten ändern – Größe und Ränder von PDF-Se...,text/html; charset=utf-8,false,200,0,https://handlemyfile.com/sitemap.xml,0,0,0,0,0,0,0,0
20,https://handlemyfile.com/compress-pdf-for-email,Compress PDF for Email - Shrink Large PDF Files under 25MB,text/html; charset=utf-8,false,200,0,https://handlemyfile.com/sitemap.xml,0,0,0,0,0,0,0,0
20,https://handlemyfile.com/nl/pdf-metadata-verwijderen,PDF-metagegevens verwijderen - Eigenschappen online opsch...,text/html; charset=utf-8,false,200,0,https://handlemyfile.com/sitemap.xml,0,0,0,0,0,0,0,0
20,https://handlemyfile.com/fi/pdf-kuvaksi,Muunna PDF JPG/PNG-kuviksi verkossa - Pura sivut ZIP-muotoon,text/html; charset=utf-8,false,200,0,https://handlemyfile.com/sitemap.xml,0,0,0,0,0,0,0,0
20,https://handlemyfile.com/no/komprimer-pdf,Komprimer PDF på nett – Reduser filstørrelsen med 60-90 %...,text/html; charset=utf-8,false,200,0,https://handlemyfile.com/sitemap.xml,0,0,0,0,0,0,0,0
20,https://handlemyfile.com/sk/naskenovan-pdf-do-textu-ocr,Convert Scanned PDF to Text | HandleMyFile,text/html; charset=utf-8,false,200,0,https://handlemyfile.com/sitemap.xml,0,0,0,0,0,0,0,0
20,https://handlemyfile.com/sv/csv-till-excel,Gratis CSV till Excel Converter (.xlsx) - Instant Browser...,text/html; charset=utf-8,false,200,0,https://handlemyfile.com/sitemap.xml,0,0,0,0,0,0,0,0
20,https://handlemyfile.com/ko/opeurain-pdf-byeonghap,무료로 PDF 파일을 오프라인으로 병합 | 100% 안전함 | HandleMyFile,text/html; charset=utf-8,false,200,0,https://handlemyfile.com/sitemap.xml,0,0,0,0,0,0,0,0
20,https://handlemyfile.com/ko/pdfreul-imijiro,온라인에서 PDF를 JPG/PNG 이미지로 변환 - 페이지를 ZIP으로 추출 | HandleMyFile,text/html; charset=utf-8,false,200,0,https://handlemyfile.com/sitemap.xml,0,0,0,0,0,0,0,0
20,https://handlemyfile.com/pl/obraz-do-pliku-pdf,Konwertuj pliki JPG i PNG do formatu PDF online — obrazy...,text/html; charset=utf-8,false,200,0,https://handlemyfile.com/sitemap.xml,0,0,0,0,0,0,0,0
20,https://handlemyfile.com/pl/ppt-do-pdf,Konwertuj program PowerPoint do formatu PDF — slajdy PPTX...,text/html; charset=utf-8,false,200,0,https://handlemyfile.com/sitemap.xml,0,0,0,0,0,0,0,0
20,https://handlemyfile.com/id/tambahkan-nomor-halaman-ke-pdf-gratis,Tambahkan Nomor Halaman ke PDF Gratis | Tanpa Batas,text/html; charset=utf-8,false,200,0,https://handlemyfile.com/sitemap.xml,0,0,0,0,0,0,0,0
20,https://handlemyfile.com/el/eikona-se-pdf,Μετατροπή JPG & PNG σε PDF Online - Εικόνες σε PDF Τοπικά,text/html; charset=utf-8,false,200,0,https://handlemyfile.com/sitemap.xml,0,0,0,0,0,0,0,0
20,https://handlemyfile.com/th/reduce-pdf-size-offline,Reduce PDF Size Offline | HandleMyFile,text/html; charset=utf-8,false,200,0,https://handlemyfile.com/sitemap.xml,0,0,0,0,0,0,0,0
20,https://handlemyfile.com/no/ocr-pdf,Gratis nettleser OCR - Trekk ut tekst fra skannede PDF og...,text/html; charset=utf-8,false,200,0,https://handlemyfile.com/sitemap.xml,0,0,0,0,0,0,0,0
20,https://handlemyfile.com/pl/csv-do-excela,Darmowy konwerter plików CSV na Excel (.xlsx) — silnik pr...,text/html; charset=utf-8,false,200,0,https://handlemyfile.com/sitemap.xml,0,0,0,0,0,0,0,0
20,https://handlemyfile.com/ppt-to-pdf,Convert PowerPoint to PDF - PPTX Slides to PDF Locally,text/html; charset=utf-8,false,200,0,https://handlemyfile.com/sitemap.xml,0,0,0,0,0,0,0,0
20,https://handlemyfile.com/th/lop-lai-nam-pdf-online,ลบลายน้ำ PDF ออนไลน์ฟรี | ทำความสะอาด PDF | HandleMyFile,text/html; charset=utf-8,false,200,0,https://handlemyfile.com/sitemap.xml,0,0,0,0,0,0,0,0
20,https://handlemyfile.com/sv/komprimera-pdf-till-100kb,Compress PDF to 100KB - Online PDF Shrinker to 100KB,text/html; charset=utf-8,false,200,0,https://handlemyfile.com/sitemap.xml,0,0,0,0,0,0,0,0
20,https://handlemyfile.com/ro/scanati-in-pdf,Scanare în PDF - Faceți PDF needitabil și Rasterizați online,text/html; charset=utf-8,false,200,0,https://handlemyfile.com/sitemap.xml,0,0,0,0,0,0,0,0
20,https://handlemyfile.com/ru/ocr-pdf,Бесплатное распознавание текста в браузере — извлечение т...,text/html; charset=utf-8,false,200,0,https://handlemyfile.com/sitemap.xml,0,0,0,0,0,0,0,0
20,https://handlemyfile.com/da/ocr-pdf,Gratis browser OCR - Udtræk tekst fra scannede PDF og bil...,text/html; charset=utf-8,false,200,0,https://handlemyfile.com/sitemap.xml,0,0,0,0,0,0,0,0
20,https://handlemyfile.com/de/als-pdf-scannen,In PDF scannen – PDF unbearbeitbar machen und online rastern,text/html; charset=utf-8,false,200,0,https://handlemyfile.com/sitemap.xml,0,0,0,0,0,0,0,0
20,https://handlemyfile.com/ar/tahweel-pdf-almasooh-ila-nass,تحويل ملف PDF الممسوح ضوئيًا إلى نص قابل للبحث | التعرف ا...,text/html; charset=utf-8,false,200,0,https://handlemyfile.com/sitemap.xml,0,0,0,0,0,0,0,0
20,https://handlemyfile.com/vi/x-a-si-u-d-li-u-t-c-gi-pdf,Xóa tên tác giả và siêu dữ liệu ẩn khỏi PDF | HandleMyFile,text/html; charset=utf-8,false,200,0,https://handlemyfile.com/sitemap.xml,0,0,0,0,0,0,0,0
20,https://handlemyfile.com/ro/comprimare-pdf-pentru-email,Compress PDF for Email - Shrink Large PDF Files under 25MB,text/html; charset=utf-8,false,200,0,https://handlemyfile.com/sitemap.xml,0,0,0,0,0,0,0,0
20,https://handlemyfile.com/zh/ti-qu-tu-xiang,从 PDF 中提取图像 - 保存 PDF 中的所有图片 | HandleMyFile,text/html; charset=utf-8,false,200,0,https://handlemyfile.com/sitemap.xml,0,0,0,0,0,0,0,0
20,https://handlemyfile.com/th/saeknepn-pdf,สแกนเป็น PDF - ทำให้ PDF ไม่สามารถแก้ไขได้ & แรสเตอร์ออนไลน์,text/html; charset=utf-8,false,200,0,https://handlemyfile.com/sitemap.xml,0,0,0,0,0,0,0,0
20,https://handlemyfile.com/es/pdf-escaneado-a-texto-ocr,Convert Scanned PDF to Text | HandleMyFile,text/html; charset=utf-8,false,200,0,https://handlemyfile.com/sitemap.xml,0,0,0,0,0,0,0,0
20,https://handlemyfile.com/sv/ppt-till-pdf,Konvertera PowerPoint till PDF - PPTX-bilder till PDF lokalt,text/html; charset=utf-8,false,200,0,https://handlemyfile.com/sitemap.xml,0,0,0,0,0,0,0,0
20,https://handlemyfile.com/de/bilder-extrahieren,Bilder aus PDF extrahieren – Alle Bilder aus PDF speichern,text/html; charset=utf-8,false,200,0,https://handlemyfile.com/sitemap.xml,0,0,0,0,0,0,0,0
20,https://handlemyfile.com/he/dchisat-pdf-ledoar-alektroni,Compress PDF for Email - Shrink Large PDF Files under 25MB,text/html; charset=utf-8,false,200,0,https://handlemyfile.com/sitemap.xml,0,0,0,0,0,0,0,0
20,https://handlemyfile.com/vi/pdf-sang-word-m-kh-ng-m-t-nh-d-ng,Free PDF to Word Converter (.docx) Without Losing Formatting,text/html; charset=utf-8,false,200,0,https://handlemyfile.com/sitemap.xml,0,0,0,0,0,0,0,0
20,https://handlemyfile.com/ro/comprimare-pdf-fara-pierderea-calitatii,Compress PDF Without Losing Quality - High Definition Los...,text/html; charset=utf-8,false,200,0,https://handlemyfile.com/sitemap.xml,0,0,0,0,0,0,0,0
20,https://handlemyfile.com/id/hapus-metadata-pdf,Hapus Metadata PDF - Sanitasi Properti Online | HandleMyFile,text/html; charset=utf-8,false,200,0,https://handlemyfile.com/sitemap.xml,0,0,0,0,0,0,0,0
20,https://handlemyfile.com/ko/pdfro-seukaen,PDF로 스캔 - PDF를 편집 불가능하게 만들고 온라인으로 래스터화 | HandleMyFile,text/html; charset=utf-8,false,200,0,https://handlemyfile.com/sitemap.xml,0,0,0,0,0,0,0,0
20,https://handlemyfile.com/tr/excel-den-csv-ye,Ücretsiz Excel'den CSV'ye Dönüştürücü (.xlsx'ten .csv'ye)...,text/html; charset=utf-8,false,200,0,https://handlemyfile.com/sitemap.xml,0,0,0,0,0,0,0,0
20,https://handlemyfile.com/vi/ppt-sang-pdf,Chuyển PowerPoint sang PDF - PPTX Slides sang PDF cục bộ,text/html; charset=utf-8,false,200,0,https://handlemyfile.com/sitemap.xml,0,0,0,0,0,0,0,0
20,https://handlemyfile.com/hu/pdf-osszehasonlitasa,PDF összehasonlítása – Keressen különbségeket két PDF között,text/html; charset=utf-8,false,200,0,https://handlemyfile.com/sitemap.xml,0,0,0,0,0,0,0,0
20,https://handlemyfile.com/sv/andra-storlek-pa-pdf,Ändra storlek på PDF-sidor - Ändra PDF-sidstorlek och mar...,text/html; charset=utf-8,false,200,0,https://handlemyfile.com/sitemap.xml,0,0,0,0,0,0,0,0
20,https://handlemyfile.com/ms/pdf-skala-kelabu,Tukar PDF kepada Skala Kelabu - PDF Hitam Putih Dalam Talian,text/html; charset=utf-8,false,200,0,https://handlemyfile.com/sitemap.xml,0,0,0,0,0,0,0,0
20,https://handlemyfile.com/fr/pdf-num-ris-en-texte-ocr,Convert Scanned PDF to Text | HandleMyFile,text/html; charset=utf-8,false,200,0,https://handlemyfile.com/sitemap.xml,0,0,0,0,0,0,0,0
20,https://handlemyfile.com/no/komprimer-pdf-for-epost,Compress PDF for Email - Shrink Large PDF Files under 25MB,text/html; charset=utf-8,false,200,0,https://handlemyfile.com/sitemap.xml,0,0,0,0,0,0,0,0
20,https://handlemyfile.com/sk/porovnat-pdf,Porovnanie PDF – nájdite rozdiely medzi dvoma PDF,text/html; charset=utf-8,false,200,0,https://handlemyfile.com/sitemap.xml,0,0,0,0,0,0,0,0
20,https://handlemyfile.com/id/scan-ke-pdf,Pindai ke PDF - Jadikan PDF Tidak Dapat Diedit & Rasteris...,text/html; charset=utf-8,false,200,0,https://handlemyfile.com/sitemap.xml,0,0,0,0,0,0,0,0
20,https://handlemyfile.com/ar/zl-lbynt-ltaaryfy,إزالة البيانات التعريفية لملف PDF - تعقيم الخصائص عبر الإ...,text/html; charset=utf-8,false,200,0,https://handlemyfile.com/sitemap.xml,0,0,0,0,0,0,0,0
20,https://handlemyfile.com/pl/skanuj-do-pliku-pdf,Skanuj do pliku PDF — uniemożliwiaj edycję pliku PDF i ra...,text/html; charset=utf-8,false,200,0,https://handlemyfile.com/sitemap.xml,0,0,0,0,0,0,0,0
20,https://handlemyfile.com/reverse-pdf,Reverse PDF Pages - Change PDF Page Order Backwards,text/html; charset=utf-8,false,200,0,https://handlemyfile.com/sitemap.xml,0,0,0,0,0,0,0,0
20,https://handlemyfile.com/el/scanned-pdf-to-text-ocr,Convert Scanned PDF to Text | HandleMyFile,text/html; charset=utf-8,false,200,0,https://handlemyfile.com/sitemap.xml,0,0,0,0,0,0,0,0
20,https://handlemyfile.com/hi/email-ke-liye-pdf-compress,Compress PDF for Email - Shrink Large PDF Files under 25MB,text/html; charset=utf-8,false,200,0,https://handlemyfile.com/sitemap.xml,0,0,0,0,0,0,0,0
20,https://handlemyfile.com/fi/skannaa-pdf-muotoon,Skannaa PDF-muotoon - Tee PDF-tiedostosta muokkauskelvoto...,text/html; charset=utf-8,false,200,0,https://handlemyfile.com/sitemap.xml,0,0,0,0,0,0,0,0
20,https://handlemyfile.com/fr/pdf-roc,OCR de navigateur gratuit - Extraire le texte des PDF et...,text/html; charset=utf-8,false,200,0,https://handlemyfile.com/sitemap.xml,0,0,0,0,0,0,0,0
20,https://handlemyfile.com/fi/ocr-pdf,Ilmainen selaimen OCR - Pura tekstiä skannatuista PDF-tie...,text/html; charset=utf-8,false,200,0,https://handlemyfile.com/sitemap.xml,0,0,0,0,0,0,0,0
20,https://handlemyfile.com/uk/vizualne-porivnyannya-failiv-pdf,Порівняйте два PDF-файли на візуальні відмінності,text/html; charset=utf-8,false,200,0,https://handlemyfile.com/sitemap.xml,0,0,0,0,0,0,0,0
20,https://handlemyfile.com/pt/extrair-imagens,Extraia imagens de PDF - Salve todas as imagens de PDF,text/html; charset=utf-8,false,200,0,https://handlemyfile.com/sitemap.xml,0,0,0,0,0,0,0,0
20,https://handlemyfile.com/el/pdf-word,Free PDF to Word Converter (.docx) Without Losing Formatting,text/html; charset=utf-8,false,200,0,https://handlemyfile.com/sitemap.xml,0,0,0,0,0,0,0,0
20,https://handlemyfile.com/de/excel-zu-csv,Kostenloser Excel-zu-CSV-Konverter (.xlsx zu .csv) – Kein...,text/html; charset=utf-8,false,200,0,https://handlemyfile.com/sitemap.xml,0,0,0,0,0,0,0,0
20,https://handlemyfile.com/fr/ajouter-des-num-ros-de-page-au-pdf-gratuitement,Ajouter des numéros de page au PDF gratuitement | Aucune...,text/html; charset=utf-8,false,200,0,https://handlemyfile.com/sitemap.xml,0,0,0,0,0,0,0,0
20,https://handlemyfile.com/th/bip-at-pdf,บีบอัด PDF ออนไลน์ - ลดขนาดไฟล์ลง 60-90% ในเครื่อง,text/html; charset=utf-8,false,200,0,https://handlemyfile.com/sitemap.xml,0,0,0,0,0,0,0,0
20,https://handlemyfile.com/cs/odstranit-metadata-autora-pdf,Odebrat jméno autora a skrytá metadata z PDF | HandleMyFile,text/html; charset=utf-8,false,200,0,https://handlemyfile.com/sitemap.xml,0,0,0,0,0,0,0,0
20,https://handlemyfile.com/es/reducir-el-tama-o-del-pdf-sin-conexi-n,Reduce PDF Size Offline | HandleMyFile,text/html; charset=utf-8,false,200,0,https://handlemyfile.com/sitemap.xml,0,0,0,0,0,0,0,0
20,https://handlemyfile.com/ko/txtreul-pdfro,온라인에서 TXT를 PDF로 변환 - 일반 텍스트를 PDF 문서로 | HandleMyFile,text/html; charset=utf-8,false,200,0,https://handlemyfile.com/sitemap.xml,0,0,0,0,0,0,0,0
20,https://handlemyfile.com/hi/rivrs-piiddiieph,पीडीएफ पेजों को उल्टा करें - पीडीएफ पेज का क्रम पीछे की ओ...,text/html; charset=utf-8,false,200,0,https://handlemyfile.com/sitemap.xml,0,0,0,0,0,0,0,0
20,https://handlemyfile.com/zh/ppt-zhuan-pdf,将 PowerPoint 转换为 PDF - PPTX 幻灯片本地转换为 PDF | HandleMyFile,text/html; charset=utf-8,false,200,0,https://handlemyfile.com/sitemap.xml,0,0,0,0,0,0,0,0
20,https://handlemyfile.com/uk/skanuvati-v-pdf,Сканування в PDF - Зробіть файл PDF недоступним для редаг...,text/html; charset=utf-8,false,200,0,https://handlemyfile.com/sitemap.xml,0,0,0,0,0,0,0,0
20,https://handlemyfile.com/ro/ad-uga-i-numere-de-pagini-la-pdf-gratuit,Adăugați numere de pagină în PDF gratuit | Fără Limite,text/html; charset=utf-8,false,200,0,https://handlemyfile.com/sitemap.xml,0,0,0,0,0,0,0,0
20,https://handlemyfile.com/ko/reduce-pdf-size-offline,Reduce PDF Size Offline | HandleMyFile,text/html; charset=utf-8,false,200,0,https://handlemyfile.com/sitemap.xml,0,0,0,0,0,0,0,0
20,https://handlemyfile.com/tr/csv-den-excel-e,Ücretsiz CSV'den Excel'e Dönüştürücü (.xlsx) - Anında Tar...,text/html; charset=utf-8,false,200,0,https://handlemyfile.com/sitemap.xml,0,0,0,0,0,0,0,0
20,https://handlemyfile.com/zh/ti-qu-pdf-gao-qing-tu-pian,免费从 PDF 中提取高分辨率图像 | HandleMyFile,text/html; charset=utf-8,false,200,0,https://handlemyfile.com/sitemap.xml,0,0,0,0,0,0,0,0
20,https://handlemyfile.com/pdf-to-word-without-losing-formatting,Free PDF to Word Converter (.docx) Without Losing Formatting,text/html; charset=utf-8,false,200,0,https://handlemyfile.com/sitemap.xml,0,0,0,0,0,0,0,0
20,https://handlemyfile.com/nl/grijswaarden-pdf-voor-afdrukken,Converteer kleuren-PDF naar grijswaarden voor afdrukken,text/html; charset=utf-8,false,200,0,https://handlemyfile.com/sitemap.xml,0,0,0,0,0,0,0,0
20,https://handlemyfile.com/zh/tu-pian-zhuan-pdf,在线将 JPG 和 PNG 转换为 PDF - 将图像本地转换为 PDF | HandleMyFile,text/html; charset=utf-8,false,200,0,https://handlemyfile.com/sitemap.xml,0,0,0,0,0,0,0,0
20,https://handlemyfile.com/pt/converter-pdf-digitalizado-em-texto,Converter PDF digitalizado em texto pesquisável | OCR grátis,text/html; charset=utf-8,false,200,0,https://handlemyfile.com/sitemap.xml,0,0,0,0,0,0,0,0
20,https://handlemyfile.com/tr/txt-den-pdf-ye,TXT'yi Çevrimiçi Olarak PDF'ye Dönüştürün - Düz Metinden...,text/html; charset=utf-8,false,200,0,https://handlemyfile.com/sitemap.xml,0,0,0,0,0,0,0,0
20,https://handlemyfile.com/pdf-to-image,Convert PDF to JPG/PNG Images Online - Extract Pages to ZIP,text/html; charset=utf-8,false,200,0,https://handlemyfile.com/sitemap.xml,0,0,0,0,0,0,0,0
20,https://handlemyfile.com/zh/fan-zhuan-pdf,反转 PDF 页面 - 向后更改 PDF 页面顺序 | HandleMyFile,text/html; charset=utf-8,false,200,0,https://handlemyfile.com/sitemap.xml,0,0,0,0,0,0,0,0
20,https://handlemyfile.com/pl/wyodrebnij-obrazy,Wyodrębnij obrazy z pliku PDF — zapisz wszystkie obrazy z...,text/html; charset=utf-8,false,200,0,https://handlemyfile.com/sitemap.xml,0,0,0,0,0,0,0,0
20,https://handlemyfile.com/de/pdf-metadaten-entfernen,PDF-Metadaten entfernen – Eigenschaften online bereinigen,text/html; charset=utf-8,false,200,0,https://handlemyfile.com/sitemap.xml,0,0,0,0,0,0,0,0
20,https://handlemyfile.com/pt/reduzir-o-tamanho-do-pdf-off-line,Reduce PDF Size Offline | HandleMyFile,text/html; charset=utf-8,false,200,0,https://handlemyfile.com/sitemap.xml,0,0,0,0,0,0,0,0
20,https://handlemyfile.com/ko/inseoyong-geureiseukeil-pdf,인쇄를 위해 컬러 PDF를 그레이스케일로 변환 | HandleMyFile,text/html; charset=utf-8,false,200,0,https://handlemyfile.com/sitemap.xml,0,0,0,0,0,0,0,0
20,https://handlemyfile.com/it/pdf-in-immagine,Converti PDF in immagini JPG/PNG online - Estrai le pagin...,text/html; charset=utf-8,false,200,0,https://handlemyfile.com/sitemap.xml,0,0,0,0,0,0,0,0
20,https://handlemyfile.com/sk/oreza-okraje-pdf,Orezať biele okraje zo stránok PDF zadarmo | HandleMyFile,text/html; charset=utf-8,false,200,0,https://handlemyfile.com/sitemap.xml,0,0,0,0,0,0,0,0
20,https://handlemyfile.com/uk/txt-u-pdf,Конвертуйте TXT у PDF онлайн - звичайний текст у PDF-доку...,text/html; charset=utf-8,false,200,0,https://handlemyfile.com/sitemap.xml,0,0,0,0,0,0,0,0
20,https://handlemyfile.com/hu/szurkearnyalatos-pdf,PDF konvertálása szürkeárnyalatossá – fekete-fehér PDF on...,text/html; charset=utf-8,false,200,0,https://handlemyfile.com/sitemap.xml,0,0,0,0,0,0,0,0
20,https://handlemyfile.com/id/kompres-pdf-tanpa-mengurangi-kualitas,Kompres PDF Tanpa Mengurangi Kualitas - Lossless High Def...,text/html; charset=utf-8,false,200,0,https://handlemyfile.com/sitemap.xml,0,0,0,0,0,0,0,0
20,https://handlemyfile.com/da/csv-til-excel,Gratis CSV til Excel Converter (.xlsx) - Instant Browser...,text/html; charset=utf-8,false,200,0,https://handlemyfile.com/sitemap.xml,0,0,0,0,0,0,0,0
20,https://handlemyfile.com/vi/bien-tap-lai-pdf,Làm lại PDF - Xóa văn bản và hình ảnh một cách an toàn,text/html; charset=utf-8,false,200,0,https://handlemyfile.com/sitemap.xml,0,0,0,0,0,0,0,0
20,https://handlemyfile.com/da/tilf-j-sidetal-til-pdf-gratis,Tilføj sidetal til PDF Gratis | Ingen grænser | HandleMyFile,text/html; charset=utf-8,false,200,0,https://handlemyfile.com/sitemap.xml,0,0,0,0,0,0,0,0
20,https://handlemyfile.com/ar/stkhrj-lswr,استخراج الصور من PDF - حفظ جميع الصور من PDF | HandleMyFile,text/html; charset=utf-8,false,200,0,https://handlemyfile.com/sitemap.xml,0,0,0,0,0,0,0,0
20,https://handlemyfile.com/de/seitenzahlen-kostenlos-zum-pdf-hinzuf-gen,Seitenzahlen zu PDF kostenlos hinzufügen | Keine Grenzen,text/html; charset=utf-8,false,200,0,https://handlemyfile.com/sitemap.xml,0,0,0,0,0,0,0,0
20,https://handlemyfile.com/ja/hinshitsu-wo-otosazu-ni-pdf-wo-asshuku,Compress PDF Without Losing Quality - High Definition Los...,text/html; charset=utf-8,false,200,0,https://handlemyfile.com/sitemap.xml,0,0,0,0,0,0,0,0
20,https://handlemyfile.com/ar/txt-l~-pdf,تحويل TXT إلى PDF عبر الإنترنت - نص عادي إلى مستند PDF,text/html; charset=utf-8,false,200,0,https://handlemyfile.com/sitemap.xml,0,0,0,0,0,0,0,0
20,https://handlemyfile.com/sv/komprimera-pdf-for-epost,Compress PDF for Email - Shrink Large PDF Files under 25MB,text/html; charset=utf-8,false,200,0,https://handlemyfile.com/sitemap.xml,0,0,0,0,0,0,0,0
20,https://handlemyfile.com/ru/obratnyy-pdf,Обратные страницы PDF — изменение порядка страниц PDF в о...,text/html; charset=utf-8,false,200,0,https://handlemyfile.com/sitemap.xml,0,0,0,0,0,0,0,0
20,https://handlemyfile.com/fi/yhdist-pdf-tiedostoja-offline-tilassa,Yhdistä PDF-tiedostoja offline-tilassa Ilmainen | 100 % t...,text/html; charset=utf-8,false,200,0,https://handlemyfile.com/sitemap.xml,0,0,0,0,0,0,0,0
20,https://handlemyfile.com/pl/dodaj-numery-stron-do-pliku-pdf-za-darmo,Dodaj numery stron do pliku PDF za darmo | Bez ograniczeń,text/html; charset=utf-8,false,200,0,https://handlemyfile.com/sitemap.xml,0,0,0,0,0,0,0,0
20,https://handlemyfile.com/pl/zmniejsz-rozmiar-pliku-pdf-w-trybie-offline,Reduce PDF Size Offline | HandleMyFile,text/html; charset=utf-8,false,200,0,https://handlemyfile.com/sitemap.xml,0,0,0,0,0,0,0,0
20,https://handlemyfile.com/ko/pdf-apchuk,PDF를 온라인으로 압축 - 로컬에서 파일 크기를 60-90% 줄이기 | HandleMyFile,text/html; charset=utf-8,false,200,0,https://handlemyfile.com/sitemap.xml,0,0,0,0,0,0,0,0
20,https://handlemyfile.com/ko/geureiseukeil-pdf,PDF를 회색조로 변환 - 흑백 PDF 온라인 | HandleMyFile,text/html; charset=utf-8,false,200,0,https://handlemyfile.com/sitemap.xml,0,0,0,0,0,0,0,0
20,https://handlemyfile.com/tr/ppt-den-pdf-ye,PowerPoint'i PDF'ye - PPTX Slaytlarını Yerel Olarak PDF'y...,text/html; charset=utf-8,false,200,0,https://handlemyfile.com/sitemap.xml,0,0,0,0,0,0,0,0
20,https://handlemyfile.com/zh/li-xian-he-bing-pdf-wen-jian,Merge PDF Files Offline Free | 100% Secure | HandleMyFile,text/html; charset=utf-8,false,200,0,https://handlemyfile.com/sitemap.xml,0,0,0,0,0,0,0,0
20,https://handlemyfile.com/th/priap-thiap-fai-pdf-tam-phap,เปรียบเทียบไฟล์ PDF สองไฟล์เพื่อดูความแตกต่างทางสายตา,text/html; charset=utf-8,false,200,0,https://handlemyfile.com/sitemap.xml,0,0,0,0,0,0,0,0
20,https://handlemyfile.com/ja/excel-kara-csv,無料の Excel から CSV コンバーター (.xlsx から .csv) - アップロード不要,text/html; charset=utf-8,false,200,0,https://handlemyfile.com/sitemap.xml,0,0,0,0,0,0,0,0
20,https://handlemyfile.com/cs/o-znout-okraje-pdf,Oříznout bílé okraje ze stránek PDF zdarma | HandleMyFile,text/html; charset=utf-8,false,200,0,https://handlemyfile.com/sitemap.xml,0,0,0,0,0,0,0,0
20,https://handlemyfile.com/zh/youjian-yasuo-pdf,Compress PDF for Email - Shrink Large PDF Files under 25MB,text/html; charset=utf-8,false,200,0,https://handlemyfile.com/sitemap.xml,0,0,0,0,0,0,0,0
20,https://handlemyfile.com/tr/eposta-icin-pdf-sikistir,Compress PDF for Email - Shrink Large PDF Files under 25MB,text/html; charset=utf-8,false,200,0,https://handlemyfile.com/sitemap.xml,0,0,0,0,0,0,0,0
20,https://handlemyfile.com/tr/pdf-den-ppt-ye,Ücretsiz PDF'den PowerPoint'e Dönüştürücü (.pptx) - Sıfır...,text/html; charset=utf-8,false,200,0,https://handlemyfile.com/sitemap.xml,0,0,0,0,0,0,0,0
20,https://handlemyfile.com/it/convertire-pdf-scansionati-in-testo,Converti PDF scansionato in testo ricercabile | OCR gratuito,text/html; charset=utf-8,false,200,0,https://handlemyfile.com/sitemap.xml,0,0,0,0,0,0,0,0
20,https://handlemyfile.com/de/pdf-zu-bild,Konvertieren Sie PDF-Bilder online in JPG/PNG-Bilder – Ex...,text/html; charset=utf-8,false,200,0,https://handlemyfile.com/sitemap.xml,0,0,0,0,0,0,0,0
20,https://handlemyfile.com/sk/zmen-i-ve-kos-pdf-offline,Reduce PDF Size Offline | HandleMyFile,text/html; charset=utf-8,false,200,0,https://handlemyfile.com/sitemap.xml,0,0,0,0,0,0,0,0
20,https://handlemyfile.com/ms/pdf-skala-kelabu-untuk-dicetak,Tukar PDF Warna kepada Skala Kelabu untuk Pencetakan,text/html; charset=utf-8,false,200,0,https://handlemyfile.com/sitemap.xml,0,0,0,0,0,0,0,0
20,https://handlemyfile.com/vi/x-a-h-nh-m-pdf-tr-c-tuy-n,Xóa hình mờ PDF trực tuyến miễn phí | Làm sạch các tệp PDF,text/html; charset=utf-8,false,200,0,https://handlemyfile.com/sitemap.xml,0,0,0,0,0,0,0,0
20,https://handlemyfile.com/fi/poista-metatiedot,Poista PDF-metatiedot - Puhdista ominaisuudet verkossa,text/html; charset=utf-8,false,200,0,https://handlemyfile.com/sitemap.xml,0,0,0,0,0,0,0,0
20,https://handlemyfile.com/sk/pdf-k-obrazku,Konvertovať obrázky PDF do formátu JPG/PNG online – extra...,text/html; charset=utf-8,false,200,0,https://handlemyfile.com/sitemap.xml,0,0,0,0,0,0,0,0
20,https://handlemyfile.com/reduce-pdf-size-offline,Reduce PDF Size Offline | HandleMyFile,text/html; charset=utf-8,false,200,0,https://handlemyfile.com/sitemap.xml,0,0,0,0,0,0,0,0
20,https://handlemyfile.com/nl/afbeeldingen-extraheren,Afbeeldingen uit PDF extraheren - Alle afbeeldingen uit P...,text/html; charset=utf-8,false,200,0,https://handlemyfile.com/sitemap.xml,0,0,0,0,0,0,0,0
20,https://handlemyfile.com/es/comprimir-pdf-a-100kb,Compress PDF to 100KB - Online PDF Shrinker to 100KB,text/html; charset=utf-8,false,200,0,https://handlemyfile.com/sitemap.xml,0,0,0,0,0,0,0,0
20,https://handlemyfile.com/no/beskj-re-pdf-marginer,Beskjær hvite marger fra PDF-sider gratis | HandleMyFile,text/html; charset=utf-8,false,200,0,https://handlemyfile.com/sitemap.xml,0,0,0,0,0,0,0,0
20,https://handlemyfile.com/cs/extrahovat-obr-zky-ve-vysok-m-rozli-en-pdf,Extrahujte obrázky ve vysokém rozlišení z PDF zdarma,text/html; charset=utf-8,false,200,0,https://handlemyfile.com/sitemap.xml,0,0,0,0,0,0,0,0
20,https://handlemyfile.com/fr/pdf-en-niveaux-de-gris,Convertir un PDF en niveaux de gris - PDF noir et blanc e...,text/html; charset=utf-8,false,200,0,https://handlemyfile.com/sitemap.xml,0,0,0,0,0,0,0,0
20,https://handlemyfile.com/pt/comprimir-pdf-sem-perder-qualidade,Compress PDF Without Losing Quality - High Definition Los...,text/html; charset=utf-8,false,200,0,https://handlemyfile.com/sitemap.xml,0,0,0,0,0,0,0,0
20,https://handlemyfile.com/ja/pdf-kara-ppt,無料の PDF から PowerPoint コンバーター (.pptx) - アップロード不要,text/html; charset=utf-8,false,200,0,https://handlemyfile.com/sitemap.xml,0,0,0,0,0,0,0,0
20,https://handlemyfile.com/pt/texto-para-pdf,Converta TXT para PDF Online - Texto Simples para Documen...,text/html; charset=utf-8,false,200,0,https://handlemyfile.com/sitemap.xml,0,0,0,0,0,0,0,0
20,https://handlemyfile.com/fi/poista-pdf-kirjoittajan-metatiedot,Poista tekijän nimi ja piilotetut metatiedot PDF-tiedostosta,text/html; charset=utf-8,false,200,0,https://handlemyfile.com/sitemap.xml,0,0,0,0,0,0,0,0
20,https://handlemyfile.com/hi/eksel-se-piiddiieph,एक्सेल को ऑनलाइन पीडीएफ में बदलें - एक्सएलएसएक्स और एक्सए...,text/html; charset=utf-8,false,200,0,https://handlemyfile.com/sitemap.xml,0,0,0,0,0,0,0,0
20,https://handlemyfile.com/es/excel-a-pdf,Convierta Excel a PDF en línea: XLSX y XLS a PDF localmente,text/html; charset=utf-8,false,200,0,https://handlemyfile.com/sitemap.xml,0,0,0,0,0,0,0,0
20,https://handlemyfile.com/ar/daght-pdf-lil-barid,Compress PDF for Email - Shrink Large PDF Files under 25MB,text/html; charset=utf-8,false,200,0,https://handlemyfile.com/sitemap.xml,0,0,0,0,0,0,0,0
20,https://handlemyfile.com/vi/pdf-ocr,Trình duyệt miễn phí OCR - Trích xuất văn bản từ PDF và h...,text/html; charset=utf-8,false,200,0,https://handlemyfile.com/sitemap.xml,0,0,0,0,0,0,0,0
20,https://handlemyfile.com/pt/remover-marca-d-gua-de-pdf-on-line,Remover marca d'água de PDF online gratuitamente | Limpar...,text/html; charset=utf-8,false,200,0,https://handlemyfile.com/sitemap.xml,0,0,0,0,0,0,0,0
20,https://handlemyfile.com/sk/vizu-lne-porovn-va-s-bory-pdf,Porovnajte dva súbory PDF pre vizuálne rozdiely,text/html; charset=utf-8,false,200,0,https://handlemyfile.com/sitemap.xml,0,0,0,0,0,0,0,0
20,https://handlemyfile.com/merge-pdf-files-offline,Merge PDF Files Offline Free | 100% Secure | HandleMyFile,text/html; charset=utf-8,false,200,0,https://handlemyfile.com/sitemap.xml,0,0,0,0,0,0,0,0
20,https://handlemyfile.com/pt/remover-metadados-do-autor-do-pdf,Remova o nome do autor e os metadados ocultos do PDF,text/html; charset=utf-8,false,200,0,https://handlemyfile.com/sitemap.xml,0,0,0,0,0,0,0,0
20,https://handlemyfile.com/fi/vertaa-pdf,Vertaa PDF - Etsi eroja kahden PDF-tiedoston välillä,text/html; charset=utf-8,false,200,0,https://handlemyfile.com/sitemap.xml,0,0,0,0,0,0,0,0
20,https://handlemyfile.com/pl/kompresuj-pdf-bez-utraty-jakosci,Compress PDF Without Losing Quality - High Definition Los...,text/html; charset=utf-8,false,200,0,https://handlemyfile.com/sitemap.xml,0,0,0,0,0,0,0,0
20,https://handlemyfile.com/ru/szhat-pdf-do-100kb,Compress PDF to 100KB - Online PDF Shrinker to 100KB,text/html; charset=utf-8,false,200,0,https://handlemyfile.com/sitemap.xml,0,0,0,0,0,0,0,0
20,https://handlemyfile.com/es/extraer-imagenes,Extraer imágenes de PDF: guardar todas las imágenes de PDF,text/html; charset=utf-8,false,200,0,https://handlemyfile.com/sitemap.xml,0,0,0,0,0,0,0,0
20,https://handlemyfile.com/uk/obrizaty-polya-pdf,Обрізати білі поля зі сторінок PDF безкоштовно,text/html; charset=utf-8,false,200,0,https://handlemyfile.com/sitemap.xml,0,0,0,0,0,0,0,0
20,https://handlemyfile.com/hi/extract-high-res-images-pdf-hi,पीडीएफ से निःशुल्क उच्च रिजोल्यूशन छवियाँ निकालें,text/html; charset=utf-8,false,200,0,https://handlemyfile.com/sitemap.xml,0,0,0,0,0,0,0,0
20,https://handlemyfile.com/sv/konvertera-skannade-pdf-till-text,Konvertera skannad PDF till sökbar text | Gratis OCR,text/html; charset=utf-8,false,200,0,https://handlemyfile.com/sitemap.xml,0,0,0,0,0,0,0,0
20,https://handlemyfile.com/da/pdf-til-ppt,Gratis PDF til PowerPoint Converter (.pptx) - Nul uploads,text/html; charset=utf-8,false,200,0,https://handlemyfile.com/sitemap.xml,0,0,0,0,0,0,0,0
20,https://handlemyfile.com/no/gr-toner-pdf-for-utskrift,Konverter farge-PDF til gråtoner for utskrift | HandleMyFile,text/html; charset=utf-8,false,200,0,https://handlemyfile.com/sitemap.xml,0,0,0,0,0,0,0,0
20,https://handlemyfile.com/es/ocr-pdf-a-texto,OCR de navegador gratuito: extraiga texto de imágenes y P...,text/html; charset=utf-8,false,200,0,https://handlemyfile.com/sitemap.xml,0,0,0,0,0,0,0,0
20,https://handlemyfile.com/it/pdf-scansionato-in-testo-ocr,Convert Scanned PDF to Text | HandleMyFile,text/html; charset=utf-8,false,200,0,https://handlemyfile.com/sitemap.xml,0,0,0,0,0,0,0,0
20,https://handlemyfile.com/ru/ppt-v-pdf,Преобразование PowerPoint в PDF — слайды PPTX в PDF локально,text/html; charset=utf-8,false,200,0,https://handlemyfile.com/sitemap.xml,0,0,0,0,0,0,0,0
20,https://handlemyfile.com/zh/sao-miao-pdf-zhuan-wen-zi,Convert Scanned PDF to Searchable Text | Free OCR,text/html; charset=utf-8,false,200,0,https://handlemyfile.com/sitemap.xml,0,0,0,0,0,0,0,0
20,https://handlemyfile.com/he/pdf-ltmvnh,המר תמונות PDF ל-JPG/PNG באינטרנט - חלץ דפים ל-ZIP,text/html; charset=utf-8,false,200,0,https://handlemyfile.com/sitemap.xml,0,0,0,0,0,0,0,0
20,https://handlemyfile.com/zh/shan-chu-yuan-shu-ju,删除 PDF 元数据 - 在线清理属性 | HandleMyFile,text/html; charset=utf-8,false,200,0,https://handlemyfile.com/sitemap.xml,0,0,0,0,0,0,0,0
20,https://handlemyfile.com/no/gratoner-pdf,Konverter PDF til gråtoner - Svart-hvitt PDF Online,text/html; charset=utf-8,false,200,0,https://handlemyfile.com/sitemap.xml,0,0,0,0,0,0,0,0
20,https://handlemyfile.com/nl/verwijder-pdf-watermerk-online,PDF-watermerk online gratis verwijderen | Schone PDF's,text/html; charset=utf-8,false,200,0,https://handlemyfile.com/sitemap.xml,0,0,0,0,0,0,0,0
20,https://handlemyfile.com/ja/pdf-choshamei-metadeeta-sakujo,PDF から作成者名と非表示のメタデータを削除する | HandleMyFile,text/html; charset=utf-8,false,200,0,https://handlemyfile.com/sitemap.xml,0,0,0,0,0,0,0,0
20,https://handlemyfile.com/it/scansione-in-pdf,Scansione su PDF: rendi PDF non modificabile e rasterizza...,text/html; charset=utf-8,false,200,0,https://handlemyfile.com/sitemap.xml,0,0,0,0,0,0,0,0
20,https://handlemyfile.com/ar/daght-pdf-ila-100kb,Compress PDF to 100KB - Online PDF Shrinker to 100KB,text/html; charset=utf-8,false,200,0,https://handlemyfile.com/sitemap.xml,0,0,0,0,0,0,0,0
20,https://handlemyfile.com/ro/mbina-fi-ierele-pdf-offline,Îmbinați fișiere PDF offline gratuit | 100% sigur,text/html; charset=utf-8,false,200,0,https://handlemyfile.com/sitemap.xml,0,0,0,0,0,0,0,0
20,https://handlemyfile.com/he/scanned-pdf-to-text-ocr,Convert Scanned PDF to Text | HandleMyFile,text/html; charset=utf-8,false,200,0,https://handlemyfile.com/sitemap.xml,0,0,0,0,0,0,0,0
20,https://handlemyfile.com/sk/pdf-v-odtie-och-sivej-na-tla,Previesť farebné PDF do odtieňov sivej na tlač,text/html; charset=utf-8,false,200,0,https://handlemyfile.com/sitemap.xml,0,0,0,0,0,0,0,0
20,https://handlemyfile.com/he/tmvnh-l-pdf,המר JPG ו-PNG ל-PDF באינטרנט - תמונות ל-PDF באופן מקומי,text/html; charset=utf-8,false,200,0,https://handlemyfile.com/sitemap.xml,0,0,0,0,0,0,0,0
20,https://handlemyfile.com/uk/vydalyty-vodyanyi-znak-pdf-onlain,Видалити водяний знак PDF онлайн безкоштовно | Чисті PDF-...,text/html; charset=utf-8,false,200,0,https://handlemyfile.com/sitemap.xml,0,0,0,0,0,0,0,0
20,https://handlemyfile.com/de/pdf-dateien-offline-zusammenf-hren,PDF-Dateien offline kostenlos zusammenführen | 100 % sicher,text/html; charset=utf-8,false,200,0,https://handlemyfile.com/sitemap.xml,0,0,0,0,0,0,0,0
20,https://handlemyfile.com/fr/supprimer-metadonnees-pdf,Supprimer les métadonnées PDF - Désinfecter les propriété...,text/html; charset=utf-8,false,200,0,https://handlemyfile.com/sitemap.xml,0,0,0,0,0,0,0,0
20,https://handlemyfile.com/fi/sensuroi-pdf,Muokkaa PDF - Pimennä teksti ja kuvat turvallisesti,text/html; charset=utf-8,false,200,0,https://handlemyfile.com/sitemap.xml,0,0,0,0,0,0,0,0
20,https://handlemyfile.com/image-to-pdf,Convert JPG & PNG to PDF Online - Images to PDF Locally,text/html; charset=utf-8,false,200,0,https://handlemyfile.com/sitemap.xml,0,0,0,0,0,0,0,0
20,https://handlemyfile.com/ro/pdf-scanat-n-text-ocr,Convert Scanned PDF to Text | HandleMyFile,text/html; charset=utf-8,false,200,0,https://handlemyfile.com/sitemap.xml,0,0,0,0,0,0,0,0
20,https://handlemyfile.com/pl/scalaj-pliki-pdf-w-trybie-offline,Scal pliki PDF w trybie offline za darmo | 100% bezpiecze...,text/html; charset=utf-8,false,200,0,https://handlemyfile.com/sitemap.xml,0,0,0,0,0,0,0,0
20,https://handlemyfile.com/fr/pdf-en-ppt,Convertisseur gratuit de PDF en PowerPoint (.pptx) - Aucu...,text/html; charset=utf-8,false,200,0,https://handlemyfile.com/sitemap.xml,0,0,0,0,0,0,0,0
20,https://handlemyfile.com/hi/scanned-pdf-to-text-ocr,Convert Scanned PDF to Text | HandleMyFile,text/html; charset=utf-8,false,200,0,https://handlemyfile.com/sitemap.xml,0,0,0,0,0,0,0,0
20,https://handlemyfile.com/hu/beolvasas-pdf-be,Szkennelés PDF-be – Tedd a PDF-et szerkeszthetetlenné és...,text/html; charset=utf-8,false,200,0,https://handlemyfile.com/sitemap.xml,0,0,0,0,0,0,0,0
20,https://handlemyfile.com/it/ppt-in-pdf,Converti PowerPoint in PDF - Diapositive PPTX in PDF loca...,text/html; charset=utf-8,false,200,0,https://handlemyfile.com/sitemap.xml,0,0,0,0,0,0,0,0
20,https://handlemyfile.com/it/testo-in-pdf,Converti TXT in PDF online - Testo semplice in documento PDF,text/html; charset=utf-8,false,200,0,https://handlemyfile.com/sitemap.xml,0,0,0,0,0,0,0,0
20,https://handlemyfile.com/nl/grijswaarden-pdf,Converteer PDF naar grijswaarden - Zwart-wit PDF online,text/html; charset=utf-8,false,200,0,https://handlemyfile.com/sitemap.xml,0,0,0,0,0,0,0,0
20,https://handlemyfile.com/he/mizug-kovtsei-pdf-offline,מיזוג קבצי PDF לא מקוון חינם | 100% מאובטח | HandleMyFile,text/html; charset=utf-8,false,200,0,https://handlemyfile.com/sitemap.xml,0,0,0,0,0,0,0,0
20,https://handlemyfile.com/sk/obrazok-do-pdf,Prevod JPG a PNG do PDF online – obrázky do PDF lokálne,text/html; charset=utf-8,false,200,0,https://handlemyfile.com/sitemap.xml,0,0,0,0,0,0,0,0
20,https://handlemyfile.com/zh/bi-jiao-pdf,比较 PDF - 查找两个 PDF 之间的差异 | HandleMyFile,text/html; charset=utf-8,false,200,0,https://handlemyfile.com/sitemap.xml,0,0,0,0,0,0,0,0
20,https://handlemyfile.com/ro/reduce-i-dimensiunea-pdf-offline,Reduce PDF Size Offline | HandleMyFile,text/html; charset=utf-8,false,200,0,https://handlemyfile.com/sitemap.xml,0,0,0,0,0,0,0,0
20,https://handlemyfile.com/el/pdf,Μετατροπή σαρωμένου PDF σε κείμενο με δυνατότητα αναζήτησ...,text/html; charset=utf-8,false,200,0,https://handlemyfile.com/sitemap.xml,0,0,0,0,0,0,0,0
20,https://handlemyfile.com/it/unisci-file-pdf-offline,Unisci file PDF offline gratuitamente | Sicuro al 100%.,text/html; charset=utf-8,false,200,0,https://handlemyfile.com/sitemap.xml,0,0,0,0,0,0,0,0
20,https://handlemyfile.com/es/pdf-en-escala-de-grises,Convierta PDF a escala de grises: PDF en blanco y negro e...,text/html; charset=utf-8,false,200,0,https://handlemyfile.com/sitemap.xml,0,0,0,0,0,0,0,0
20,https://handlemyfile.com/it/rimuovi-metadati-pdf,Rimuovi metadati PDF - Sanifica proprietà online,text/html; charset=utf-8,false,200,0,https://handlemyfile.com/sitemap.xml,0,0,0,0,0,0,0,0
20,https://handlemyfile.com/he/ocr-pdf,OCR דפדפן בחינם - חלץ טקסט מ-PDF ותמונות סרוקות,text/html; charset=utf-8,false,200,0,https://handlemyfile.com/sitemap.xml,0,0,0,0,0,0,0,0
20,https://handlemyfile.com/uk/pdf-word,Free PDF to Word Converter (.docx) Without Losing Formatting,text/html; charset=utf-8,false,200,0,https://handlemyfile.com/sitemap.xml,0,0,0,0,0,0,0,0
20,https://handlemyfile.com/ko/pdf-yeobaek-jareugi,PDF 페이지에서 무료로 흰색 여백 자르기 | HandleMyFile,text/html; charset=utf-8,false,200,0,https://handlemyfile.com/sitemap.xml,0,0,0,0,0,0,0,0
20,https://handlemyfile.com/it/comprimi-pdf-a-100kb,Compress PDF to 100KB - Online PDF Shrinker to 100KB,text/html; charset=utf-8,false,200,0,https://handlemyfile.com/sitemap.xml,0,0,0,0,0,0,0,0
20,https://handlemyfile.com/nl/scannen-naar-pdf,Scannen naar PDF - PDF onbewerkbaar maken en online rasteren,text/html; charset=utf-8,false,200,0,https://handlemyfile.com/sitemap.xml,0,0,0,0,0,0,0,0
20,https://handlemyfile.com/excel-to-pdf,Convert Excel to PDF Online - XLSX & XLS to PDF Locally,text/html; charset=utf-8,false,200,0,https://handlemyfile.com/sitemap.xml,0,0,0,0,0,0,0,0
20,https://handlemyfile.com/ms/bandingkan-fail-pdf-secara-visual,Bandingkan Dua Fail PDF untuk Perbezaan Visual,text/html; charset=utf-8,false,200,0,https://handlemyfile.com/sitemap.xml,0,0,0,0,0,0,0,0
20,https://handlemyfile.com/de/pdf-r-nder-zuschneiden,Weiße Ränder von PDF-Seiten kostenlos zuschneiden,text/html; charset=utf-8,false,200,0,https://handlemyfile.com/sitemap.xml,0,0,0,0,0,0,0,0
20,https://handlemyfile.com/ar/aaks-pdf,عكس صفحات PDF - تغيير ترتيب صفحات PDF للخلف | HandleMyFile,text/html; charset=utf-8,false,200,0,https://handlemyfile.com/sitemap.xml,0,0,0,0,0,0,0,0
20,https://handlemyfile.com/ko/pdf-gohaasangdo-imeji-chuchul,PDF에서 고해상도 이미지를 무료로 추출하세요 | HandleMyFile,text/html; charset=utf-8,false,200,0,https://handlemyfile.com/sitemap.xml,0,0,0,0,0,0,0,0
20,https://handlemyfile.com/ru/udalit-vodyanoi-znak-pdf-onlain,Удалить водяной знак PDF онлайн бесплатно | Очистить PDF-...,text/html; charset=utf-8,false,200,0,https://handlemyfile.com/sitemap.xml,0,0,0,0,0,0,0,0
20,https://handlemyfile.com/cs/p-ev-st-naskenovan-pdf-na-text,Převést naskenované PDF na prohledávatelný text | OCR zdarma,text/html; charset=utf-8,false,200,0,https://handlemyfile.com/sitemap.xml,0,0,0,0,0,0,0,0
20,https://handlemyfile.com/he/hashvaat-kovtsei-pdf-hazutit,השווה שני קבצי PDF עבור הבדלים חזותיים | HandleMyFile,text/html; charset=utf-8,false,200,0,https://handlemyfile.com/sitemap.xml,0,0,0,0,0,0,0,0
20,https://handlemyfile.com/pt/imagem-para-pdf,Converta JPG e PNG para PDF Online - Imagens para PDF loc...,text/html; charset=utf-8,false,200,0,https://handlemyfile.com/sitemap.xml,0,0,0,0,0,0,0,0
20,https://handlemyfile.com/es/recortar-m-rgenes-de-pdf,Recortar márgenes blancos de páginas PDF gratis,text/html; charset=utf-8,false,200,0,https://handlemyfile.com/sitemap.xml,0,0,0,0,0,0,0,0
20,https://handlemyfile.com/cs/porovnat-pdf,Porovnat PDF – najít rozdíly mezi dvěma PDF | HandleMyFile,text/html; charset=utf-8,false,200,0,https://handlemyfile.com/sitemap.xml,0,0,0,0,0,0,0,0
20,https://handlemyfile.com/pl/konwertuj-zeskanowany-plik-pdf-na-tekst,Konwertuj zeskanowany plik PDF na tekst z możliwością wys...,text/html; charset=utf-8,false,200,0,https://handlemyfile.com/sitemap.xml,0,0,0,0,0,0,0,0
20,https://handlemyfile.com/sk/extrahova-obr-zky-vo-vysokom-rozl-en-pdf,Extrahujte obrázky vo vysokom rozlíšení z PDF zadarmo,text/html; charset=utf-8,false,200,0,https://handlemyfile.com/sitemap.xml,0,0,0,0,0,0,0,0
20,https://handlemyfile.com/th/csv-epn-excel,ฟรี CSV เป็น Excel Converter (.xlsx) - โปรแกรมเบราว์เซอร์...,text/html; charset=utf-8,false,200,0,https://handlemyfile.com/sitemap.xml,0,0,0,0,0,0,0,0
20,https://handlemyfile.com/de/pdf-zu-ppt,Kostenloser PDF-zu-PowerPoint-Konverter (.pptx) – Keine U...,text/html; charset=utf-8,false,200,0,https://handlemyfile.com/sitemap.xml,0,0,0,0,0,0,0,0
20,https://handlemyfile.com/ar/lswr-l~-pdf,تحويل JPG وPNG إلى PDF عبر الإنترنت - الصور إلى PDF محليًا,text/html; charset=utf-8,false,200,0,https://handlemyfile.com/sitemap.xml,0,0,0,0,0,0,0,0
20,https://handlemyfile.com/he/pdf-bgvvny-pvr,המרת PDF לגווני אפור - PDF בשחור לבן | HandleMyFile,text/html; charset=utf-8,false,200,0,https://handlemyfile.com/sitemap.xml,0,0,0,0,0,0,0,0
20,https://handlemyfile.com/fi/pakkaa-pdf,Pakkaa PDF Online - Pienennä tiedostokokoa 60-90 % paikal...,text/html; charset=utf-8,false,200,0,https://handlemyfile.com/sitemap.xml,0,0,0,0,0,0,0,0
20,https://handlemyfile.com/tr/ters-pdf,PDF Sayfalarını Tersine Çevir - PDF Sayfa Sırasını Geriye...,text/html; charset=utf-8,false,200,0,https://handlemyfile.com/sitemap.xml,0,0,0,0,0,0,0,0
20,https://handlemyfile.com/id/bandingkan-file-pdf-secara-visual,Bandingkan Dua File PDF untuk Perbedaan Visual,text/html; charset=utf-8,false,200,0,https://handlemyfile.com/sitemap.xml,0,0,0,0,0,0,0,0
20,https://handlemyfile.com/txt-to-pdf,Convert TXT to PDF Online - Plain Text to PDF Document,text/html; charset=utf-8,false,200,0,https://handlemyfile.com/sitemap.xml,0,0,0,0,0,0,0,0
20,https://handlemyfile.com/ar/reduce-pdf-size-offline,Reduce PDF Size Offline | HandleMyFile,text/html; charset=utf-8,false,200,0,https://handlemyfile.com/sitemap.xml,0,0,0,0,0,0,0,0
20,https://handlemyfile.com/da/scan-til-pdf,Scan til PDF - Gør PDF uredigerbar og rasteriser online,text/html; charset=utf-8,false,200,0,https://handlemyfile.com/sitemap.xml,0,0,0,0,0,0,0,0
20,https://handlemyfile.com/ar/lmsh-ldwy-y-l~-pdf,المسح الضوئي إلى PDF - جعل ملف PDF غير قابل للتحرير وتنقي...,text/html; charset=utf-8,false,200,0,https://handlemyfile.com/sitemap.xml,0,0,0,0,0,0,0,0
20,https://handlemyfile.com/ja/gazo-chushutsu,PDF から画像を抽出 - PDF からすべての画像を保存 | HandleMyFile,text/html; charset=utf-8,false,200,0,https://handlemyfile.com/sitemap.xml,0,0,0,0,0,0,0,0
20,https://handlemyfile.com/zh/shi-jue-bi-jiao-pdf-wen-jian,比较两个 PDF 文件的视觉差异 | HandleMyFile,text/html; charset=utf-8,false,200,0,https://handlemyfile.com/sitemap.xml,0,0,0,0,0,0,0,0
20,https://handlemyfile.com/cs/csv-do-excelu,Bezplatný převodník CSV do Excelu (.xlsx) – Instant Brows...,text/html; charset=utf-8,false,200,0,https://handlemyfile.com/sitemap.xml,0,0,0,0,0,0,0,0
20,https://handlemyfile.com/convert-pdf-to-grayscale,Convert PDF to Grayscale - Black and White PDF Online,text/html; charset=utf-8,false,200,0,https://handlemyfile.com/sitemap.xml,0,0,0,0,0,0,0,0
20,https://handlemyfile.com/ar/izalat-alama-maiyya-pdf-online,إزالة العلامة المائية لملف PDF عبر الإنترنت مجانًا | تنظي...,text/html; charset=utf-8,false,200,0,https://handlemyfile.com/sitemap.xml,0,0,0,0,0,0,0,0
20,https://handlemyfile.com/sk/pdf-do-wordu-bez-straty-form-tovania,Free PDF to Word Converter (.docx) Without Losing Formatting,text/html; charset=utf-8,false,200,0,https://handlemyfile.com/sitemap.xml,0,0,0,0,0,0,0,0
20,https://handlemyfile.com/da/morklaeg-pdf,Redakt PDF - Sikker mørklægning af tekst og billeder,text/html; charset=utf-8,false,200,0,https://handlemyfile.com/sitemap.xml,0,0,0,0,0,0,0,0
20,https://handlemyfile.com/ro/pdf-in-ppt,Convertor gratuit PDF în PowerPoint (.pptx) - zero încărcări,text/html; charset=utf-8,false,200,0,https://handlemyfile.com/sitemap.xml,0,0,0,0,0,0,0,0
20,https://handlemyfile.com/pl/pdf-do-obrazu,Konwertuj obrazy PDF na obrazy JPG/PNG online — wyodrębni...,text/html; charset=utf-8,false,200,0,https://handlemyfile.com/sitemap.xml,0,0,0,0,0,0,0,0
20,https://handlemyfile.com/no/pakk-ut-bilder,Trekk ut bilder fra PDF - Lagre alle bilder fra PDF,text/html; charset=utf-8,false,200,0,https://handlemyfile.com/sitemap.xml,0,0,0,0,0,0,0,0
20,https://handlemyfile.com/ko/pdf-keugi-jojeong,PDF 페이지 크기 조정 - PDF 페이지 크기 및 여백 변경 | HandleMyFile,text/html; charset=utf-8,false,200,0,https://handlemyfile.com/sitemap.xml,0,0,0,0,0,0,0,0
20,https://handlemyfile.com/el/reduce-pdf-size-offline,Reduce PDF Size Offline | HandleMyFile,text/html; charset=utf-8,false,200,0,https://handlemyfile.com/sitemap.xml,0,0,0,0,0,0,0,0
20,https://handlemyfile.com/ru/excel-v-csv,Бесплатный конвертер Excel в CSV (.xlsx в .csv) – без заг...,text/html; charset=utf-8,false,200,0,https://handlemyfile.com/sitemap.xml,0,0,0,0,0,0,0,0
20,https://handlemyfile.com/uk/csv-v-excel,Безкоштовний конвертер CSV у Excel (.xlsx) – механізм мит...,text/html; charset=utf-8,false,200,0,https://handlemyfile.com/sitemap.xml,0,0,0,0,0,0,0,0
20,https://handlemyfile.com/ar/daght-pdf-bidun-fuqdan-aljawda,Compress PDF Without Losing Quality - High Definition Los...,text/html; charset=utf-8,false,200,0,https://handlemyfile.com/sitemap.xml,0,0,0,0,0,0,0,0
20,https://handlemyfile.com/ar/pdf-l~-swr,تحويل PDF إلى صور JPG/PNG عبر الإنترنت - استخراج الصفحات...,text/html; charset=utf-8,false,200,0,https://handlemyfile.com/sitemap.xml,0,0,0,0,0,0,0,0
20,https://handlemyfile.com/id/ocr-pdf-ke-teks,OCR Browser Gratis - Ekstrak Teks dari PDF & Gambar yang...,text/html; charset=utf-8,false,200,0,https://handlemyfile.com/sitemap.xml,0,0,0,0,0,0,0,0
20,https://handlemyfile.com/tr/pdf-kenar-bo-luklar-n-k-rp,PDF Sayfalarından Beyaz Kenar Boşluklarını Ücretsiz Kırp,text/html; charset=utf-8,false,200,0,https://handlemyfile.com/sitemap.xml,0,0,0,0,0,0,0,0
20,https://handlemyfile.com/sv/skanna-till-pdf,Skanna till PDF - Gör PDF oredigerbar och rasterisera online,text/html; charset=utf-8,false,200,0,https://handlemyfile.com/sitemap.xml,0,0,0,0,0,0,0,0
20,https://handlemyfile.com/no/csv-til-excel,Gratis CSV til Excel Converter (.xlsx) - Instant Browser...,text/html; charset=utf-8,false,200,0,https://handlemyfile.com/sitemap.xml,0,0,0,0,0,0,0,0
20,https://handlemyfile.com/it/pdf-inverso,Inverti pagine PDF - Modifica l'ordine delle pagine PDF a...,text/html; charset=utf-8,false,200,0,https://handlemyfile.com/sitemap.xml,0,0,0,0,0,0,0,0
20,https://handlemyfile.com/nl/pdf-redigeren,PDF redigeren - tekst en afbeeldingen veilig zwart maken,text/html; charset=utf-8,false,200,0,https://handlemyfile.com/sitemap.xml,0,0,0,0,0,0,0,0
20,https://handlemyfile.com/hi/greskel-piiddiieph,पीडीएफ को ग्रेस्केल में बदलें - ब्लैक एंड व्हाइट पीडीएफ ऑ...,text/html; charset=utf-8,false,200,0,https://handlemyfile.com/sitemap.xml,0,0,0,0,0,0,0,0
20,https://handlemyfile.com/hi/merge-pdf-files-offline-hi,पीडीएफ फाइलों को ऑफलाइन नि:शुल्क मर्ज करें | 100% सुरक्षित,text/html; charset=utf-8,false,200,0,https://handlemyfile.com/sitemap.xml,0,0,0,0,0,0,0,0
20,https://handlemyfile.com/th/excel-epn-csv,โปรแกรมแปลง Excel เป็น CSV ฟรี (.xlsx เป็น .csv) - การอัป...,text/html; charset=utf-8,false,200,0,https://handlemyfile.com/sitemap.xml,0,0,0,0,0,0,0,0
20,https://handlemyfile.com/ko/imiji-cucul,PDF에서 이미지 추출 - PDF에서 모든 그림 저장 | HandleMyFile,text/html; charset=utf-8,false,200,0,https://handlemyfile.com/sitemap.xml,0,0,0,0,0,0,0,0
20,https://handlemyfile.com/pt/pdf-em-escala-de-cinza-para-impress-o,Converter PDF colorido em escala de cinza para impressão,text/html; charset=utf-8,false,200,0,https://handlemyfile.com/sitemap.xml,0,0,0,0,0,0,0,0
20,https://handlemyfile.com/nl/pdf-comprimeren,Comprimeer PDF online - verklein de bestandsgrootte lokaa...,text/html; charset=utf-8,false,200,0,https://handlemyfile.com/sitemap.xml,0,0,0,0,0,0,0,0
20,https://handlemyfile.com/pl/kompresuj-pdf-do-100kb,Compress PDF to 100KB - Online PDF Shrinker to 100KB,text/html; charset=utf-8,false,200,0,https://handlemyfile.com/sitemap.xml,0,0,0,0,0,0,0,0
20,https://handlemyfile.com/ro/extrage-imagini,Extrageți imagini din PDF - Salvați toate imaginile din PDF,text/html; charset=utf-8,false,200,0,https://handlemyfile.com/sitemap.xml,0,0,0,0,0,0,0,0
20,https://handlemyfile.com/fi/rajaa-pdf-reunukset,Rajaa valkoisia marginaaleja PDF-sivuilta ilmaiseksi,text/html; charset=utf-8,false,200,0,https://handlemyfile.com/sitemap.xml,0,0,0,0,0,0,0,0
20,https://handlemyfile.com/ko/csvreul-egselro,무료 CSV를 Excel로 변환기(.xlsx) - 인스턴트 브라우저 엔진 | HandleMyFile,text/html; charset=utf-8,false,200,0,https://handlemyfile.com/sitemap.xml,0,0,0,0,0,0,0,0
20,https://handlemyfile.com/pl/pdf-w-skali-szarosci,Konwertuj plik PDF na skalę szarości — czarno-biały plik...,text/html; charset=utf-8,false,200,0,https://handlemyfile.com/sitemap.xml,0,0,0,0,0,0,0,0
20,https://handlemyfile.com/th/y-nklab-pdf,ย้อนกลับหน้า PDF - เปลี่ยนลำดับหน้า PDF ย้อนกลับ,text/html; charset=utf-8,false,200,0,https://handlemyfile.com/sitemap.xml,0,0,0,0,0,0,0,0
20,https://handlemyfile.com/vi/pdf-sang-ppt,Trình chuyển đổi PDF sang PowerPoint miễn phí (.pptx) - K...,text/html; charset=utf-8,false,200,0,https://handlemyfile.com/sitemap.xml,0,0,0,0,0,0,0,0
20,https://handlemyfile.com/pt/csv-para-excel,Conversor gratuito de CSV para Excel (.xlsx) - mecanismo...,text/html; charset=utf-8,false,200,0,https://handlemyfile.com/sitemap.xml,0,0,0,0,0,0,0,0
20,https://handlemyfile.com/vi/txt-sang-pdf,Chuyển đổi TXT sang PDF trực tuyến - Văn bản thuần túy sa...,text/html; charset=utf-8,false,200,0,https://handlemyfile.com/sitemap.xml,0,0,0,0,0,0,0,0
20,https://handlemyfile.com/da/konvertere-scannet-pdf-til-tekst,Konverter scannet PDF til søgbar tekst | Gratis OCR,text/html; charset=utf-8,false,200,0,https://handlemyfile.com/sitemap.xml,0,0,0,0,0,0,0,0
20,https://handlemyfile.com/ja/pdf-hikaku,PDF を比較 - 2 つの PDF 間の相違点を見つける | HandleMyFile,text/html; charset=utf-8,false,200,0,https://handlemyfile.com/sitemap.xml,0,0,0,0,0,0,0,0
20,https://handlemyfile.com/fr/masquer-pdf,Rédiger un PDF - Blackouter en toute sécurité le texte et...,text/html; charset=utf-8,false,200,0,https://handlemyfile.com/sitemap.xml,0,0,0,0,0,0,0,0
20,https://handlemyfile.com/sv/komprimera-pdf,Komprimera PDF Online - Minska filstorleken med 60-90 % l...,text/html; charset=utf-8,false,200,0,https://handlemyfile.com/sitemap.xml,0,0,0,0,0,0,0,0
20,https://handlemyfile.com/fi/lis-sivunumerot-pdf-tiedostoon-ilmaiseksi,Lisää sivunumeroita PDF-tiedostoon ilmaiseksi | Ei rajoja,text/html; charset=utf-8,false,200,0,https://handlemyfile.com/sitemap.xml,0,0,0,0,0,0,0,0
20,https://handlemyfile.com/pt/cortar-margens-do-pdf,Cortar margens brancas de páginas PDF gratuitamente,text/html; charset=utf-8,false,200,0,https://handlemyfile.com/sitemap.xml,0,0,0,0,0,0,0,0
20,https://handlemyfile.com/ms/kompres-pdf-untuk-email,Compress PDF for Email - Shrink Large PDF Files under 25MB,text/html; charset=utf-8,false,200,0,https://handlemyfile.com/sitemap.xml,0,0,0,0,0,0,0,0
20,https://handlemyfile.com/it/rimuovere-i-metadati-dell-autore-del-pdf,Rimuovi il nome dell'autore e i metadati nascosti dal PDF,text/html; charset=utf-8,false,200,0,https://handlemyfile.com/sitemap.xml,0,0,0,0,0,0,0,0
20,https://handlemyfile.com/da/gratoner-pdf,Konverter PDF til gråtoner - Sort og hvid PDF Online,text/html; charset=utf-8,false,200,0,https://handlemyfile.com/sitemap.xml,0,0,0,0,0,0,0,0
20,https://handlemyfile.com/id/bandingkan-pdf,Bandingkan PDF - Temukan Perbedaan Antara Dua PDF,text/html; charset=utf-8,false,200,0,https://handlemyfile.com/sitemap.xml,0,0,0,0,0,0,0,0
20,https://handlemyfile.com/hu/sz-rke-rnyalatos-pdf-nyomtat-shoz,Színes PDF konvertálása szürkeárnyalatossá nyomtatáshoz,text/html; charset=utf-8,false,200,0,https://handlemyfile.com/sitemap.xml,0,0,0,0,0,0,0,0
20,https://handlemyfile.com/hi/pdf-compress-kare,पीडीएफ को ऑनलाइन संपीड़ित करें - स्थानीय स्तर पर फ़ाइल का...,text/html; charset=utf-8,false,200,0,https://handlemyfile.com/sitemap.xml,0,0,0,0,0,0,0,0
20,https://handlemyfile.com/ms/redact-pdf,Redact PDF - Teks dan Imej Blackout Dengan Selamat,text/html; charset=utf-8,false,200,0,https://handlemyfile.com/sitemap.xml,0,0,0,0,0,0,0,0
20,https://handlemyfile.com/ms/menukar-pdf-yang-diimbas-kepada-teks,Tukar PDF yang Diimbas kepada Teks Boleh Dicari | OCR per...,text/html; charset=utf-8,false,200,0,https://handlemyfile.com/sitemap.xml,0,0,0,0,0,0,0,0
20,https://handlemyfile.com/nl/excel-naar-csv,Gratis Excel naar CSV-converter (.xlsx naar .csv) - Geen...,text/html; charset=utf-8,false,200,0,https://handlemyfile.com/sitemap.xml,0,0,0,0,0,0,0,0
20,https://handlemyfile.com/id/pdf-ke-word-tanpa-kehilangan-format,Konversi PDF ke Word Online Gratis (.docx) Tanpa Merusak...,text/html; charset=utf-8,false,200,0,https://handlemyfile.com/sitemap.xml,0,0,0,0,0,0,0,0
20,https://handlemyfile.com/id/csv-ke-excel,Konverter CSV ke Excel Gratis (.xlsx) - Mesin Peramban In...,text/html; charset=utf-8,false,200,0,https://handlemyfile.com/sitemap.xml,0,0,0,0,0,0,0,0
20,https://handlemyfile.com/sk/zl-i-s-bory-pdf-offline,Zlúčiť súbory PDF offline zadarmo | 100% bezpečné,text/html; charset=utf-8,false,200,0,https://handlemyfile.com/sitemap.xml,0,0,0,0,0,0,0,0
20,https://handlemyfile.com/uk/vidtinky-sirogo-pdf-dlya-druku,Перетворюйте кольоровий PDF у відтінки сірого для друку,text/html; charset=utf-8,false,200,0,https://handlemyfile.com/sitemap.xml,0,0,0,0,0,0,0,0
20,https://handlemyfile.com/sv/maskera-pdf,Redagera PDF - Säker mörkläggning av text och bilder,text/html; charset=utf-8,false,200,0,https://handlemyfile.com/sitemap.xml,0,0,0,0,0,0,0,0
20,https://handlemyfile.com/he/hsr-mt-ntvnym,הסר מטא נתונים של PDF - חיטוי מאפיינים באינטרנט,text/html; charset=utf-8,false,200,0,https://handlemyfile.com/sitemap.xml,0,0,0,0,0,0,0,0
20,https://handlemyfile.com/pl/porownaj-pdf,Porównaj PDF — znajdź różnice między dwoma plikami PDF,text/html; charset=utf-8,false,200,0,https://handlemyfile.com/sitemap.xml,0,0,0,0,0,0,0,0
20,https://handlemyfile.com/nl/formaat-van-pdf-wijzigen,Formaat van PDF-pagina's wijzigen - PDF-paginaformaat en...,text/html; charset=utf-8,false,200,0,https://handlemyfile.com/sitemap.xml,0,0,0,0,0,0,0,0
20,https://handlemyfile.com/hu/excel-to-csv,Ingyenes Excel-CSV konvertáló (.xlsx-ből .csv-be) – nulla...,text/html; charset=utf-8,false,200,0,https://handlemyfile.com/sitemap.xml,0,0,0,0,0,0,0,0
20,https://handlemyfile.com/cs/komprimovat-pdf-bez-ztraty-kvality,Compress PDF Without Losing Quality - High Definition Los...,text/html; charset=utf-8,false,200,0,https://handlemyfile.com/sitemap.xml,0,0,0,0,0,0,0,0
20,https://handlemyfile.com/el/excel-se-csv,Δωρεάν μετατροπέας Excel σε CSV (.xlsx σε .csv) - Μηδενικ...,text/html; charset=utf-8,false,200,0,https://handlemyfile.com/sitemap.xml,0,0,0,0,0,0,0,0
20,https://handlemyfile.com/no/pdf-til-word-uten-miste-formatering,Free PDF to Word Converter (.docx) Without Losing Formatting,text/html; charset=utf-8,false,200,0,https://handlemyfile.com/sitemap.xml,0,0,0,0,0,0,0,0
20,https://handlemyfile.com/hi/piiddiieph-men-chvi,JPG और PNG को ऑनलाइन पीडीएफ में बदलें - छवियाँ स्थानीय स्...,text/html; charset=utf-8,false,200,0,https://handlemyfile.com/sitemap.xml,0,0,0,0,0,0,0,0
20,https://handlemyfile.com/cs/odebrat-metadata,Odebrat metadata PDF - Sanitize Properties online,text/html; charset=utf-8,false,200,0,https://handlemyfile.com/sitemap.xml,0,0,0,0,0,0,0,0
20,https://handlemyfile.com/pt/comprimir-pdf-para-email,Compress PDF for Email - Shrink Large PDF Files under 25MB,text/html; charset=utf-8,false,200,0,https://handlemyfile.com/sitemap.xml,0,0,0,0,0,0,0,0
20,https://handlemyfile.com/id/gambar-ke-pdf,Konversi JPG & PNG ke PDF Online - Gambar ke PDF Secara L...,text/html; charset=utf-8,false,200,0,https://handlemyfile.com/sitemap.xml,0,0,0,0,0,0,0,0
20,https://handlemyfile.com/cs/reverse-pdf,Obrátit stránky PDF - Změnit pořadí stránek PDF zpět,text/html; charset=utf-8,false,200,0,https://handlemyfile.com/sitemap.xml,0,0,0,0,0,0,0,0
20,https://handlemyfile.com/th/pdf-khao-dam-phim,แปลง PDF สีเป็นระดับสีเทาสำหรับการพิมพ์ | HandleMyFile,text/html; charset=utf-8,false,200,0,https://handlemyfile.com/sitemap.xml,0,0,0,0,0,0,0,0
20,https://handlemyfile.com/ar/ksl-l~-pdf,تحويل Excel إلى PDF عبر الإنترنت - XLSX وXLS إلى PDF محليًا,text/html; charset=utf-8,false,200,0,https://handlemyfile.com/sitemap.xml,0,0,0,0,0,0,0,0
20,https://handlemyfile.com/tr/kalite-kaybetmeden-pdf-sikistir,Compress PDF Without Losing Quality - High Definition Los...,text/html; charset=utf-8,false,200,0,https://handlemyfile.com/sitemap.xml,0,0,0,0,0,0,0,0
20,https://handlemyfile.com/vi/chuy-n-i-pdf-c-qu-t-th-nh-v-n-b-n,Chuyển đổi PDF được quét thành văn bản có thể tìm kiếm |...,text/html; charset=utf-8,false,200,0,https://handlemyfile.com/sitemap.xml,0,0,0,0,0,0,0,0
20,https://handlemyfile.com/sk/txt-do-pdf,Prevod TXT do PDF online – obyčajný text do PDF dokumentu,text/html; charset=utf-8,false,200,0,https://handlemyfile.com/sitemap.xml,0,0,0,0,0,0,0,0
20,https://handlemyfile.com/pt/digitalizar-para-pdf,Digitalizar para PDF - Tornar PDF não editável e rasteriz...,text/html; charset=utf-8,false,200,0,https://handlemyfile.com/sitemap.xml,0,0,0,0,0,0,0,0
20,https://handlemyfile.com/fr/numeriser-vers-pdf,Numériser vers PDF - Rendre un PDF non modifiable et pixe...,text/html; charset=utf-8,false,200,0,https://handlemyfile.com/sitemap.xml,0,0,0,0,0,0,0,0
20,https://handlemyfile.com/el/sympiesi-pdf-se-100kb,Compress PDF to 100KB - Online PDF Shrinker to 100KB,text/html; charset=utf-8,false,200,0,https://handlemyfile.com/sitemap.xml,0,0,0,0,0,0,0,0
20,https://handlemyfile.com/sv/komprimera-pdf-utan-att-forlora-kvalitet,Compress PDF Without Losing Quality - High Definition Los...,text/html; charset=utf-8,false,200,0,https://handlemyfile.com/sitemap.xml,0,0,0,0,0,0,0,0
20,https://handlemyfile.com/pt/compare-arquivos-pdf-visualmente,Compare dois arquivos PDF para diferenças visuais,text/html; charset=utf-8,false,200,0,https://handlemyfile.com/sitemap.xml,0,0,0,0,0,0,0,0
20,https://handlemyfile.com/cs/excel-do-pdf,Převést Excel do PDF online – XLSX a XLS do PDF lokálně,text/html; charset=utf-8,false,200,0,https://handlemyfile.com/sitemap.xml,0,0,0,0,0,0,0,0
20,https://handlemyfile.com/uk/vidobutok-zobrazhen,Видобудьте зображення з PDF - Збережіть усі зображення з PDF,text/html; charset=utf-8,false,200,0,https://handlemyfile.com/sitemap.xml,0,0,0,0,0,0,0,0
20,https://handlemyfile.com/hu/redact-pdf,PDF szerkesztése – Szöveg és képek biztonságos eltüntetése,text/html; charset=utf-8,false,200,0,https://handlemyfile.com/sitemap.xml,0,0,0,0,0,0,0,0
20,https://handlemyfile.com/zh/diao-zheng-pdf-da-xiao,调整 PDF 页面大小 - 更改 PDF 页面大小和边距 | HandleMyFile,text/html; charset=utf-8,false,200,0,https://handlemyfile.com/sitemap.xml,0,0,0,0,0,0,0,0
20,https://handlemyfile.com/fr/convertir-un-pdf-num-ris-en-texte,Convertir un PDF numérisé en texte consultable | ROC grat...,text/html; charset=utf-8,false,200,0,https://handlemyfile.com/sitemap.xml,0,0,0,0,0,0,0,0
20,https://handlemyfile.com/ru/pdf-v-ottenkah-serogo,Конвертировать PDF в оттенки серого — черно-белый PDF онлайн,text/html; charset=utf-8,false,200,0,https://handlemyfile.com/sitemap.xml,0,0,0,0,0,0,0,0
20,https://handlemyfile.com/it/ritagliare-i-margini-del-pdf,Ritaglia gratuitamente i margini bianchi dalle pagine PDF,text/html; charset=utf-8,false,200,0,https://handlemyfile.com/sitemap.xml,0,0,0,0,0,0,0,0
20,https://handlemyfile.com/ro/converti-pdf-ul-scanat-n-text,Convertiți PDF scanat în text care poate fi căutat | OCR...,text/html; charset=utf-8,false,200,0,https://handlemyfile.com/sitemap.xml,0,0,0,0,0,0,0,0
20,https://handlemyfile.com/fi/poista-pdf-vesileima-verkossa,Poista PDF Watermark Online Ilmainen | Puhtaat PDF-tiedostot,text/html; charset=utf-8,false,200,0,https://handlemyfile.com/sitemap.xml,0,0,0,0,0,0,0,0
20,https://handlemyfile.com/ro/excel-in-pdf,Conversia Excel în PDF online - XLSX și XLS în PDF local,text/html; charset=utf-8,false,200,0,https://handlemyfile.com/sitemap.xml,0,0,0,0,0,0,0,0
20,https://handlemyfile.com/de/pdf-auf-100kb-komprimieren,Compress PDF to 100KB - Online PDF Shrinker to 100KB,text/html; charset=utf-8,false,200,0,https://handlemyfile.com/sitemap.xml,0,0,0,0,0,0,0,0
20,https://handlemyfile.com/vi/pdf-sang-hinh-anh,Chuyển đổi hình ảnh PDF sang JPG/PNG trực tuyến - Trích x...,text/html; charset=utf-8,false,200,0,https://handlemyfile.com/sitemap.xml,0,0,0,0,0,0,0,0
20,https://handlemyfile.com/ar/pdf-tadrij-ramadi-liltibaa,تحويل ملف PDF الملون إلى تدرج الرمادي للطباعة | HandleMyFile,text/html; charset=utf-8,false,200,0,https://handlemyfile.com/sitemap.xml,0,0,0,0,0,0,0,0
20,https://handlemyfile.com/sv/excel-till-pdf,Konvertera Excel till PDF Online - XLSX & XLS till PDF lo...,text/html; charset=utf-8,false,200,0,https://handlemyfile.com/sitemap.xml,0,0,0,0,0,0,0,0
20,https://handlemyfile.com/sk/odtiene-sedej-pdf,Previesť PDF do odtieňov sivej – čiernobiele PDF online,text/html; charset=utf-8,false,200,0,https://handlemyfile.com/sitemap.xml,0,0,0,0,0,0,0,0
20,https://handlemyfile.com/zh/mian-fei-tian-jia-pdf-ye-ma,Add Page Numbers to PDF Free | No Limits | HandleMyFile,text/html; charset=utf-8,false,200,0,https://handlemyfile.com/sitemap.xml,0,0,0,0,0,0,0,0
20,https://handlemyfile.com/es/pdf-a-imagen,Convierta imágenes de PDF a JPG/PNG en línea: extraiga pá...,text/html; charset=utf-8,false,200,0,https://handlemyfile.com/sitemap.xml,0,0,0,0,0,0,0,0
20,https://handlemyfile.com/scanned-pdf-to-text-ocr,Convert Scanned PDF to Text | HandleMyFile,text/html; charset=utf-8,false,200,0,https://handlemyfile.com/sitemap.xml,0,0,0,0,0,0,0,0
20,https://handlemyfile.com/el/afairesi-ydatografimatos-pdf-online,Κατάργηση PDF Watermark Online Δωρεάν | Καθαρίστε αρχεία PDF,text/html; charset=utf-8,false,200,0,https://handlemyfile.com/sitemap.xml,0,0,0,0,0,0,0,0
20,https://handlemyfile.com/es/extraer-im-genes-de-alta-resoluci-n-pdf,Extraiga imágenes de alta resolución de PDF gratis,text/html; charset=utf-8,false,200,0,https://handlemyfile.com/sitemap.xml,0,0,0,0,0,0,0,0
20,https://handlemyfile.com/convert-scanned-pdf-to-text,Convert Scanned PDF to Searchable Text | Free OCR,text/html; charset=utf-8,false,200,0,https://handlemyfile.com/sitemap.xml,0,0,0,0,0,0,0,0
20,https://handlemyfile.com/tr/ocr-pdf-si,Ücretsiz Tarayıcı OCR - Taranan PDF ve Görüntülerden Meti...,text/html; charset=utf-8,false,200,0,https://handlemyfile.com/sitemap.xml,0,0,0,0,0,0,0,0
20,https://handlemyfile.com/sv/graskala-pdf,Konvertera PDF till gråskala - Svartvit PDF Online,text/html; charset=utf-8,false,200,0,https://handlemyfile.com/sitemap.xml,0,0,0,0,0,0,0,0
20,https://handlemyfile.com/zh/reduce-pdf-size-offline,Reduce PDF Size Offline | HandleMyFile,text/html; charset=utf-8,false,200,0,https://handlemyfile.com/sitemap.xml,0,0,0,0,0,0,0,0
20,https://handlemyfile.com/hu/pdf-to-ppt,Ingyenes PDF-ből PowerPoint Converter (.pptx) – nulla fel...,text/html; charset=utf-8,false,200,0,https://handlemyfile.com/sitemap.xml,0,0,0,0,0,0,0,0
20,https://handlemyfile.com/el/pdf-se-ppt,Δωρεάν μετατροπέας PDF σε PowerPoint (.pptx) - Μηδενικές...,text/html; charset=utf-8,false,200,0,https://handlemyfile.com/sitemap.xml,0,0,0,0,0,0,0,0
20,https://handlemyfile.com/sk/pdf-do-ppt,Bezplatný prevodník PDF do PowerPointu (.pptx) – nulové n...,text/html; charset=utf-8,false,200,0,https://handlemyfile.com/sitemap.xml,0,0,0,0,0,0,0,0
20,https://handlemyfile.com/zh/wusun-yasuo-pdf,Compress PDF Without Losing Quality - High Definition Los...,text/html; charset=utf-8,false,200,0,https://handlemyfile.com/sitemap.xml,0,0,0,0,0,0,0,0
20,https://handlemyfile.com/sv/omvand-pdf,Omvänd PDF-sidor - Ändra PDF-sidordning bakåt | HandleMyFile,text/html; charset=utf-8,false,200,0,https://handlemyfile.com/sitemap.xml,0,0,0,0,0,0,0,0
20,https://handlemyfile.com/nl/gescande-pdf-naar-tekst-converteren,Gescande PDF converteren naar doorzoekbare tekst | Gratis...,text/html; charset=utf-8,false,200,0,https://handlemyfile.com/sitemap.xml,0,0,0,0,0,0,0,0
20,https://handlemyfile.com/da/komprimer-pdf-uden-kvalitetstab,Compress PDF Without Losing Quality - High Definition Los...,text/html; charset=utf-8,false,200,0,https://handlemyfile.com/sitemap.xml,0,0,0,0,0,0,0,0
20,https://handlemyfile.com/fi/purkaa-korkearesoluutioisia-kuvia-pdf,Pura korkearesoluutioisia kuvia PDF-tiedostosta ilmaiseksi,text/html; charset=utf-8,false,200,0,https://handlemyfile.com/sitemap.xml,0,0,0,0,0,0,0,0
20,https://handlemyfile.com/uk/reduce-pdf-size-offline,Reduce PDF Size Offline | HandleMyFile,text/html; charset=utf-8,false,200,0,https://handlemyfile.com/sitemap.xml,0,0,0,0,0,0,0,0
20,https://handlemyfile.com/pl/kompresuj-pdf-do-emaila,Compress PDF for Email - Shrink Large PDF Files under 25MB,text/html; charset=utf-8,false,200,0,https://handlemyfile.com/sitemap.xml,0,0,0,0,0,0,0,0
20,https://handlemyfile.com/he/csv-lqsl,ממיר CSV ל-Excel בחינם (.xlsx) - מנוע דפדפן מיידי,text/html; charset=utf-8,false,200,0,https://handlemyfile.com/sitemap.xml,0,0,0,0,0,0,0,0
20,https://handlemyfile.com/pl/excel-do-csv,Darmowy konwerter Excela na CSV (.xlsx na .csv) — brak pr...,text/html; charset=utf-8,false,200,0,https://handlemyfile.com/sitemap.xml,0,0,0,0,0,0,0,0
20,https://handlemyfile.com/id/mengonversi-pindaian-pdf-menjadi-teks,Konversikan PDF yang Dipindai ke Teks yang Dapat Dicari |...,text/html; charset=utf-8,false,200,0,https://handlemyfile.com/sitemap.xml,0,0,0,0,0,0,0,0
20,https://handlemyfile.com/zh/hui-du-pdf-da-yin,将彩色 PDF 转换为灰度以进行打印 | HandleMyFile,text/html; charset=utf-8,false,200,0,https://handlemyfile.com/sitemap.xml,0,0,0,0,0,0,0,0
20,https://handlemyfile.com/cs/excel-do-csv,Bezplatný převodník Excel do CSV (.xlsx na .csv) – nulové...,text/html; charset=utf-8,false,200,0,https://handlemyfile.com/sitemap.xml,0,0,0,0,0,0,0,0
20,https://handlemyfile.com/th/sai-mailek-na-pdf-free,เพิ่มหมายเลขหน้าเป็น PDF ฟรี | ไม่มีขีดจำกัด | HandleMyFile,text/html; charset=utf-8,false,200,0,https://handlemyfile.com/sitemap.xml,0,0,0,0,0,0,0,0
20,https://handlemyfile.com/nl/pdf-omkeren,PDF-pagina's omkeren - PDF-paginavolgorde achteruit wijzigen,text/html; charset=utf-8,false,200,0,https://handlemyfile.com/sitemap.xml,0,0,0,0,0,0,0,0
20,https://handlemyfile.com/de/csv-zu-excel,Kostenloser CSV-zu-Excel-Konverter (.xlsx) – Instant Brow...,text/html; charset=utf-8,false,200,0,https://handlemyfile.com/sitemap.xml,0,0,0,0,0,0,0,0
20,https://handlemyfile.com/vi/th-m-s-trang-v-o-pdf-mi-n-ph,Thêm số trang vào PDF miễn phí | Không giới hạn,text/html; charset=utf-8,false,200,0,https://handlemyfile.com/sitemap.xml,0,0,0,0,0,0,0,0
20,https://handlemyfile.com/sv/l-gg-till-sidnummer-till-pdf-gratis,Lägg till sidnummer till PDF Gratis | Inga gränser,text/html; charset=utf-8,false,200,0,https://handlemyfile.com/sitemap.xml,0,0,0,0,0,0,0,0
20,https://handlemyfile.com/es/comprimir-pdf-sin-perder-calidad,Compress PDF Without Losing Quality - High Definition Los...,text/html; charset=utf-8,false,200,0,https://handlemyfile.com/sitemap.xml,0,0,0,0,0,0,0,0
20,https://handlemyfile.com/vi/xoa-sieu-du-lieu,Xóa siêu dữ liệu PDF - Vệ sinh thuộc tính trực tuyến,text/html; charset=utf-8,false,200,0,https://handlemyfile.com/sitemap.xml,0,0,0,0,0,0,0,0
20,https://handlemyfile.com/fi/kaanteinen-pdf,Käänteiset PDF-sivut - Muuta PDF-sivujen järjestystä taak...,text/html; charset=utf-8,false,200,0,https://handlemyfile.com/sitemap.xml,0,0,0,0,0,0,0,0
20,https://handlemyfile.com/ko/pdf-sujeong,PDF 편집 - 텍스트 및 이미지를 안전하게 차단 | HandleMyFile,text/html; charset=utf-8,false,200,0,https://handlemyfile.com/sitemap.xml,0,0,0,0,0,0,0,0
20,https://handlemyfile.com/ro/elimina-i-filigranul-pdf-online,Eliminați filigranul PDF online gratuit | Curățați fișier...,text/html; charset=utf-8,false,200,0,https://handlemyfile.com/sitemap.xml,0,0,0,0,0,0,0,0
20,https://handlemyfile.com/hi/add-page-numbers-to-pdf-free-hi,पीडीएफ में पेज नंबर निःशुल्क जोड़ें | असीम | HandleMyFile,text/html; charset=utf-8,false,200,0,https://handlemyfile.com/sitemap.xml,0,0,0,0,0,0,0,0
20,https://handlemyfile.com/vi/h-p-nh-t-c-c-t-p-tin-pdf-ngo-i-tuy-n,Hợp nhất các tệp PDF ngoại tuyến miễn phí | An toàn 100%,text/html; charset=utf-8,false,200,0,https://handlemyfile.com/sitemap.xml,0,0,0,0,0,0,0,0
20,https://handlemyfile.com/tr/pdf-yi-100kbya-sikistir,Compress PDF to 100KB - Online PDF Shrinker to 100KB,text/html; charset=utf-8,false,200,0,https://handlemyfile.com/sitemap.xml,0,0,0,0,0,0,0,0
20,https://handlemyfile.com/it/excel-in-pdf,Converti Excel in PDF online - XLSX e XLS in PDF localmente,text/html; charset=utf-8,false,200,0,https://handlemyfile.com/sitemap.xml,0,0,0,0,0,0,0,0
20,https://handlemyfile.com/no/omvendt-pdf,Omvendt PDF-sider - Endre PDF-siderekkefølge bakover,text/html; charset=utf-8,false,200,0,https://handlemyfile.com/sitemap.xml,0,0,0,0,0,0,0,0
20,https://handlemyfile.com/fi/txt-pdf,Muunna TXT PDF-muotoon verkossa - Pelkkä teksti PDF-asiak...,text/html; charset=utf-8,false,200,0,https://handlemyfile.com/sitemap.xml,0,0,0,0,0,0,0,0
20,https://handlemyfile.com/ru/izobrazhenie-v-pdf,Конвертируйте JPG и PNG в PDF онлайн — изображения в PDF...,text/html; charset=utf-8,false,200,0,https://handlemyfile.com/sitemap.xml,0,0,0,0,0,0,0,0
20,https://handlemyfile.com/ru/tsenzura-pdf,Редактировать PDF — безопасное затемнение текста и изобра...,text/html; charset=utf-8,false,200,0,https://handlemyfile.com/sitemap.xml,0,0,0,0,0,0,0,0
20,https://handlemyfile.com/no/skannet-pdf-til-tekst-ocr,Convert Scanned PDF to Text | HandleMyFile,text/html; charset=utf-8,false,200,0,https://handlemyfile.com/sitemap.xml,0,0,0,0,0,0,0,0
20,https://handlemyfile.com/ja/sukyan-to-pdf,PDF にスキャン - PDF を編集不可にしてオンラインでラスタライズ | HandleMyFile,text/html; charset=utf-8,false,200,0,https://handlemyfile.com/sitemap.xml,0,0,0,0,0,0,0,0
20,https://handlemyfile.com/hu/reverse-pdf,Fordított PDF-oldalak – PDF-oldalak sorrendjének módosítá...,text/html; charset=utf-8,false,200,0,https://handlemyfile.com/sitemap.xml,0,0,0,0,0,0,0,0
20,https://handlemyfile.com/he/shnh-gvdl-pdf,שינוי גודל דפי PDF - שנה גודל ושוליים של עמוד PDF,text/html; charset=utf-8,false,200,0,https://handlemyfile.com/sitemap.xml,0,0,0,0,0,0,0,0
20,https://handlemyfile.com/ro/pdf-in-tonuri-de-gri,Convertiți PDF în tonuri de gri - PDF alb-negru online,text/html; charset=utf-8,false,200,0,https://handlemyfile.com/sitemap.xml,0,0,0,0,0,0,0,0
20,https://handlemyfile.com/hu/konvert-lja-a-beolvasott-pdf-et-sz-vegg,A beolvasott PDF konvertálása kereshető szöveggé | Ingyen...,text/html; charset=utf-8,false,200,0,https://handlemyfile.com/sitemap.xml,0,0,0,0,0,0,0,0
20,https://handlemyfile.com/hu/excel-to-pdf,Excel konvertálása PDF formátumba online – XLSX és XLS he...,text/html; charset=utf-8,false,200,0,https://handlemyfile.com/sitemap.xml,0,0,0,0,0,0,0,0
20,https://handlemyfile.com/pt/pdf-reverso,Inverter páginas do PDF - Alterar a ordem das páginas do...,text/html; charset=utf-8,false,200,0,https://handlemyfile.com/sitemap.xml,0,0,0,0,0,0,0,0
20,https://handlemyfile.com/he/pdf-hpvk,הפוך דפי PDF - שנה סדר דפי PDF לאחור | HandleMyFile,text/html; charset=utf-8,false,200,0,https://handlemyfile.com/sitemap.xml,0,0,0,0,0,0,0,0
20,https://handlemyfile.com/el/prosthesi-arithmon-selidas-se-pdf-dorean,Προσθήκη αριθμών σελίδων σε PDF Δωρεάν | Χωρίς Όρια,text/html; charset=utf-8,false,200,0,https://handlemyfile.com/sitemap.xml,0,0,0,0,0,0,0,0
20,https://handlemyfile.com/el/exagogi-eikonon-ypsilis-analysis-pdf,Εξαγωγή εικόνων υψηλής ανάλυσης από PDF Δωρεάν,text/html; charset=utf-8,false,200,0,https://handlemyfile.com/sitemap.xml,0,0,0,0,0,0,0,0
20,https://handlemyfile.com/id/pdf-ke-ppt,Konverter PDF ke PowerPoint Gratis (.pptx) - Tanpa Unggahan,text/html; charset=utf-8,false,200,0,https://handlemyfile.com/sitemap.xml,0,0,0,0,0,0,0,0
20,https://handlemyfile.com/ru/pdf-v-ppt,Бесплатный конвертер PDF в PowerPoint (.pptx) — без загрузок,text/html; charset=utf-8,false,200,0,https://handlemyfile.com/sitemap.xml,0,0,0,0,0,0,0,0
20,https://handlemyfile.com/ms/excel-kepada-csv,Penukar Excel ke CSV Percuma (.xlsx ke .csv) - Sifar Muat...,text/html; charset=utf-8,false,200,0,https://handlemyfile.com/sitemap.xml,0,0,0,0,0,0,0,0
20,https://handlemyfile.com/de/graustufen-pdf,Konvertieren Sie PDF in Graustufen – Schwarzweiß-PDF online,text/html; charset=utf-8,false,200,0,https://handlemyfile.com/sitemap.xml,0,0,0,0,0,0,0,0
20,https://handlemyfile.com/it/comprimi-pdf,Comprimi PDF online: riduci le dimensioni del file del 60...,text/html; charset=utf-8,false,200,0,https://handlemyfile.com/sitemap.xml,0,0,0,0,0,0,0,0
20,https://handlemyfile.com/ru/scanned-pdf-to-text-ocr,Convert Scanned PDF to Text | HandleMyFile,text/html; charset=utf-8,false,200,0,https://handlemyfile.com/sitemap.xml,0,0,0,0,0,0,0,0
20,https://handlemyfile.com/fi/kuva-pdf-ksi,Muunna JPG ja PNG PDF-muotoon verkossa - Kuvat PDF-muotoo...,text/html; charset=utf-8,false,200,0,https://handlemyfile.com/sitemap.xml,0,0,0,0,0,0,0,0
20,https://handlemyfile.com/hu/oldalsz-mok-hozz-ad-sa-a-pdf-hez-ingyenes,Oldalszámok hozzáadása PDF-hez Ingyenes | Nincsenek határok,text/html; charset=utf-8,false,200,0,https://handlemyfile.com/sitemap.xml,0,0,0,0,0,0,0,0
20,https://handlemyfile.com/pt/redigir-pdf,Redigir PDF - ocultar textos e imagens com segurança,text/html; charset=utf-8,false,200,0,https://handlemyfile.com/sitemap.xml,0,0,0,0,0,0,0,0
20,https://handlemyfile.com/cs/odstranit-vodoznak-pdf-online,Odebrat PDF vodoznak online zdarma | Čisté PDF,text/html; charset=utf-8,false,200,0,https://handlemyfile.com/sitemap.xml,0,0,0,0,0,0,0,0
20,https://handlemyfile.com/de/konvertieren-sie-gescannte-pdfs-in-text,Konvertieren Sie gescannte PDFs in durchsuchbaren Text |...,text/html; charset=utf-8,false,200,0,https://handlemyfile.com/sitemap.xml,0,0,0,0,0,0,0,0
20,https://handlemyfile.com/zh/yasuo-pdf-dao-100kb,Compress PDF to 100KB - Online PDF Shrinker to 100KB,text/html; charset=utf-8,false,200,0,https://handlemyfile.com/sitemap.xml,0,0,0,0,0,0,0,0
20,https://handlemyfile.com/uk/vidtinki-sirogo-pdf,Перетворення PDF на відтінки сірого - чорно-білий PDF онлайн,text/html; charset=utf-8,false,200,0,https://handlemyfile.com/sitemap.xml,0,0,0,0,0,0,0,0
20,https://handlemyfile.com/sk/odstranit-metadata,Odstrániť metadáta PDF - Sanitize Properties online,text/html; charset=utf-8,false,200,0,https://handlemyfile.com/sitemap.xml,0,0,0,0,0,0,0,0
20,https://handlemyfile.com/sk/obratit-pdf,Obrátiť strany PDF - Zmeniť poradie strán PDF dozadu,text/html; charset=utf-8,false,200,0,https://handlemyfile.com/sitemap.xml,0,0,0,0,0,0,0,0
20,https://handlemyfile.com/tr/pdf-karartma,PDF'yi Düzelt - Metin ve Görüntüleri Güvenli Bir Şekilde...,text/html; charset=utf-8,false,200,0,https://handlemyfile.com/sitemap.xml,0,0,0,0,0,0,0,0
20,https://handlemyfile.com/sv/ta-bort-metadata,Ta bort PDF-metadata - Sanitize Properties Online,text/html; charset=utf-8,false,200,0,https://handlemyfile.com/sitemap.xml,0,0,0,0,0,0,0,0
20,https://handlemyfile.com/ms/kompres-pdf-tanpa-hilang-kualiti,Compress PDF Without Losing Quality - High Definition Los...,text/html; charset=utf-8,false,200,0,https://handlemyfile.com/sitemap.xml,0,0,0,0,0,0,0,0
20,https://handlemyfile.com/cs/ocr-pdf,OCR v prohlížeči zdarma – extrahování textu z naskenovaný...,text/html; charset=utf-8,false,200,0,https://handlemyfile.com/sitemap.xml,0,0,0,0,0,0,0,0
20,https://handlemyfile.com/tr/taranan-pdf-i-metin-ocr-a-d-n-t-rme,Convert Scanned PDF to Text | HandleMyFile,text/html; charset=utf-8,false,200,0,https://handlemyfile.com/sitemap.xml,0,0,0,0,0,0,0,0
20,https://handlemyfile.com/ms/ppt-kepada-pdf,Tukar PowerPoint kepada PDF - Slaid PPTX kepada PDF Secar...,text/html; charset=utf-8,false,200,0,https://handlemyfile.com/sitemap.xml,0,0,0,0,0,0,0,0
20,https://handlemyfile.com/he/txt-l-pdf,המרת TXT ל-PDF באינטרנט - טקסט רגיל למסמך PDF | HandleMyFile,text/html; charset=utf-8,false,200,0,https://handlemyfile.com/sitemap.xml,0,0,0,0,0,0,0,0
20,https://handlemyfile.com/add-page-numbers-to-pdf-free,Add Page Numbers to PDF Free | No Limits | HandleMyFile,text/html; charset=utf-8,false,200,0,https://handlemyfile.com/sitemap.xml,0,0,0,0,0,0,0,0
20,https://handlemyfile.com/sv/ocr-pdf,Gratis webbläsare OCR - Extrahera text från skannade PDF...,text/html; charset=utf-8,false,200,0,https://handlemyfile.com/sitemap.xml,0,0,0,0,0,0,0,0
20,https://handlemyfile.com/fr/pdf-en-word-sans-perdre-le-formatage,Free PDF to Word Converter (.docx) Without Losing Formatting,text/html; charset=utf-8,false,200,0,https://handlemyfile.com/sitemap.xml,0,0,0,0,0,0,0,0
20,https://handlemyfile.com/ko/pdf-shigakjeok-bigyo,두 개의 PDF 파일을 비교하여 시각적 차이를 확인하세요 | HandleMyFile,text/html; charset=utf-8,false,200,0,https://handlemyfile.com/sitemap.xml,0,0,0,0,0,0,0,0
20,https://handlemyfile.com/th/pdf-word,Free PDF to Word Converter (.docx) Without Losing Formatting,text/html; charset=utf-8,false,200,0,https://handlemyfile.com/sitemap.xml,0,0,0,0,0,0,0,0
20,https://handlemyfile.com/da/pdf-til-billede,Konverter PDF til JPG/PNG-billeder online - Udpak sider t...,text/html; charset=utf-8,false,200,0,https://handlemyfile.com/sitemap.xml,0,0,0,0,0,0,0,0
20,https://handlemyfile.com/it/aggiungi-numeri-di-pagina-al-pdf-gratuitamente,Aggiungi numeri di pagina al PDF gratuitamente | Nessun l...,text/html; charset=utf-8,false,200,0,https://handlemyfile.com/sitemap.xml,0,0,0,0,0,0,0,0
20,https://handlemyfile.com/he/pdf-word,Free PDF to Word Converter (.docx) Without Losing Formatting,text/html; charset=utf-8,false,200,0,https://handlemyfile.com/sitemap.xml,0,0,0,0,0,0,0,0
20,https://handlemyfile.com/nl/pdf-bestanden-offline-samenvoegen,Voeg PDF-bestanden offline gratis samen | 100% veilig,text/html; charset=utf-8,false,200,0,https://handlemyfile.com/sitemap.xml,0,0,0,0,0,0,0,0
20,https://handlemyfile.com/ro/pdf-in-imagine,Convertiți PDF în imagini JPG/PNG online - Extrageți pagi...,text/html; charset=utf-8,false,200,0,https://handlemyfile.com/sitemap.xml,0,0,0,0,0,0,0,0
20,https://handlemyfile.com/cs/pdf-do-wordu-bez-ztr-ty-form-tov-n,Free PDF to Word Converter (.docx) Without Losing Formatting,text/html; charset=utf-8,false,200,0,https://handlemyfile.com/sitemap.xml,0,0,0,0,0,0,0,0
20,https://handlemyfile.com/ru/szhat-pdf-dlya-email,Compress PDF for Email - Shrink Large PDF Files under 25MB,text/html; charset=utf-8,false,200,0,https://handlemyfile.com/sitemap.xml,0,0,0,0,0,0,0,0
20,https://handlemyfile.com/hu/csv-to-excel,Ingyenes CSV-ből Excel konvertáló (.xlsx) – Azonnali böng...,text/html; charset=utf-8,false,200,0,https://handlemyfile.com/sitemap.xml,0,0,0,0,0,0,0,0
20,https://handlemyfile.com/id/teks-ke-pdf,Konversi TXT ke PDF Online - Teks Biasa ke Dokumen PDF,text/html; charset=utf-8,false,200,0,https://handlemyfile.com/sitemap.xml,0,0,0,0,0,0,0,0
20,https://handlemyfile.com/ms/alih-keluar-metadata-pengarang-pdf,Alih keluar Nama Pengarang dan Metadata Tersembunyi darip...,text/html; charset=utf-8,false,200,0,https://handlemyfile.com/sitemap.xml,0,0,0,0,0,0,0,0
20,https://handlemyfile.com/fr/comparer-visuellement-les-fichiers-pdf,Comparez deux fichiers PDF pour les différences visuelles,text/html; charset=utf-8,false,200,0,https://handlemyfile.com/sitemap.xml,0,0,0,0,0,0,0,0
20,https://handlemyfile.com/sv/jamfor-pdf,Jämför PDF - Hitta skillnader mellan två PDF-filer,text/html; charset=utf-8,false,200,0,https://handlemyfile.com/sitemap.xml,0,0,0,0,0,0,0,0
20,https://handlemyfile.com/da/sammenligne-pdf-filer-visuelt,Sammenlign to PDF-filer for visuelle forskelle,text/html; charset=utf-8,false,200,0,https://handlemyfile.com/sitemap.xml,0,0,0,0,0,0,0,0
20,https://handlemyfile.com/sv/ta-bort-pdf-f-rfattarens-metadata,Ta bort författarens namn och dolda metadata från PDF,text/html; charset=utf-8,false,200,0,https://handlemyfile.com/sitemap.xml,0,0,0,0,0,0,0,0
20,https://handlemyfile.com/hi/convert-scanned-pdf-to-text-hi,स्कैन किए गए पीडीएफ को खोजने योग्य टेक्स्ट में बदलें | मु...,text/html; charset=utf-8,false,200,0,https://handlemyfile.com/sitemap.xml,0,0,0,0,0,0,0,0
20,https://handlemyfile.com/vi/so-s-nh-file-pdf-m-t-c-ch-tr-c-quan,So sánh hai tệp PDF để tìm sự khác biệt trực quan,text/html; charset=utf-8,false,200,0,https://handlemyfile.com/sitemap.xml,0,0,0,0,0,0,0,0
20,https://handlemyfile.com/de/graustufen-pdf-zum-drucken,Konvertieren Sie Farb-PDFs zum Drucken in Graustufen,text/html; charset=utf-8,false,200,0,https://handlemyfile.com/sitemap.xml,0,0,0,0,0,0,0,0
20,https://handlemyfile.com/tr/pdf-yi-karsilastir,PDF'yi Karşılaştır - İki PDF Arasındaki Farkları Bulun,text/html; charset=utf-8,false,200,0,https://handlemyfile.com/sitemap.xml,0,0,0,0,0,0,0,0
20,https://handlemyfile.com/it/pdf-in-word-senza-perdere-la-formattazione,Free PDF to Word Converter (.docx) Without Losing Formatting,text/html; charset=utf-8,false,200,0,https://handlemyfile.com/sitemap.xml,0,0,0,0,0,0,0,0
20,https://handlemyfile.com/es/ppt-a-pdf,Convierta PowerPoint a PDF: diapositivas PPTX a PDF local...,text/html; charset=utf-8,false,200,0,https://handlemyfile.com/sitemap.xml,0,0,0,0,0,0,0,0
20,https://handlemyfile.com/sv/sl-samman-pdf-filer-offline,Slå samman PDF-filer offline gratis | 100 % säker,text/html; charset=utf-8,false,200,0,https://handlemyfile.com/sitemap.xml,0,0,0,0,0,0,0,0
20,https://handlemyfile.com/th/pit-thap-pdf,ทำซ้ำ PDF - ปิดทับข้อความและรูปภาพอย่างปลอดภัย,text/html; charset=utf-8,false,200,0,https://handlemyfile.com/sitemap.xml,0,0,0,0,0,0,0,0
20,https://handlemyfile.com/fr/excel-en-pdf,Convertir Excel en PDF en ligne - XLSX et XLS en PDF loca...,text/html; charset=utf-8,false,200,0,https://handlemyfile.com/sitemap.xml,0,0,0,0,0,0,0,0
20,https://handlemyfile.com/it/da-pdf-a-ppt,Convertitore gratuito da PDF a PowerPoint (.pptx) - Caric...,text/html; charset=utf-8,false,200,0,https://handlemyfile.com/sitemap.xml,0,0,0,0,0,0,0,0
20,https://handlemyfile.com/uk/stysnuty-pdf-bez-vtraty-yakosti,Compress PDF Without Losing Quality - High Definition Los...,text/html; charset=utf-8,false,200,0,https://handlemyfile.com/sitemap.xml,0,0,0,0,0,0,0,0
20,https://handlemyfile.com/uk/zobrazhennya-v-pdf,Конвертуйте JPG і PNG у PDF онлайн - зображення в PDF лок...,text/html; charset=utf-8,false,200,0,https://handlemyfile.com/sitemap.xml,0,0,0,0,0,0,0,0
20,https://handlemyfile.com/fi/pakkaa-pdf-sahkopostia-varten,Compress PDF for Email - Shrink Large PDF Files under 25MB,text/html; charset=utf-8,false,200,0,https://handlemyfile.com/sitemap.xml,0,0,0,0,0,0,0,0
20,https://handlemyfile.com/ko/pdf-to-word-without-losing-formatting,Free PDF to Word Converter (.docx) Without Losing Formatting,text/html; charset=utf-8,false,200,0,https://handlemyfile.com/sitemap.xml,0,0,0,0,0,0,0,0
20,https://handlemyfile.com/ms/txt-kepada-pdf,Tukar TXT kepada PDF Dalam Talian - Teks Biasa kepada Dok...,text/html; charset=utf-8,false,200,0,https://handlemyfile.com/sitemap.xml,0,0,0,0,0,0,0,0
20,https://handlemyfile.com/ru/reduce-pdf-size-offline,Reduce PDF Size Offline | HandleMyFile,text/html; charset=utf-8,false,200,0,https://handlemyfile.com/sitemap.xml,0,0,0,0,0,0,0,0
20,https://handlemyfile.com/es/pdf-inverso,Invertir páginas PDF - Cambiar el orden de las páginas PD...,text/html; charset=utf-8,false,200,0,https://handlemyfile.com/sitemap.xml,0,0,0,0,0,0,0,0
20,https://handlemyfile.com/el/csv-se-excel,Δωρεάν μετατροπέας CSV σε Excel (.xlsx) - Instant Browser...,text/html; charset=utf-8,false,200,0,https://handlemyfile.com/sitemap.xml,0,0,0,0,0,0,0,0
20,https://handlemyfile.com/fi/pakkaa-pdf-100kb-kokoon,Compress PDF to 100KB - Online PDF Shrinker to 100KB,text/html; charset=utf-8,false,200,0,https://handlemyfile.com/sitemap.xml,0,0,0,0,0,0,0,0
20,https://handlemyfile.com/da/komprimer-pdf-til-e-mail,Compress PDF for Email - Shrink Large PDF Files under 25MB,text/html; charset=utf-8,false,200,0,https://handlemyfile.com/sitemap.xml,0,0,0,0,0,0,0,0
20,https://handlemyfile.com/id/sensor-pdf,Sunting PDF - Pemadaman Teks dan Gambar dengan Aman,text/html; charset=utf-8,false,200,0,https://handlemyfile.com/sitemap.xml,0,0,0,0,0,0,0,0
20,https://handlemyfile.com/ms/buang-tera-air-pdf-dalam-talian,Buang Tera Air PDF Percuma Dalam Talian | Bersihkan PDF,text/html; charset=utf-8,false,200,0,https://handlemyfile.com/sitemap.xml,0,0,0,0,0,0,0,0
20,https://handlemyfile.com/ru/skanirovat-v-pdf,Сканирование в PDF — сделайте PDF нередактируемым и растр...,text/html; charset=utf-8,false,200,0,https://handlemyfile.com/sitemap.xml,0,0,0,0,0,0,0,0
20,https://handlemyfile.com/es/eliminar-metadatos-pdf,Eliminar metadatos de PDF: desinfectar propiedades en línea,text/html; charset=utf-8,false,200,0,https://handlemyfile.com/sitemap.xml,0,0,0,0,0,0,0,0
20,https://handlemyfile.com/ko/egseleul-pdfro,Excel을 온라인에서 PDF로 변환 - XLSX 및 XLS를 로컬에서 PDF로 | HandleMyFile,text/html; charset=utf-8,false,200,0,https://handlemyfile.com/sitemap.xml,0,0,0,0,0,0,0,0
20,https://handlemyfile.com/da/pdf-til-word-uden-at-miste-formatering,Free PDF to Word Converter (.docx) Without Losing Formatting,text/html; charset=utf-8,false,200,0,https://handlemyfile.com/sitemap.xml,0,0,0,0,0,0,0,0
20,https://handlemyfile.com/ja/pdf-asshuku,オンラインで PDF を圧縮 - ローカルでファイル サイズを 60 ～ 90% 削減 | HandleMyFile,text/html; charset=utf-8,false,200,0,https://handlemyfile.com/sitemap.xml,0,0,0,0,0,0,0,0
20,https://handlemyfile.com/he/pdf-gvanei-afor-hadfasa,המר PDF צבעוני לגווני אפור להדפסה | HandleMyFile,text/html; charset=utf-8,false,200,0,https://handlemyfile.com/sitemap.xml,0,0,0,0,0,0,0,0
20,https://handlemyfile.com/es/escanear-a-pdf,Escanear a PDF: convertir PDF en no editable y rasterizar...,text/html; charset=utf-8,false,200,0,https://handlemyfile.com/sitemap.xml,0,0,0,0,0,0,0,0
20,https://handlemyfile.com/ko/email-yong-pdf-apchuk,Compress PDF for Email - Shrink Large PDF Files under 25MB,text/html; charset=utf-8,false,200,0,https://handlemyfile.com/sitemap.xml,0,0,0,0,0,0,0,0
20,https://handlemyfile.com/cs/zmenit-velikost-pdf,Změnit velikost stránek PDF – Změnit velikost a okraje st...,text/html; charset=utf-8,false,200,0,https://handlemyfile.com/sitemap.xml,0,0,0,0,0,0,0,0
20,https://handlemyfile.com/id/excel-ke-csv,Konverter Excel ke CSV Gratis (.xlsx ke .csv) - Tanpa Ung...,text/html; charset=utf-8,false,200,0,https://handlemyfile.com/sitemap.xml,0,0,0,0,0,0,0,0
20,https://handlemyfile.com/cs/txt-do-pdf,Převést TXT do PDF online – prostý text na dokument PDF,text/html; charset=utf-8,false,200,0,https://handlemyfile.com/sitemap.xml,0,0,0,0,0,0,0,0
20,https://handlemyfile.com/ja/pdf-shikakuteki-hikaku,2 つの PDF ファイルを比較して視覚的な違いを確認する | HandleMyFile,text/html; charset=utf-8,false,200,0,https://handlemyfile.com/sitemap.xml,0,0,0,0,0,0,0,0
20,https://handlemyfile.com/el/synchoneysi-arxeion-pdf-offline,Συγχώνευση αρχείων PDF χωρίς σύνδεση Δωρεάν | 100% ασφαλής,text/html; charset=utf-8,false,200,0,https://handlemyfile.com/sitemap.xml,0,0,0,0,0,0,0,0
20,https://handlemyfile.com/ko/pdf-woteoma-keu-jegeo-onrain,PDF 워터마크를 온라인으로 무료로 제거하세요 | PDF 정리 | HandleMyFile,text/html; charset=utf-8,false,200,0,https://handlemyfile.com/sitemap.xml,0,0,0,0,0,0,0,0
20,https://handlemyfile.com/fi/harmaasavy-pdf,Muunna PDF harmaasävyiksi - Black and White PDF Online,text/html; charset=utf-8,false,200,0,https://handlemyfile.com/sitemap.xml,0,0,0,0,0,0,0,0
20,https://handlemyfile.com/th/ruam-fai-pdf-offline,รวมไฟล์ PDF ออฟไลน์ฟรี | ปลอดภัย 100% | HandleMyFile,text/html; charset=utf-8,false,200,0,https://handlemyfile.com/sitemap.xml,0,0,0,0,0,0,0,0
