PR,URL,Title,Content type,Is rendered page,HTTP status code,Organic traffic,Open Graph URL,Canonical URL,Canonical URL code,Canonical URL patch,Canonical URL patch status,Is valid Open Graph,Open Graph attributes,Open Graph values,Depth,Is indexable page,No. of all inlinks
21,https://handlemyfile.com/da/fjern-metadata,Fjern PDF-metadata - Sanitize Properties Online | HandleMyFile,text/html; charset=utf-8,false,200,0,https://handlemyfile.com/,https://handlemyfile.com/da/fjern-metadata,200,,,true,"og:description
og:title
og:image
og:url
og:type","Fjern forfatter, skaber og andre skjulte digitale fodaftryksegenskaber fra dine PDF-filer offline for bedre privatliv.
Fjern PDF-metadata - Sanitize Properties Online | HandleMyFile
/logo.png
https://handlemyfile.com/
website",0,true,29
21,https://handlemyfile.com/sk/csv-do-excelu,Bezplatný prevodník CSV do Excelu (.xlsx) – Instant Browser Engine | HandleMyFile,text/html; charset=utf-8,false,200,0,https://handlemyfile.com/,https://handlemyfile.com/sk/csv-do-excelu,200,,,true,"og:description
og:title
og:image
og:url
og:type","Premeňte nespracované súbory CSV na správne formátované tabuľky programu Excel s podporou viacerých hárkov a nulovou stratou údajov offline.
Bezplatný prevodník CSV do Excelu (.xlsx) – Instant Browser Engine | HandleMyFile
/logo.png
https://handlemyfile.com/
website",0,true,29
21,https://handlemyfile.com/ja/pdf-risaizu,PDF ページのサイズを変更する - PDF ページのサイズと余白を変更する | HandleMyFile,text/html; charset=utf-8,false,200,0,https://handlemyfile.com/,https://handlemyfile.com/ja/pdf-risaizu,200,,,true,"og:description
og:title
og:image
og:url
og:type","PDF ページのサイズを A4 やレターなどの標準サイズに変更し、余白を追加して、コンテンツを完全に中央に配置します。
PDF ページのサイズを変更する - PDF ページのサイズと余白を変更する | HandleMyFile
/logo.png
https://handlemyfile.com/
website",0,true,29
21,https://handlemyfile.com/he/hshvvh-pdf,השווה PDF - מצא הבדלים בין שני קובצי PDF | HandleMyFile,text/html; charset=utf-8,false,200,0,https://handlemyfile.com/,https://handlemyfile.com/he/hshvvh-pdf,200,,,true,"og:description
og:title
og:image
og:url
og:type","העלה שני קובצי PDF והדגש את ההבדלים החזותיים ביניהם פיקסל אחר פיקסל באופן מקומי.
השווה PDF - מצא הבדלים בין שני קובצי PDF | HandleMyFile
/logo.png
https://handlemyfile.com/
website",0,true,29
21,https://handlemyfile.com/fr/r-organiser-les-pages-pdf-par-glisser-d-poser,Reorder PDF Pages Drag and Drop Free | HandleMyFile,text/html; charset=utf-8,false,200,0,https://handlemyfile.com/,https://handlemyfile.com/fr/r-organiser-les-pages-pdf-par-glisser-d-poser,200,,,true,"og:description
og:title
og:image
og:url
og:type","Organize and reorder pages in your PDF document visually by dragging and dropping thumbnails. 100% free and local.
Reorder PDF Pages Drag and Drop Free | HandleMyFile
/logo.png
https://handlemyfile.com/
website",0,true,29
21,https://handlemyfile.com/da/scannet-pdf-til-tekst-ocr,Convert Scanned PDF to Text | HandleMyFile,text/html; charset=utf-8,false,200,0,https://handlemyfile.com/,https://handlemyfile.com/da/scannet-pdf-til-tekst-ocr,200,,,true,"og:description
og:title
og:image
og:url
og:type","Turn non-searchable scanned PDFs and images into editable plain text locally using multi-language WebAssembly OCR workers.
Convert Scanned PDF to Text | HandleMyFile
/logo.png
https://handlemyfile.com/
website",0,true,29
21,https://handlemyfile.com/zh/pdf-word,Free PDF to Word Converter (.docx) Without Losing Formatting | HandleMyFile,text/html; charset=utf-8,false,200,0,https://handlemyfile.com/,https://handlemyfile.com/zh/pdf-word,200,,,true,"og:description
og:title
og:image
og:url
og:type","Extract exact text, layout runs, and paragraphs from any PDF into a clean Microsoft Word (.docx) file directly inside browser memory.
Free PDF to Word Converter (.docx) Without Losing Formatting | HandleMyFile
/logo.png
https://handlemyfile.com/
website",0,true,29
21,https://handlemyfile.com/he/excel-l-csv,ממיר Excel ל-CSV בחינם (.xlsx ל-.csv) - אפס העלאות | HandleMyFile,text/html; charset=utf-8,false,200,0,https://handlemyfile.com/,https://handlemyfile.com/he/excel-l-csv,200,,,true,"og:description
og:title
og:image
og:url
og:type","ייצא במהירות נתונים מגיליונות אלקטרוניים של Microsoft Excel (.xlsx, .xls) לפורמט CSV אוניברסלי לגמרי בדפדפן שלך.
ממיר Excel ל-CSV בחינם (.xlsx ל-.csv) - אפס העלאות | HandleMyFile
/logo.png
https://handlemyfile.com/
website",0,true,29
21,https://handlemyfile.com/ro/csv-in-excel,Convertor gratuit CSV în Excel (.xlsx) - Motor de browser instantaneu | HandleMyFile,text/html; charset=utf-8,false,200,0,https://handlemyfile.com/,https://handlemyfile.com/ro/csv-in-excel,200,,,true,"og:description
og:title
og:image
og:url
og:type","Transformați fișierele CSV brute în foi de calcul Excel formatate corespunzător, cu suport pentru mai multe foi și fără pierderi de date offline.
Convertor gratuit CSV în Excel (.xlsx) - Motor de browser instantaneu | HandleMyFile
/logo.png
https://handlemyfile.com/
website",0,true,29
21,https://handlemyfile.com/es/imagen-a-pdf,Convierta JPG y PNG a PDF en línea: imágenes a PDF localmente | HandleMyFile,text/html; charset=utf-8,false,200,0,https://handlemyfile.com/,https://handlemyfile.com/es/imagen-a-pdf,200,,,true,"og:description
og:title
og:image
og:url
og:type","Combine fotos, capturas de pantalla o imágenes PNG/JPG en un único documento PDF limpio de forma local sin necesidad de cargarlo.
Convierta JPG y PNG a PDF en línea: imágenes a PDF localmente | HandleMyFile
/logo.png
https://handlemyfile.com/
website",0,true,29
21,https://handlemyfile.com/tr/pdf-nin-kilidini-acin,PDF Online'ın Kilidini Açın - PDF Parolasını Yerel Olarak Kaldır | HandleMyFile,text/html; charset=utf-8,false,200,0,https://handlemyfile.com/,https://handlemyfile.com/tr/pdf-nin-kilidini-acin,200,,,true,"og:description
og:title
og:image
og:url
og:type","Tarayıcınızda PDF dosyalarınızdaki şifreyi ve şifrelemeyi anında kaldırın.
PDF Online'ın Kilidini Açın - PDF Parolasını Yerel Olarak Kaldır | HandleMyFile
/logo.png
https://handlemyfile.com/
website",0,true,29
21,https://handlemyfile.com/cs/extrahovat-obrazky,Extrahovat obrázky z PDF - Uložit všechny obrázky z PDF | HandleMyFile,text/html; charset=utf-8,false,200,0,https://handlemyfile.com/,https://handlemyfile.com/cs/extrahovat-obrazky,200,,,true,"og:description
og:title
og:image
og:url
og:type","Okamžitě naskenujte svůj PDF a lokálně extrahujte všechny vložené obrázky jako vysoce kvalitní soubory JPG/PNG.
Extrahovat obrázky z PDF - Uložit všechny obrázky z PDF | HandleMyFile
/logo.png
https://handlemyfile.com/
website",0,true,29
21,https://handlemyfile.com/vi/csv-sang-excel,Công cụ chuyển đổi CSV sang Excel miễn phí (.xlsx) - Công cụ trình duyệt tức thì | HandleMyFile,text/html; charset=utf-8,false,200,0,https://handlemyfile.com/,https://handlemyfile.com/vi/csv-sang-excel,200,,,true,"og:description
og:title
og:image
og:url
og:type","Biến các tệp CSV thô thành bảng tính Excel được định dạng chính xác với sự hỗ trợ nhiều trang và không mất dữ liệu khi ngoại tuyến.
Công cụ chuyển đổi CSV sang Excel miễn phí (.xlsx) - Công cụ trình duyệt tức thì | HandleMyFile
/logo.png
https://handlemyfile.com/
website",0,true,29
21,https://handlemyfile.com/ko/egseleul-csvro,무료 Excel to CSV 변환기(.xlsx to .csv) - 제로 업로드 | HandleMyFile,text/html; charset=utf-8,false,200,0,https://handlemyfile.com/,https://handlemyfile.com/ko/egseleul-csvro,200,,,true,"og:description
og:title
og:image
og:url
og:type","브라우저에서 Microsoft Excel 스프레드시트(.xlsx, .xls)의 데이터를 범용 CSV 형식으로 빠르게 내보낼 수 있습니다.
무료 Excel to CSV 변환기(.xlsx to .csv) - 제로 업로드 | HandleMyFile
/logo.png
https://handlemyfile.com/
website",0,true,29
21,https://handlemyfile.com/remove-pdf-password-without-password,Remove PDF Password Without Password | HandleMyFile,text/html; charset=utf-8,false,200,0,https://handlemyfile.com/,https://handlemyfile.com/remove-pdf-password-without-password,200,,,true,"og:description
og:title
og:image
og:url
og:type","Remove password protection from your PDF files without needing the original password using our advanced unlock tool.
Remove PDF Password Without Password | HandleMyFile
/logo.png
https://handlemyfile.com/
website",0,true,58
21,https://handlemyfile.com/no/redusere-pdf-st-rrelse-offline,Reduce PDF Size Offline | HandleMyFile,text/html; charset=utf-8,false,200,0,https://handlemyfile.com/,https://handlemyfile.com/no/redusere-pdf-st-rrelse-offline,200,,,true,"og:description
og:title
og:image
og:url
og:type","Reduce the size of your PDF documents offline directly in your browser without any server uploads. 100% secure.
Reduce PDF Size Offline | HandleMyFile
/logo.png
https://handlemyfile.com/
website",0,true,29
21,https://handlemyfile.com/redact-pdf,Redact PDF - Securely Blackout Text and Images | HandleMyFile,text/html; charset=utf-8,false,200,0,https://handlemyfile.com/,https://handlemyfile.com/redact-pdf,200,,,true,"og:description
og:title
og:image
og:url
og:type","Draw redaction boxes over private information. The redacted pages are fully rasterized to permanently destroy the hidden text.
Redact PDF - Securely Blackout Text and Images | HandleMyFile
/logo.png
https://handlemyfile.com/
website",0,true,58
21,https://handlemyfile.com/hi/piiddiieph-ghumaaen,पीडीएफ पेजों को ऑनलाइन घुमाएँ - पीडीएफ को 90/180/270 डिग्री स्थानीय रूप से घुमाएँ | HandleMyFile,text/html; charset=utf-8,false,200,0,https://handlemyfile.com/,https://handlemyfile.com/hi/piiddiieph-ghumaaen,200,,,true,"og:description
og:title
og:image
og:url
og:type","अपने पीडीएफ दस्तावेज़ में व्यक्तिगत पृष्ठों या सभी पृष्ठों को स्थानीय रूप से सेकंडों में घुमाएँ। शून्य अपलोड की आवश्यकता है.
पीडीएफ पेजों को ऑनलाइन घुमाएँ - पीडीएफ को 90/180/270 डिग्री स्थानीय रूप से घुमाएँ | HandleMyFile
/logo.png
https://handlemyfile.com/
website",0,true,29
21,https://handlemyfile.com/da/beskyt-pdf,Beskyt PDF Online - Adgangskodebeskyt PDF lokalt | HandleMyFile,text/html; charset=utf-8,false,200,0,https://handlemyfile.com/,https://handlemyfile.com/da/beskyt-pdf,200,,,true,"og:description
og:title
og:image
og:url
og:type","Beskyt dine PDF-filer med AES-256-kryptering og adgangskodebeskyttelse lokalt i din browser.
Beskyt PDF Online - Adgangskodebeskyt PDF lokalt | HandleMyFile
/logo.png
https://handlemyfile.com/
website",0,true,29
21,https://handlemyfile.com/pl/zmie-kolejno-stron-pdf-przeci-gnij-i-upu,Reorder PDF Pages Drag and Drop Free | HandleMyFile,text/html; charset=utf-8,false,200,0,https://handlemyfile.com/,https://handlemyfile.com/pl/zmie-kolejno-stron-pdf-przeci-gnij-i-upu,200,,,true,"og:description
og:title
og:image
og:url
og:type","Organize and reorder pages in your PDF document visually by dragging and dropping thumbnails. 100% free and local.
Reorder PDF Pages Drag and Drop Free | HandleMyFile
/logo.png
https://handlemyfile.com/
website",0,true,29
21,https://handlemyfile.com/ru/csv-v-excel,Бесплатный конвертер CSV в Excel (.xlsx) — механизм мгновенного браузера | HandleMyFile,text/html; charset=utf-8,false,200,0,https://handlemyfile.com/,https://handlemyfile.com/ru/csv-v-excel,200,,,true,"og:description
og:title
og:image
og:url
og:type","Превратите необработанные файлы CSV в правильно отформатированные электронные таблицы Excel с поддержкой нескольких листов и нулевой потерей данных в автономном режиме.
Бесплатный конвертер CSV в Excel (.xlsx) — механизм мгновенного браузера | HandleMyFile
/logo.png
https://handlemyfile.com/
website",0,true,29
21,https://handlemyfile.com/ar/tqsym-qwt-ldfaa-lshaaby,تقسيم ملف PDF عبر الإنترنت - استخراج الصفحات بشكل منفصل | الخصوصية من جانب العميل | HandleMyFile,text/html; charset=utf-8,false,200,0,https://handlemyfile.com/,https://handlemyfile.com/ar/tqsym-qwt-ldfaa-lshaaby,200,,,true,"og:description
og:title
og:image
og:url
og:type","افصل صفحة PDF واحدة أو أكثر إلى ملفات PDF مستقلة أو أرشيف ZIP محليًا. سريع وآمن ومعتمد على المتصفح بنسبة 100%.
تقسيم ملف PDF عبر الإنترنت - استخراج الصفحات بشكل منفصل | الخصوصية من جانب العميل | HandleMyFile
/logo.png
https://handlemyfile.com/
website",0,true,29
21,https://handlemyfile.com/hi/pdf-to-word-without-losing-formatting,Free PDF to Word Converter (.docx) Without Losing Formatting | HandleMyFile,text/html; charset=utf-8,false,200,0,https://handlemyfile.com/,https://handlemyfile.com/hi/pdf-to-word-without-losing-formatting,200,,,true,"og:description
og:title
og:image
og:url
og:type","Extract exact text, layout runs, and paragraphs from any PDF into a clean Microsoft Word (.docx) file directly inside browser memory.
Free PDF to Word Converter (.docx) Without Losing Formatting | HandleMyFile
/logo.png
https://handlemyfile.com/
website",0,true,29
21,https://handlemyfile.com/el/peristrofi-pdf,Περιστροφή σελίδων PDF Online - Περιστρέψτε το PDF 90/180/270 μοίρες τοπικά | HandleMyFile,text/html; charset=utf-8,false,200,0,https://handlemyfile.com/,https://handlemyfile.com/el/peristrofi-pdf,200,,,true,"og:description
og:title
og:image
og:url
og:type","Περιστρέψτε μεμονωμένες σελίδες ή όλες τις σελίδες στο έγγραφο PDF σας τοπικά σε δευτερόλεπτα. Απαιτούνται μηδενικές μεταφορτώσεις.
Περιστροφή σελίδων PDF Online - Περιστρέψτε το PDF 90/180/270 μοίρες τοπικά | HandleMyFile
/logo.png
https://handlemyfile.com/
website",0,true,29
21,https://handlemyfile.com/nl/pdf-naar-ppt,Gratis PDF naar PowerPoint-converter (.pptx) - Geen uploads | HandleMyFile,text/html; charset=utf-8,false,200,0,https://handlemyfile.com/,https://handlemyfile.com/nl/pdf-naar-ppt,200,,,true,"og:description
og:title
og:image
og:url
og:type","Zet uw PDF-documenten met meerdere pagina's om in bewerkbare PowerPoint-dia's (.pptx) met hoge betrouwbaarheid in het RAM-geheugen van de browser.
Gratis PDF naar PowerPoint-converter (.pptx) - Geen uploads | HandleMyFile
/logo.png
https://handlemyfile.com/
website",0,true,29
21,https://handlemyfile.com/it/confronta-pdf,Confronta PDF: trova le differenze tra due PDF | HandleMyFile,text/html; charset=utf-8,false,200,0,https://handlemyfile.com/,https://handlemyfile.com/it/confronta-pdf,200,,,true,"og:description
og:title
og:image
og:url
og:type","Carica due file PDF ed evidenzia localmente le differenze visive tra loro pixel per pixel.
Confronta PDF: trova le differenze tra due PDF | HandleMyFile
/logo.png
https://handlemyfile.com/
website",0,true,29
21,https://handlemyfile.com/nl/watermerk-pdf,Watermerk toevoegen aan PDF - Aangepaste tekst of afbeelding lokaal stempelen | HandleMyFile,text/html; charset=utf-8,false,200,0,https://handlemyfile.com/,https://handlemyfile.com/nl/watermerk-pdf,200,,,true,"og:description
og:title
og:image
og:url
og:type","Bescherm uw intellectuele eigendom door offline transparante tekst- of afbeeldingswatermerken op uw PDF-pagina's te stempelen.
Watermerk toevoegen aan PDF - Aangepaste tekst of afbeelding lokaal stempelen | HandleMyFile
/logo.png
https://handlemyfile.com/
website",0,true,29
21,https://handlemyfile.com/ro/txt-in-pdf,Convertiți TXT în PDF online - Text simplu în document PDF | HandleMyFile,text/html; charset=utf-8,false,200,0,https://handlemyfile.com/,https://handlemyfile.com/ro/txt-in-pdf,200,,,true,"og:description
og:title
og:image
og:url
og:type","Transformați rapid fișierele text simplu sau jurnalele de cod în documente PDF bine structurate și lizibile instantaneu în browser.
Convertiți TXT în PDF online - Text simplu în document PDF | HandleMyFile
/logo.png
https://handlemyfile.com/
website",0,true,29
21,https://handlemyfile.com/tr/goruntuleri-cikart,PDF'den Görüntü Çıkarma - PDF'den Tüm Resimleri Kaydet | HandleMyFile,text/html; charset=utf-8,false,200,0,https://handlemyfile.com/,https://handlemyfile.com/tr/goruntuleri-cikart,200,,,true,"og:description
og:title
og:image
og:url
og:type","PDF'nizi anında tarayın ve tüm gömülü görüntüleri yerel olarak yüksek kaliteli JPG/PNG dosyaları olarak çıkarın.
PDF'den Görüntü Çıkarma - PDF'den Tüm Resimleri Kaydet | HandleMyFile
/logo.png
https://handlemyfile.com/
website",0,true,29
21,https://handlemyfile.com/uk/ppt-v-pdf,Конвертуйте PowerPoint у PDF - PPTX Slides to PDF Locally | HandleMyFile,text/html; charset=utf-8,false,200,0,https://handlemyfile.com/,https://handlemyfile.com/uk/ppt-v-pdf,200,,,true,"og:description
og:title
og:image
og:url
og:type","Зберігайте слайди презентації PPTX як універсальні PDF-документи для легкого обміну та друку без завантаження на сервер.
Конвертуйте PowerPoint у PDF - PPTX Slides to PDF Locally | HandleMyFile
/logo.png
https://handlemyfile.com/
website",0,true,29
21,https://handlemyfile.com/ja/ocr-pdf,無料のブラウザ OCR - スキャンした PDF と画像からテキストを抽出 | HandleMyFile,text/html; charset=utf-8,false,200,0,https://handlemyfile.com/,https://handlemyfile.com/ja/ocr-pdf,200,,,true,"og:description
og:title
og:image
og:url
og:type","多言語の WebAssembly OCR ワーカーを使用して、検索不可能なスキャンされた PDF と画像をローカルで編集可能なプレーン テキストに変換します。
無料のブラウザ OCR - スキャンした PDF と画像からテキストを抽出 | HandleMyFile
/logo.png
https://handlemyfile.com/
website",0,true,29
21,https://handlemyfile.com/hu/kepek-kibontasa,Képek kibontása PDF-ből – Minden kép mentése PDF-ből | HandleMyFile,text/html; charset=utf-8,false,200,0,https://handlemyfile.com/,https://handlemyfile.com/hu/kepek-kibontasa,200,,,true,"og:description
og:title
og:image
og:url
og:type","Azonnal szkennelje be PDF-jét, és bontsa ki az összes beágyazott képet kiváló minőségű JPG/PNG fájlként helyileg.
Képek kibontása PDF-ből – Minden kép mentése PDF-ből | HandleMyFile
/logo.png
https://handlemyfile.com/
website",0,true,29
21,https://handlemyfile.com/fr/pdf-en-image,Convertir des PDF en images JPG/PNG en ligne - Extraire des pages en ZIP | HandleMyFile,text/html; charset=utf-8,false,200,0,https://handlemyfile.com/,https://handlemyfile.com/fr/pdf-en-image,200,,,true,"og:description
og:title
og:image
og:url
og:type","Pixellisez localement les pages PDF en images PNG/JPG d'une clarté cristalline. Téléchargez individuellement ou sous forme d'archive ZIP haute vitesse.
Convertir des PDF en images JPG/PNG en ligne - Extraire des pages en ZIP | HandleMyFile
/logo.png
https://handlemyfile.com/
website",0,true,29
21,https://handlemyfile.com/hi/piiddiieph-se-piipiittii,मुफ़्त पीडीएफ से पावरपॉइंट कन्वर्टर (.pptx) - शून्य अपलोड | HandleMyFile,text/html; charset=utf-8,false,200,0,https://handlemyfile.com/,https://handlemyfile.com/hi/piiddiieph-se-piipiittii,200,,,true,"og:description
og:title
og:image
og:url
og:type","अपने बहु-पृष्ठ पीडीएफ दस्तावेज़ों को ब्राउज़र रैम के अंदर उच्च निष्ठा के साथ संपादन योग्य पावरपॉइंट (.pptx) स्लाइड में बदलें।
मुफ़्त पीडीएफ से पावरपॉइंट कन्वर्टर (.pptx) - शून्य अपलोड | HandleMyFile
/logo.png
https://handlemyfile.com/
website",0,true,29
21,https://handlemyfile.com/ko/yeogbanghyang-pdf,PDF 페이지 역방향 - PDF 페이지 순서를 거꾸로 변경 | HandleMyFile,text/html; charset=utf-8,false,200,0,https://handlemyfile.com/,https://handlemyfile.com/ko/yeogbanghyang-pdf,200,,,true,"og:description
og:title
og:image
og:url
og:type","브라우저에서 안전하게 PDF 문서의 페이지 순서를 마지막에서 처음으로 즉시 반전할 수 있습니다.
PDF 페이지 역방향 - PDF 페이지 순서를 거꾸로 변경 | HandleMyFile
/logo.png
https://handlemyfile.com/
website",0,true,29
21,https://handlemyfile.com/da/fjern-pdf-adgangskode-uden-adgangskode,Remove PDF Password Without Password | HandleMyFile,text/html; charset=utf-8,false,200,0,https://handlemyfile.com/,https://handlemyfile.com/da/fjern-pdf-adgangskode-uden-adgangskode,200,,,true,"og:description
og:title
og:image
og:url
og:type","Remove password protection from your PDF files without needing the original password using our advanced unlock tool.
Remove PDF Password Without Password | HandleMyFile
/logo.png
https://handlemyfile.com/
website",0,true,29
21,https://handlemyfile.com/ro/pdf-invers,Inversați paginile PDF - Schimbați ordinea paginilor PDF înapoi | HandleMyFile,text/html; charset=utf-8,false,200,0,https://handlemyfile.com/,https://handlemyfile.com/ro/pdf-invers,200,,,true,"og:description
og:title
og:image
og:url
og:type","Inversați instantaneu secvența paginilor din documentul PDF de la ultima la prima în siguranță în browser.
Inversați paginile PDF - Schimbați ordinea paginilor PDF înapoi | HandleMyFile
/logo.png
https://handlemyfile.com/
website",0,true,29
21,https://handlemyfile.com/it/estrai-immagini,Estrai immagini da PDF - Salva tutte le immagini da PDF | HandleMyFile,text/html; charset=utf-8,false,200,0,https://handlemyfile.com/,https://handlemyfile.com/it/estrai-immagini,200,,,true,"og:description
og:title
og:image
og:url
og:type","Scansiona istantaneamente il tuo PDF ed estrai localmente tutte le immagini incorporate come file JPG/PNG di alta qualità.
Estrai immagini da PDF - Salva tutte le immagini da PDF | HandleMyFile
/logo.png
https://handlemyfile.com/
website",0,true,29
21,https://handlemyfile.com/th/excel-epn-pdf,แปลง Excel เป็น PDF ออนไลน์ - XLSX & XLS เป็น PDF ในเครื่อง | HandleMyFile,text/html; charset=utf-8,false,200,0,https://handlemyfile.com/,https://handlemyfile.com/th/excel-epn-pdf,200,,,true,"og:description
og:title
og:image
og:url
og:type","แปลงสเปรดชีตและข้อมูลทางการเงินให้เป็นตาราง PDF ที่สะอาดตาและพิมพ์ได้แบบออฟไลน์ในเบราว์เซอร์ของคุณ
แปลง Excel เป็น PDF ออนไลน์ - XLSX & XLS เป็น PDF ในเครื่อง | HandleMyFile
/logo.png
https://handlemyfile.com/
website",0,true,29
21,https://handlemyfile.com/ar/reorder-pdf-pages-drag-and-drop,Reorder PDF Pages Drag and Drop Free | HandleMyFile,text/html; charset=utf-8,false,200,0,https://handlemyfile.com/,https://handlemyfile.com/ar/reorder-pdf-pages-drag-and-drop,200,,,true,"og:description
og:title
og:image
og:url
og:type","Organize and reorder pages in your PDF document visually by dragging and dropping thumbnails. 100% free and local.
Reorder PDF Pages Drag and Drop Free | HandleMyFile
/logo.png
https://handlemyfile.com/
website",0,true,29
21,https://handlemyfile.com/ko/metadeiteo-jegeo,PDF 메타데이터 제거 - 온라인 속성 삭제 | HandleMyFile,text/html; charset=utf-8,false,200,0,https://handlemyfile.com/,https://handlemyfile.com/ko/metadeiteo-jegeo,200,,,true,"og:description
og:title
og:image
og:url
og:type","더 나은 개인정보 보호를 위해 오프라인에서 PDF 파일의 작성자, 작성자 및 기타 숨겨진 디지털 발자국 속성을 제거하세요.
PDF 메타데이터 제거 - 온라인 속성 삭제 | HandleMyFile
/logo.png
https://handlemyfile.com/
website",0,true,29
21,https://handlemyfile.com/da/sidetal,Tilføj sidetal til PDF - tilpasset sidehoved og sidefod lokalt | HandleMyFile,text/html; charset=utf-8,false,200,0,https://handlemyfile.com/,https://handlemyfile.com/da/sidetal,200,,,true,"og:description
og:title
og:image
og:url
og:type","Tilføj nemt rene, tilpasselige sidetal til din PDF-sidehoved eller -sidefod med fuld stylingkontrol i din browser.
Tilføj sidetal til PDF - tilpasset sidehoved og sidefod lokalt | HandleMyFile
/logo.png
https://handlemyfile.com/
website",0,true,29
21,https://handlemyfile.com/zh/pdf-zhuan-ppt,免费 PDF 到 PowerPoint 转换器 (.pptx) - 零上传 | HandleMyFile,text/html; charset=utf-8,false,200,0,https://handlemyfile.com/,https://handlemyfile.com/zh/pdf-zhuan-ppt,200,,,true,"og:description
og:title
og:image
og:url
og:type","将多页 PDF 文档转换为可编辑的 PowerPoint (.pptx) 幻灯片，并在浏览器 RAM 内保持高保真度。
免费 PDF 到 PowerPoint 转换器 (.pptx) - 零上传 | HandleMyFile
/logo.png
https://handlemyfile.com/
website",0,true,29
21,https://handlemyfile.com/fi/excelista-csv-ksi,Ilmainen Excel–CSV-muunnin (.xlsx–.csv) – nolla latausta | HandleMyFile,text/html; charset=utf-8,false,200,0,https://handlemyfile.com/,https://handlemyfile.com/fi/excelista-csv-ksi,200,,,true,"og:description
og:title
og:image
og:url
og:type","Vie tiedot nopeasti Microsoft Excel -laskentataulukoista (.xlsx, .xls) yleiseen CSV-muotoon kokonaan selaimessasi.
Ilmainen Excel–CSV-muunnin (.xlsx–.csv) – nolla latausta | HandleMyFile
/logo.png
https://handlemyfile.com/
website",0,true,29
21,https://handlemyfile.com/hu/pdf-feloldasa,PDF online feloldása – PDF jelszó helyi eltávolítása | HandleMyFile,text/html; charset=utf-8,false,200,0,https://handlemyfile.com/,https://handlemyfile.com/hu/pdf-feloldasa,200,,,true,"og:description
og:title
og:image
og:url
og:type","Azonnal távolítsa el a jelszót és a titkosítást PDF-fájljaiból a böngészőben.
PDF online feloldása – PDF jelszó helyi eltávolítása | HandleMyFile
/logo.png
https://handlemyfile.com/
website",0,true,29
21,https://handlemyfile.com/fr/numeros-de-pages,Ajouter des numéros de page au PDF - En-tête et pied de page personnalisés localement | HandleMyFile,text/html; charset=utf-8,false,200,0,https://handlemyfile.com/,https://handlemyfile.com/fr/numeros-de-pages,200,,,true,"og:description
og:title
og:image
og:url
og:type","Ajoutez facilement des numéros de page propres et personnalisables à l'en-tête ou au pied de page de votre PDF avec un contrôle total du style dans votre navigateur.
Ajouter des numéros de page au PDF - En-tête et pied de page personnalisés localement | HandleMyFile
/logo.png
https://handlemyfile.com/
website",0,true,29
21,https://handlemyfile.com/da/uddrag-billeder,Uddrag billeder fra PDF - Gem alle billeder fra PDF | HandleMyFile,text/html; charset=utf-8,false,200,0,https://handlemyfile.com/,https://handlemyfile.com/da/uddrag-billeder,200,,,true,"og:description
og:title
og:image
og:url
og:type","Scan øjeblikkeligt din PDF og udpak alle indlejrede billeder som JPG/PNG-filer af høj kvalitet lokalt.
Uddrag billeder fra PDF - Gem alle billeder fra PDF | HandleMyFile
/logo.png
https://handlemyfile.com/
website",0,true,29
21,https://handlemyfile.com/es/firmar-pdf,Firmar PDF en línea - Agregar firma electrónica a PDF | HandleMyFile,text/html; charset=utf-8,false,200,0,https://handlemyfile.com/,https://handlemyfile.com/es/firmar-pdf,200,,,true,"og:description
og:title
og:image
og:url
og:type","Dibuja, carga o genera una firma electrónica y agrégala a tu PDF.
Firmar PDF en línea - Agregar firma electrónica a PDF | HandleMyFile
/logo.png
https://handlemyfile.com/
website",0,true,29
21,https://handlemyfile.com/no/excel-til-pdf,Konverter Excel til PDF Online - XLSX og XLS til PDF lokalt | HandleMyFile,text/html; charset=utf-8,false,200,0,https://handlemyfile.com/,https://handlemyfile.com/no/excel-til-pdf,200,,,true,"og:description
og:title
og:image
og:url
og:type","Forvandle regneark og økonomiske data til rene, utskrivbare PDF-tabeller offline i nettleseren din.
Konverter Excel til PDF Online - XLSX og XLS til PDF lokalt | HandleMyFile
/logo.png
https://handlemyfile.com/
website",0,true,29
21,https://handlemyfile.com/tr/excel-den-pdf-ye,Excel'i Çevrimiçi Olarak PDF'ye Dönüştürün - XLSX ve XLS'yi Yerel Olarak PDF'ye Dönüştürün | HandleMyFile,text/html; charset=utf-8,false,200,0,https://handlemyfile.com/,https://handlemyfile.com/tr/excel-den-pdf-ye,200,,,true,"og:description
og:title
og:image
og:url
og:type","Tarayıcınızda e-tabloları ve finansal verileri çevrimdışı olarak temiz, yazdırılabilir PDF tablolarına dönüştürün.
Excel'i Çevrimiçi Olarak PDF'ye Dönüştürün - XLSX ve XLS'yi Yerel Olarak PDF'ye Dönüştürün | HandleMyFile
/logo.png
https://handlemyfile.com/
website",0,true,29
21,https://handlemyfile.com/fr/pdf-inverse,Pages PDF inversées - Modifier l'ordre des pages PDF à l'envers | HandleMyFile,text/html; charset=utf-8,false,200,0,https://handlemyfile.com/,https://handlemyfile.com/fr/pdf-inverse,200,,,true,"og:description
og:title
og:image
og:url
og:type","Inversez instantanément la séquence des pages de votre document PDF de la dernière à la première en toute sécurité dans votre navigateur.
Pages PDF inversées - Modifier l'ordre des pages PDF à l'envers | HandleMyFile
/logo.png
https://handlemyfile.com/
website",0,true,29
21,https://handlemyfile.com/nl/csv-naar-excel,Gratis CSV naar Excel-converter (.xlsx) - Instant Browser-engine | HandleMyFile,text/html; charset=utf-8,false,200,0,https://handlemyfile.com/,https://handlemyfile.com/nl/csv-naar-excel,200,,,true,"og:description
og:title
og:image
og:url
og:type","Zet onbewerkte CSV-bestanden om in correct opgemaakte Excel-spreadsheets met ondersteuning voor meerdere bladen en offline zonder gegevensverlies.
Gratis CSV naar Excel-converter (.xlsx) - Instant Browser-engine | HandleMyFile
/logo.png
https://handlemyfile.com/
website",0,true,29
21,https://handlemyfile.com/he/reduce-pdf-size-offline,Reduce PDF Size Offline | HandleMyFile,text/html; charset=utf-8,false,200,0,https://handlemyfile.com/,https://handlemyfile.com/he/reduce-pdf-size-offline,200,,,true,"og:description
og:title
og:image
og:url
og:type","Reduce the size of your PDF documents offline directly in your browser without any server uploads. 100% secure.
Reduce PDF Size Offline | HandleMyFile
/logo.png
https://handlemyfile.com/
website",0,true,29
21,https://handlemyfile.com/fi/excelista-pdf,Muunna Excel PDF-muotoon Online - XLSX ja XLS PDF:ksi paikallisesti | HandleMyFile,text/html; charset=utf-8,false,200,0,https://handlemyfile.com/,https://handlemyfile.com/fi/excelista-pdf,200,,,true,"og:description
og:title
og:image
og:url
og:type","Muunna laskentataulukot ja taloustiedot puhtaiksi, tulostettaviksi PDF-taulukoiksi offline-tilassa selaimessasi.
Muunna Excel PDF-muotoon Online - XLSX ja XLS PDF:ksi paikallisesti | HandleMyFile
/logo.png
https://handlemyfile.com/
website",0,true,29
21,https://handlemyfile.com/sk/chranit-pdf,Chráňte PDF online – Chráňte PDF lokálne heslom | HandleMyFile,text/html; charset=utf-8,false,200,0,https://handlemyfile.com/,https://handlemyfile.com/sk/chranit-pdf,200,,,true,"og:description
og:title
og:image
og:url
og:type","Zabezpečte svoje súbory PDF pomocou šifrovania AES-256 a ochrany heslom lokálne vo vašom prehliadači.
Chráňte PDF online – Chráňte PDF lokálne heslom | HandleMyFile
/logo.png
https://handlemyfile.com/
website",0,true,29
21,https://handlemyfile.com/hu/txt-to-pdf,TXT konvertálása PDF-be online - Egyszerű szöveg PDF-dokumentummá | HandleMyFile,text/html; charset=utf-8,false,200,0,https://handlemyfile.com/,https://handlemyfile.com/hu/txt-to-pdf,200,,,true,"og:description
og:title
og:image
og:url
og:type","Az egyszerű szöveges fájlokat vagy a kódnaplókat gyorsan alakíthatja jól strukturált, olvasható PDF-dokumentummá a böngészőben.
TXT konvertálása PDF-be online - Egyszerű szöveg PDF-dokumentummá | HandleMyFile
/logo.png
https://handlemyfile.com/
website",0,true,29
21,https://handlemyfile.com/zh/scanned-pdf-to-text-ocr,Convert Scanned PDF to Text | HandleMyFile,text/html; charset=utf-8,false,200,0,https://handlemyfile.com/,https://handlemyfile.com/zh/scanned-pdf-to-text-ocr,200,,,true,"og:description
og:title
og:image
og:url
og:type","Turn non-searchable scanned PDFs and images into editable plain text locally using multi-language WebAssembly OCR workers.
Convert Scanned PDF to Text | HandleMyFile
/logo.png
https://handlemyfile.com/
website",0,true,29
21,https://handlemyfile.com/ko/pptreul-pdfro,PowerPoint를 PDF로 변환 - PPTX 슬라이드를 로컬에서 PDF로 | HandleMyFile,text/html; charset=utf-8,false,200,0,https://handlemyfile.com/,https://handlemyfile.com/ko/pptreul-pdfro,200,,,true,"og:description
og:title
og:image
og:url
og:type","서버 업로드 없이 쉽게 공유하고 인쇄할 수 있도록 PPTX 프레젠테이션 슬라이드를 범용 PDF 문서로 저장하세요.
PowerPoint를 PDF로 변환 - PPTX 슬라이드를 로컬에서 PDF로 | HandleMyFile
/logo.png
https://handlemyfile.com/
website",0,true,29
21,https://handlemyfile.com/ja/pdf-shomei,オンラインで PDF に署名 - PDF に電子署名を追加 | HandleMyFile,text/html; charset=utf-8,false,200,0,https://handlemyfile.com/,https://handlemyfile.com/ja/pdf-shomei,200,,,true,"og:description
og:title
og:image
og:url
og:type","電子署名を描画、アップロード、または生成して PDF に追加します。
オンラインで PDF に署名 - PDF に電子署名を追加 | HandleMyFile
/logo.png
https://handlemyfile.com/
website",0,true,29
21,https://handlemyfile.com/ru/razblokirovat-pdf,Разблокировать PDF онлайн — удалить пароль PDF локально | HandleMyFile,text/html; charset=utf-8,false,200,0,https://handlemyfile.com/,https://handlemyfile.com/ru/razblokirovat-pdf,200,,,true,"og:description
og:title
og:image
og:url
og:type","Мгновенно удалите пароль и шифрование из ваших PDF-файлов в браузере.
Разблокировать PDF онлайн — удалить пароль PDF локально | HandleMyFile
/logo.png
https://handlemyfile.com/
website",0,true,29
21,https://handlemyfile.com/da/billede-til-pdf,Konverter JPG & PNG til PDF online - Billeder til PDF lokalt | HandleMyFile,text/html; charset=utf-8,false,200,0,https://handlemyfile.com/,https://handlemyfile.com/da/billede-til-pdf,200,,,true,"og:description
og:title
og:image
og:url
og:type","Kombiner fotos, skærmbilleder eller PNG/JPG-billeder til et enkelt rent PDF-dokument lokalt uden at uploade.
Konverter JPG & PNG til PDF online - Billeder til PDF lokalt | HandleMyFile
/logo.png
https://handlemyfile.com/
website",0,true,29
21,https://handlemyfile.com/el/ydatografima-pdf,Προσθήκη υδατογραφήματος σε PDF - Σφραγίδα προσαρμοσμένου κειμένου ή εικόνας τοπικά | HandleMyFile,text/html; charset=utf-8,false,200,0,https://handlemyfile.com/,https://handlemyfile.com/el/ydatografima-pdf,200,,,true,"og:description
og:title
og:image
og:url
og:type","Προστατέψτε την πνευματική σας ιδιοκτησία σφραγίζοντας διαφανή υδατογραφήματα κειμένου ή εικόνας στις σελίδες PDF εκτός σύνδεσης.
Προσθήκη υδατογραφήματος σε PDF - Σφραγίδα προσαρμοσμένου κειμένου ή εικόνας τοπικά | HandleMyFile
/logo.png
https://handlemyfile.com/
website",0,true,29
21,https://handlemyfile.com/id/pdf-ke-gambar,Konversi Gambar PDF ke JPG/PNG Secara Online - Ekstrak Halaman ke ZIP | HandleMyFile,text/html; charset=utf-8,false,200,0,https://handlemyfile.com/,https://handlemyfile.com/id/pdf-ke-gambar,200,,,true,"og:description
og:title
og:image
og:url
og:type","Rasterisasi halaman PDF menjadi gambar PNG/JPG sebening kristal secara lokal. Unduh satu per satu atau sebagai arsip ZIP berkecepatan tinggi.
Konversi Gambar PDF ke JPG/PNG Secara Online - Ekstrak Halaman ke ZIP | HandleMyFile
/logo.png
https://handlemyfile.com/
website",0,true,29
21,https://handlemyfile.com/vi/qu-t-pdf-sang-v-n-b-n-ocr,Convert Scanned PDF to Text | HandleMyFile,text/html; charset=utf-8,false,200,0,https://handlemyfile.com/,https://handlemyfile.com/vi/qu-t-pdf-sang-v-n-b-n-ocr,200,,,true,"og:description
og:title
og:image
og:url
og:type","Turn non-searchable scanned PDFs and images into editable plain text locally using multi-language WebAssembly OCR workers.
Convert Scanned PDF to Text | HandleMyFile
/logo.png
https://handlemyfile.com/
website",0,true,29
21,https://handlemyfile.com/cs/zm-nit-po-ad-str-nek-pdf-p-eta-en-m,Reorder PDF Pages Drag and Drop Free | HandleMyFile,text/html; charset=utf-8,false,200,0,https://handlemyfile.com/,https://handlemyfile.com/cs/zm-nit-po-ad-str-nek-pdf-p-eta-en-m,200,,,true,"og:description
og:title
og:image
og:url
og:type","Organize and reorder pages in your PDF document visually by dragging and dropping thumbnails. 100% free and local.
Reorder PDF Pages Drag and Drop Free | HandleMyFile
/logo.png
https://handlemyfile.com/
website",0,true,29
21,https://handlemyfile.com/vi/nen-pdf,Nén PDF trực tuyến - Giảm 60-90% kích thước tệp cục bộ | HandleMyFile,text/html; charset=utf-8,false,200,0,https://handlemyfile.com/,https://handlemyfile.com/vi/nen-pdf,200,,,true,"og:description
og:title
og:image
og:url
og:type","Thu nhỏ các tệp PDF lớn lên tới 90% bằng cách sử dụng các kỹ thuật rasterization không mất dữ liệu thích ứng và phân loại theo độ phân giải cao trực tiếp trong WebAssembly.
Nén PDF trực tuyến - Giảm 60-90% kích thước tệp cục bộ | HandleMyFile
/logo.png
https://handlemyfile.com/
website",0,true,29
21,https://handlemyfile.com/ms/bandingkan-pdf,Bandingkan PDF - Cari Perbezaan Antara Dua PDF | HandleMyFile,text/html; charset=utf-8,false,200,0,https://handlemyfile.com/,https://handlemyfile.com/ms/bandingkan-pdf,200,,,true,"og:description
og:title
og:image
og:url
og:type","Muat naik dua fail PDF dan serlahkan perbezaan visual antaranya piksel demi piksel secara setempat.
Bandingkan PDF - Cari Perbezaan Antara Dua PDF | HandleMyFile
/logo.png
https://handlemyfile.com/
website",0,true,29
21,https://handlemyfile.com/unlock-pdf,Unlock PDF Online - Remove PDF Password Locally | HandleMyFile,text/html; charset=utf-8,false,200,0,https://handlemyfile.com/,https://handlemyfile.com/unlock-pdf,200,,,true,"og:description
og:title
og:image
og:url
og:type","Remove password and encryption from your PDF files instantly in your browser.
Unlock PDF Online - Remove PDF Password Locally | HandleMyFile
/logo.png
https://handlemyfile.com/
website",0,true,58
21,https://handlemyfile.com/pt/pdf-para-word-sem-perder-formata-o,Free PDF to Word Converter (.docx) Without Losing Formatting | HandleMyFile,text/html; charset=utf-8,false,200,0,https://handlemyfile.com/,https://handlemyfile.com/pt/pdf-para-word-sem-perder-formata-o,200,,,true,"og:description
og:title
og:image
og:url
og:type","Extract exact text, layout runs, and paragraphs from any PDF into a clean Microsoft Word (.docx) file directly inside browser memory.
Free PDF to Word Converter (.docx) Without Losing Formatting | HandleMyFile
/logo.png
https://handlemyfile.com/
website",0,true,29
21,https://handlemyfile.com/ro/organizati-pdf,Organizați PDF online - Inserați pagini în PDF local | HandleMyFile,text/html; charset=utf-8,false,200,0,https://handlemyfile.com/,https://handlemyfile.com/ro/organizati-pdf,200,,,true,"og:description
og:title
og:image
og:url
og:type","Inserați un alt fișier PDF într-un anumit index de pagină în siguranță în browser.
Organizați PDF online - Inserați pagini în PDF local | HandleMyFile
/logo.png
https://handlemyfile.com/
website",0,true,29
21,https://handlemyfile.com/ro/comparati-pdf,Comparați PDF - Găsiți diferențe între două fișiere PDF | HandleMyFile,text/html; charset=utf-8,false,200,0,https://handlemyfile.com/,https://handlemyfile.com/ro/comparati-pdf,200,,,true,"og:description
og:title
og:image
og:url
og:type","Încărcați două fișiere PDF și evidențiați diferențele vizuale dintre ele pixel cu pixel la nivel local.
Comparați PDF - Găsiți diferențe între două fișiere PDF | HandleMyFile
/logo.png
https://handlemyfile.com/
website",0,true,29
21,https://handlemyfile.com/el/pdf-se-eikona,Μετατροπή PDF σε εικόνες JPG/PNG Online - Εξαγωγή σελίδων σε ZIP | HandleMyFile,text/html; charset=utf-8,false,200,0,https://handlemyfile.com/,https://handlemyfile.com/el/pdf-se-eikona,200,,,true,"og:description
og:title
og:image
og:url
og:type","Ραστερίστε τις σελίδες PDF σε κρυστάλλινες εικόνες PNG/JPG τοπικά. Λήψη μεμονωμένα ή ως αρχείο ZIP υψηλής ταχύτητας.
Μετατροπή PDF σε εικόνες JPG/PNG Online - Εξαγωγή σελίδων σε ZIP | HandleMyFile
/logo.png
https://handlemyfile.com/
website",0,true,29
21,https://handlemyfile.com/hu/pdf-b-l-word-be-a-form-z-s-elveszt-se-n-lk-l,Free PDF to Word Converter (.docx) Without Losing Formatting | HandleMyFile,text/html; charset=utf-8,false,200,0,https://handlemyfile.com/,https://handlemyfile.com/hu/pdf-b-l-word-be-a-form-z-s-elveszt-se-n-lk-l,200,,,true,"og:description
og:title
og:image
og:url
og:type","Extract exact text, layout runs, and paragraphs from any PDF into a clean Microsoft Word (.docx) file directly inside browser memory.
Free PDF to Word Converter (.docx) Without Losing Formatting | HandleMyFile
/logo.png
https://handlemyfile.com/
website",0,true,29
21,https://handlemyfile.com/pl/redaguj-pdf,Redaguj plik PDF — bezpieczne zaciemnianie tekstu i obrazów | HandleMyFile,text/html; charset=utf-8,false,200,0,https://handlemyfile.com/,https://handlemyfile.com/pl/redaguj-pdf,200,,,true,"og:description
og:title
og:image
og:url
og:type","Narysuj pola redakcyjne nad informacjami prywatnymi. Zredagowane strony są w pełni rasteryzowane, aby trwale zniszczyć ukryty tekst.
Redaguj plik PDF — bezpieczne zaciemnianie tekstu i obrazów | HandleMyFile
/logo.png
https://handlemyfile.com/
website",0,true,29
21,https://handlemyfile.com/hi/piiddiieph-kii-tulnaa-kren,पीडीएफ की तुलना करें - दो पीडीएफ के बीच अंतर खोजें | HandleMyFile,text/html; charset=utf-8,false,200,0,https://handlemyfile.com/,https://handlemyfile.com/hi/piiddiieph-kii-tulnaa-kren,200,,,true,"og:description
og:title
og:image
og:url
og:type","दो पीडीएफ फाइलें अपलोड करें और स्थानीय स्तर पर पिक्सेल-दर-पिक्सेल उनके बीच दृश्य अंतर को उजागर करें।
पीडीएफ की तुलना करें - दो पीडीएफ के बीच अंतर खोजें | HandleMyFile
/logo.png
https://handlemyfile.com/
website",0,true,29
21,https://handlemyfile.com/cs/obrazek-do-pdf,Převést JPG a PNG do PDF online – obrázky do PDF lokálně | HandleMyFile,text/html; charset=utf-8,false,200,0,https://handlemyfile.com/,https://handlemyfile.com/cs/obrazek-do-pdf,200,,,true,"og:description
og:title
og:image
og:url
og:type","Zkombinujte fotografie, snímky obrazovky nebo obrázky PNG/JPG do jediného čistého dokumentu PDF lokálně bez nahrávání.
Převést JPG a PNG do PDF online – obrázky do PDF lokálně | HandleMyFile
/logo.png
https://handlemyfile.com/
website",0,true,29
21,https://handlemyfile.com/sk/excel-do-csv,Bezplatný prevodník Excel do CSV (.xlsx na .csv) – nulové nahrávanie | HandleMyFile,text/html; charset=utf-8,false,200,0,https://handlemyfile.com/,https://handlemyfile.com/sk/excel-do-csv,200,,,true,"og:description
og:title
og:image
og:url
og:type","Rýchlo exportujte údaje z tabuliek programu Microsoft Excel (.xlsx, .xls) do univerzálneho formátu CSV úplne vo svojom prehliadači.
Bezplatný prevodník Excel do CSV (.xlsx na .csv) – nulové nahrávanie | HandleMyFile
/logo.png
https://handlemyfile.com/
website",0,true,29
21,https://handlemyfile.com/vi/excel-sang-csv,Trình chuyển đổi Excel sang CSV miễn phí (.xlsx sang .csv) - Không tải lên | HandleMyFile,text/html; charset=utf-8,false,200,0,https://handlemyfile.com/,https://handlemyfile.com/vi/excel-sang-csv,200,,,true,"og:description
og:title
og:image
og:url
og:type","Xuất nhanh chóng dữ liệu từ bảng tính Microsoft Excel (.xlsx, .xls) sang định dạng CSV phổ biến hoàn toàn trong trình duyệt của bạn.
Trình chuyển đổi Excel sang CSV miễn phí (.xlsx sang .csv) - Không tải lên | HandleMyFile
/logo.png
https://handlemyfile.com/
website",0,true,29
21,https://handlemyfile.com/ms/pdf-ke-ppt,PDF to PowerPoint Converter Percuma (.pptx) - Sifar Muat Naik | HandleMyFile,text/html; charset=utf-8,false,200,0,https://handlemyfile.com/,https://handlemyfile.com/ms/pdf-ke-ppt,200,,,true,"og:description
og:title
og:image
og:url
og:type","Tukar dokumen PDF berbilang halaman anda kepada slaid PowerPoint (.pptx) yang boleh diedit dengan kesetiaan tinggi dalam RAM penyemak imbas.
PDF to PowerPoint Converter Percuma (.pptx) - Sifar Muat Naik | HandleMyFile
/logo.png
https://handlemyfile.com/
website",0,true,29
21,https://handlemyfile.com/it/immagine-in-pdf,Converti JPG e PNG in PDF online - Immagini in PDF localmente | HandleMyFile,text/html; charset=utf-8,false,200,0,https://handlemyfile.com/,https://handlemyfile.com/it/immagine-in-pdf,200,,,true,"og:description
og:title
og:image
og:url
og:type","Combina foto, screenshot o immagini PNG/JPG in un unico documento PDF pulito localmente senza caricarlo.
Converti JPG e PNG in PDF online - Immagini in PDF localmente | HandleMyFile
/logo.png
https://handlemyfile.com/
website",0,true,29
21,https://handlemyfile.com/pt/ocr-pdf,OCR de navegador gratuito - Extraia texto de PDF e imagens digitalizados | HandleMyFile,text/html; charset=utf-8,false,200,0,https://handlemyfile.com/,https://handlemyfile.com/pt/ocr-pdf,200,,,true,"og:description
og:title
og:image
og:url
og:type","Transforme PDFs e imagens digitalizados não pesquisáveis ​​em texto simples editável localmente usando trabalhadores de OCR WebAssembly multilíngues.
OCR de navegador gratuito - Extraia texto de PDF e imagens digitalizados | HandleMyFile
/logo.png
https://handlemyfile.com/
website",0,true,29
21,https://handlemyfile.com/uk/zminiti-rozmir-pdf,Зміна розміру PDF-сторінок - зміна розміру PDF-сторінки та полів | HandleMyFile,text/html; charset=utf-8,false,200,0,https://handlemyfile.com/,https://handlemyfile.com/uk/zminiti-rozmir-pdf,200,,,true,"og:description
og:title
og:image
og:url
og:type","Змінюйте розмір своїх PDF-сторінок до стандартних розмірів, наприклад A4 або Letter, додавайте поля та ідеально відцентруйте вміст.
Зміна розміру PDF-сторінок - зміна розміру PDF-сторінки та полів | HandleMyFile
/logo.png
https://handlemyfile.com/
website",0,true,29
21,https://handlemyfile.com/id/buka-kunci-pdf,Buka Kunci PDF Online - Hapus Kata Sandi PDF Secara Lokal | HandleMyFile,text/html; charset=utf-8,false,200,0,https://handlemyfile.com/,https://handlemyfile.com/id/buka-kunci-pdf,200,,,true,"og:description
og:title
og:image
og:url
og:type","Hapus kata sandi dan enkripsi dari file PDF Anda secara instan di browser Anda.
Buka Kunci PDF Online - Hapus Kata Sandi PDF Secara Lokal | HandleMyFile
/logo.png
https://handlemyfile.com/
website",0,true,29
21,https://handlemyfile.com/nl/verklein-de-pdf-grootte-offline,Reduce PDF Size Offline | HandleMyFile,text/html; charset=utf-8,false,200,0,https://handlemyfile.com/,https://handlemyfile.com/nl/verklein-de-pdf-grootte-offline,200,,,true,"og:description
og:title
og:image
og:url
og:type","Reduce the size of your PDF documents offline directly in your browser without any server uploads. 100% secure.
Reduce PDF Size Offline | HandleMyFile
/logo.png
https://handlemyfile.com/
website",0,true,29
21,https://handlemyfile.com/hi/splitt-piiddiieph,पीडीएफ को ऑनलाइन विभाजित करें - पेज अलग से निकालें | क्लाइंट-साइड गोपनीयता | HandleMyFile,text/html; charset=utf-8,false,200,0,https://handlemyfile.com/,https://handlemyfile.com/hi/splitt-piiddiieph,200,,,true,"og:description
og:title
og:image
og:url
og:type","एक या अधिक पीडीएफ पेजों को स्वतंत्र पीडीएफ फाइलों या स्थानीय रूप से एक ज़िप संग्रह में अलग करें। तेज़, सुरक्षित और 100% ब्राउज़र-आधारित।
पीडीएफ को ऑनलाइन विभाजित करें - पेज अलग से निकालें | क्लाइंट-साइड गोपनीयता | HandleMyFile
/logo.png
https://handlemyfile.com/
website",0,true,29
21,https://handlemyfile.com/hi/eksel-se-siiesvii,निःशुल्क एक्सेल से सीएसवी कन्वर्टर (.xlsx से .csv) - शून्य अपलोड | HandleMyFile,text/html; charset=utf-8,false,200,0,https://handlemyfile.com/,https://handlemyfile.com/hi/eksel-se-siiesvii,200,,,true,"og:description
og:title
og:image
og:url
og:type","Microsoft Excel स्प्रेडशीट (.xlsx, .xls) से डेटा को तुरंत अपने ब्राउज़र में पूरी तरह से यूनिवर्सल CSV प्रारूप में निर्यात करें।
निःशुल्क एक्सेल से सीएसवी कन्वर्टर (.xlsx से .csv) - शून्य अपलोड | HandleMyFile
/logo.png
https://handlemyfile.com/
website",0,true,29
21,https://handlemyfile.com/zh/pdf-zhuan-tu-xiang,在线将 PDF 转换为 JPG/PNG 图像 - 将页面提取为 ZIP | HandleMyFile,text/html; charset=utf-8,false,200,0,https://handlemyfile.com/,https://handlemyfile.com/zh/pdf-zhuan-tu-xiang,200,,,true,"og:description
og:title
og:image
og:url
og:type","在本地将 PDF 页面光栅化为清晰的 PNG/JPG 图像。单独下载或作为高速 ZIP 存档下载。
在线将 PDF 转换为 JPG/PNG 图像 - 将页面提取为 ZIP | HandleMyFile
/logo.png
https://handlemyfile.com/
website",0,true,29
21,https://handlemyfile.com/vi/x-a-m-t-kh-u-pdf-kh-ng-c-n-m-t-kh-u,Remove PDF Password Without Password | HandleMyFile,text/html; charset=utf-8,false,200,0,https://handlemyfile.com/,https://handlemyfile.com/vi/x-a-m-t-kh-u-pdf-kh-ng-c-n-m-t-kh-u,200,,,true,"og:description
og:title
og:image
og:url
og:type","Remove password protection from your PDF files without needing the original password using our advanced unlock tool.
Remove PDF Password Without Password | HandleMyFile
/logo.png
https://handlemyfile.com/
website",0,true,29
21,https://handlemyfile.com/hu/pdf-forgatasa,PDF-oldalak online forgatása – helyileg 90/180/270 fokkal fordítsa el a PDF-et | HandleMyFile,text/html; charset=utf-8,false,200,0,https://handlemyfile.com/,https://handlemyfile.com/hu/pdf-forgatasa,200,,,true,"og:description
og:title
og:image
og:url
og:type","Forgassa el a PDF-dokumentum egyes oldalait vagy az összes oldalt helyben másodpercek alatt. Nulla feltöltés szükséges.
PDF-oldalak online forgatása – helyileg 90/180/270 fokkal fordítsa el a PDF-et | HandleMyFile
/logo.png
https://handlemyfile.com/
website",0,true,29
21,https://handlemyfile.com/uk/vodyaniy-znak-pdf,Add Watermark to PDF - Stamp Custom Text or Image Locally | HandleMyFile,text/html; charset=utf-8,false,200,0,https://handlemyfile.com/,https://handlemyfile.com/uk/vodyaniy-znak-pdf,200,,,true,"og:description
og:title
og:image
og:url
og:type","Protect your intellectual property by stamping transparent text or image watermarks across your PDF pages offline.
Add Watermark to PDF - Stamp Custom Text or Image Locally | HandleMyFile
/logo.png
https://handlemyfile.com/
website",0,true,29
21,https://handlemyfile.com/uk/excel-u-csv,Безкоштовний конвертер Excel у CSV (.xlsx у .csv) - Нуль завантажень | HandleMyFile,text/html; charset=utf-8,false,200,0,https://handlemyfile.com/,https://handlemyfile.com/uk/excel-u-csv,200,,,true,"og:description
og:title
og:image
og:url
og:type","Швидко експортуйте дані з електронних таблиць Microsoft Excel (.xlsx, .xls) в універсальний формат CSV повністю у вашому браузері.
Безкоштовний конвертер Excel у CSV (.xlsx у .csv) - Нуль завантажень | HandleMyFile
/logo.png
https://handlemyfile.com/
website",0,true,29
21,https://handlemyfile.com/uk/obrizati-pdf,Обрізати PDF-файл онлайн - видаліть поля з PDF-файлу локально | HandleMyFile,text/html; charset=utf-8,false,200,0,https://handlemyfile.com/,https://handlemyfile.com/uk/obrizati-pdf,200,,,true,"og:description
og:title
og:image
og:url
og:type","Видаліть білі поля або обріжте PDF-сторінки до певного розміру локально у вашому браузері.
Обрізати PDF-файл онлайн - видаліть поля з PDF-файлу локально | HandleMyFile
/logo.png
https://handlemyfile.com/
website",0,true,29
21,https://handlemyfile.com/pl/pdf-do-ppt,Bezpłatny konwerter plików PDF do programu PowerPoint (.pptx) — brak przesyłania plików | HandleMyFile,text/html; charset=utf-8,false,200,0,https://handlemyfile.com/,https://handlemyfile.com/pl/pdf-do-ppt,200,,,true,"og:description
og:title
og:image
og:url
og:type","Zamień swoje wielostronicowe dokumenty PDF w edytowalne slajdy programu PowerPoint (.pptx) o wysokiej jakości w pamięci RAM przeglądarki.
Bezpłatny konwerter plików PDF do programu PowerPoint (.pptx) — brak przesyłania plików | HandleMyFile
/logo.png
https://handlemyfile.com/
website",0,true,29
21,https://handlemyfile.com/it/csv-in-excel,Convertitore gratuito da CSV a Excel (.xlsx) - Motore browser istantaneo | HandleMyFile,text/html; charset=utf-8,false,200,0,https://handlemyfile.com/,https://handlemyfile.com/it/csv-in-excel,200,,,true,"og:description
og:title
og:image
og:url
og:type","Trasforma i file CSV non elaborati in fogli di calcolo Excel correttamente formattati con supporto multifoglio e zero perdite di dati offline.
Convertitore gratuito da CSV a Excel (.xlsx) - Motore browser istantaneo | HandleMyFile
/logo.png
https://handlemyfile.com/
website",0,true,29
21,https://handlemyfile.com/ro/redact-pdf,Redact PDF - Închideți în siguranță textul și imaginile | HandleMyFile,text/html; charset=utf-8,false,200,0,https://handlemyfile.com/,https://handlemyfile.com/ro/redact-pdf,200,,,true,"og:description
og:title
og:image
og:url
og:type","Desenați casete de redactare peste informațiile private. Paginile redactate sunt complet rasterizate pentru a distruge definitiv textul ascuns.
Redact PDF - Închideți în siguranță textul și imaginile | HandleMyFile
/logo.png
https://handlemyfile.com/
website",0,true,29
21,https://handlemyfile.com/ar/csv-l~-excel,محول CSV إلى Excel مجاني (.xlsx) - محرك المتصفح الفوري | HandleMyFile,text/html; charset=utf-8,false,200,0,https://handlemyfile.com/,https://handlemyfile.com/ar/csv-l~-excel,200,,,true,"og:description
og:title
og:image
og:url
og:type","قم بتحويل ملفات CSV الأولية إلى جداول بيانات Excel منسقة بشكل صحيح مع دعم متعدد الأوراق وعدم فقدان أي بيانات دون الاتصال بالإنترنت.
محول CSV إلى Excel مجاني (.xlsx) - محرك المتصفح الفوري | HandleMyFile
/logo.png
https://handlemyfile.com/
website",0,true,29
21,https://handlemyfile.com/cs/vodoznak-pdf,Přidat vodoznak do PDF - Lokálně razit vlastní text nebo obrázek | HandleMyFile,text/html; charset=utf-8,false,200,0,https://handlemyfile.com/,https://handlemyfile.com/cs/vodoznak-pdf,200,,,true,"og:description
og:title
og:image
og:url
og:type","Chraňte své duševní vlastnictví orazítkováním průhledných textových nebo obrazových vodoznaků na stránky PDF offline.
Přidat vodoznak do PDF - Lokálně razit vlastní text nebo obrázek | HandleMyFile
/logo.png
https://handlemyfile.com/
website",0,true,29
21,https://handlemyfile.com/ro/ppt-in-pdf,Conversia PowerPoint în PDF - PPTX Slides în PDF local | HandleMyFile,text/html; charset=utf-8,false,200,0,https://handlemyfile.com/,https://handlemyfile.com/ro/ppt-in-pdf,200,,,true,"og:description
og:title
og:image
og:url
og:type","Salvați diapozitivele de prezentare PPTX ca documente PDF universale pentru partajare și imprimare ușoară fără încărcări de server.
Conversia PowerPoint în PDF - PPTX Slides în PDF local | HandleMyFile
/logo.png
https://handlemyfile.com/
website",0,true,29
21,https://handlemyfile.com/hu/pdf-jelsz-elt-vol-t-sa-jelsz-n-lk-l,Remove PDF Password Without Password | HandleMyFile,text/html; charset=utf-8,false,200,0,https://handlemyfile.com/,https://handlemyfile.com/hu/pdf-jelsz-elt-vol-t-sa-jelsz-n-lk-l,200,,,true,"og:description
og:title
og:image
og:url
og:type","Remove password protection from your PDF files without needing the original password using our advanced unlock tool.
Remove PDF Password Without Password | HandleMyFile
/logo.png
https://handlemyfile.com/
website",0,true,29
21,https://handlemyfile.com/ru/sravnit-pdf,Сравнить PDF – найти различия между двумя PDF-файлами | HandleMyFile,text/html; charset=utf-8,false,200,0,https://handlemyfile.com/,https://handlemyfile.com/ru/sravnit-pdf,200,,,true,"og:description
og:title
og:image
og:url
og:type","Загрузите два PDF-файла и локально выделите визуальные различия между ними попиксельно.
Сравнить PDF – найти различия между двумя PDF-файлами | HandleMyFile
/logo.png
https://handlemyfile.com/
website",0,true,29
21,https://handlemyfile.com/ro/ocr-pdf,OCR gratuit de browser - Extrageți text din PDF și imagini scanate | HandleMyFile,text/html; charset=utf-8,false,200,0,https://handlemyfile.com/,https://handlemyfile.com/ro/ocr-pdf,200,,,true,"og:description
og:title
og:image
og:url
og:type","Transformați PDF-urile și imaginile scanate care nu pot fi căutate în text simplu editabil la nivel local, folosind lucrătorii OCR WebAssembly în mai multe limbi.
OCR gratuit de browser - Extrageți text din PDF și imagini scanate | HandleMyFile
/logo.png
https://handlemyfile.com/
website",0,true,29
21,https://handlemyfile.com/ko/pdf-bigyo,PDF 비교 - 두 PDF 간의 차이점 찾기 | HandleMyFile,text/html; charset=utf-8,false,200,0,https://handlemyfile.com/,https://handlemyfile.com/ko/pdf-bigyo,200,,,true,"og:description
og:title
og:image
og:url
og:type","두 개의 PDF 파일을 업로드하고 로컬에서 픽셀 단위로 시각적 차이를 강조하세요.
PDF 비교 - 두 PDF 간의 차이점 찾기 | HandleMyFile
/logo.png
https://handlemyfile.com/
website",0,true,29
21,https://handlemyfile.com/th/ppt-epn-pdf,แปลง PowerPoint เป็น PDF - PPTX Slides เป็น PDF ในเครื่อง | HandleMyFile,text/html; charset=utf-8,false,200,0,https://handlemyfile.com/,https://handlemyfile.com/th/ppt-epn-pdf,200,,,true,"og:description
og:title
og:image
og:url
og:type","บันทึกสไลด์การนำเสนอ PPTX เป็นเอกสาร PDF สากลเพื่อการแชร์และการพิมพ์ที่ง่ายดายโดยไม่ต้องอัปโหลดเซิร์ฟเวอร์
แปลง PowerPoint เป็น PDF - PPTX Slides เป็น PDF ในเครื่อง | HandleMyFile
/logo.png
https://handlemyfile.com/
website",0,true,29
21,https://handlemyfile.com/no/excel-til-csv,Gratis Excel til CSV-konvertering (.xlsx til .csv) - Null opplastinger | HandleMyFile,text/html; charset=utf-8,false,200,0,https://handlemyfile.com/,https://handlemyfile.com/no/excel-til-csv,200,,,true,"og:description
og:title
og:image
og:url
og:type","Eksporter data raskt fra Microsoft Excel-regneark (.xlsx, .xls) til universelt CSV-format helt i nettleseren din.
Gratis Excel til CSV-konvertering (.xlsx til .csv) - Null opplastinger | HandleMyFile
/logo.png
https://handlemyfile.com/
website",0,true,29
21,https://handlemyfile.com/da/reducere-pdf-st-rrelse-offline,Reduce PDF Size Offline | HandleMyFile,text/html; charset=utf-8,false,200,0,https://handlemyfile.com/,https://handlemyfile.com/da/reducere-pdf-st-rrelse-offline,200,,,true,"og:description
og:title
og:image
og:url
og:type","Reduce the size of your PDF documents offline directly in your browser without any server uploads. 100% secure.
Reduce PDF Size Offline | HandleMyFile
/logo.png
https://handlemyfile.com/
website",0,true,29
21,https://handlemyfile.com/nl/verwijder-pdf-wachtwoord-zonder-wachtwoord,Remove PDF Password Without Password | HandleMyFile,text/html; charset=utf-8,false,200,0,https://handlemyfile.com/,https://handlemyfile.com/nl/verwijder-pdf-wachtwoord-zonder-wachtwoord,200,,,true,"og:description
og:title
og:image
og:url
og:type","Remove password protection from your PDF files without needing the original password using our advanced unlock tool.
Remove PDF Password Without Password | HandleMyFile
/logo.png
https://handlemyfile.com/
website",0,true,29
21,https://handlemyfile.com/th/pdf-epnruupphaaph,แปลงรูปภาพ PDF เป็น JPG/PNG ออนไลน์ - แยกหน้าเป็น ZIP | HandleMyFile,text/html; charset=utf-8,false,200,0,https://handlemyfile.com/,https://handlemyfile.com/th/pdf-epnruupphaaph,200,,,true,"og:description
og:title
og:image
og:url
og:type","แรสเตอร์หน้า PDF ให้เป็นภาพ PNG/JPG ที่คมชัดในเครื่อง ดาวน์โหลดทีละรายการหรือเป็นไฟล์ ZIP ความเร็วสูง
แปลงรูปภาพ PDF เป็น JPG/PNG ออนไลน์ - แยกหน้าเป็น ZIP | HandleMyFile
/logo.png
https://handlemyfile.com/
website",0,true,29
21,https://handlemyfile.com/sk/usporiadat-pdf,Usporiadajte PDF online – lokálne vložte stránky do PDF | HandleMyFile,text/html; charset=utf-8,false,200,0,https://handlemyfile.com/,https://handlemyfile.com/sk/usporiadat-pdf,200,,,true,"og:description
og:title
og:image
og:url
og:type","Do prehliadača bezpečne vložte ďalší súbor PDF na konkrétny index stránky.
Usporiadajte PDF online – lokálne vložte stránky do PDF | HandleMyFile
/logo.png
https://handlemyfile.com/
website",0,true,29
21,https://handlemyfile.com/hu/ppt-to-pdf,A PowerPoint konvertálása PDF formátumba – PPTX diák PDF formátumba helyileg | HandleMyFile,text/html; charset=utf-8,false,200,0,https://handlemyfile.com/,https://handlemyfile.com/hu/ppt-to-pdf,200,,,true,"og:description
og:title
og:image
og:url
og:type","Mentse el a PPTX prezentációs diákat univerzális PDF-dokumentumként az egyszerű megosztáshoz és nyomtatáshoz szerverre történő feltöltés nélkül.
A PowerPoint konvertálása PDF formátumba – PPTX diák PDF formátumba helyileg | HandleMyFile
/logo.png
https://handlemyfile.com/
website",0,true,29
21,https://handlemyfile.com/pt/reordenar-p-ginas-pdf-arrastar-e-soltar,Reorder PDF Pages Drag and Drop Free | HandleMyFile,text/html; charset=utf-8,false,200,0,https://handlemyfile.com/,https://handlemyfile.com/pt/reordenar-p-ginas-pdf-arrastar-e-soltar,200,,,true,"og:description
og:title
og:image
og:url
og:type","Organize and reorder pages in your PDF document visually by dragging and dropping thumbnails. 100% free and local.
Reorder PDF Pages Drag and Drop Free | HandleMyFile
/logo.png
https://handlemyfile.com/
website",0,true,29
21,https://handlemyfile.com/it/pdf-in-scala-di-grigi,Converti PDF in scala di grigi: PDF in bianco e nero online | HandleMyFile,text/html; charset=utf-8,false,200,0,https://handlemyfile.com/,https://handlemyfile.com/it/pdf-in-scala-di-grigi,200,,,true,"og:description
og:title
og:image
og:url
og:type","Converti istantaneamente documenti PDF colorati in scala di grigi nel tuo browser per risparmiare inchiostro di stampa.
Converti PDF in scala di grigi: PDF in bianco e nero online | HandleMyFile
/logo.png
https://handlemyfile.com/
website",0,true,29
21,https://handlemyfile.com/fr/extraire-des-images,Extraire des images d'un PDF - Enregistrer toutes les images d'un PDF | HandleMyFile,text/html; charset=utf-8,false,200,0,https://handlemyfile.com/,https://handlemyfile.com/fr/extraire-des-images,200,,,true,"og:description
og:title
og:image
og:url
og:type","Numérisez instantanément votre PDF et extrayez localement toutes les images intégrées sous forme de fichiers JPG/PNG de haute qualité.
Extraire des images d'un PDF - Enregistrer toutes les images d'un PDF | HandleMyFile
/logo.png
https://handlemyfile.com/
website",0,true,29
21,https://handlemyfile.com/tr/filigran-pdf,PDF'ye Filigran Ekleme - Özel Metin veya Görüntüyü Yerel Olarak Damgalama | HandleMyFile,text/html; charset=utf-8,false,200,0,https://handlemyfile.com/,https://handlemyfile.com/tr/filigran-pdf,200,,,true,"og:description
og:title
og:image
og:url
og:type","Çevrimdışıyken PDF sayfalarınıza şeffaf metin veya resim filigranları damgalayarak fikri mülkiyetinizi koruyun.
PDF'ye Filigran Ekleme - Özel Metin veya Görüntüyü Yerel Olarak Damgalama | HandleMyFile
/logo.png
https://handlemyfile.com/
website",0,true,29
21,https://handlemyfile.com/sv/extrahera-bilder,Extrahera bilder från PDF - Spara alla bilder från PDF | HandleMyFile,text/html; charset=utf-8,false,200,0,https://handlemyfile.com/,https://handlemyfile.com/sv/extrahera-bilder,200,,,true,"og:description
og:title
og:image
og:url
og:type","Skanna din PDF direkt och extrahera alla inbäddade bilder som högkvalitativa JPG/PNG-filer lokalt.
Extrahera bilder från PDF - Spara alla bilder från PDF | HandleMyFile
/logo.png
https://handlemyfile.com/
website",0,true,29
21,https://handlemyfile.com/ms/csv-ke-excel,Penukar CSV ke Excel Percuma (.xlsx) - Enjin Penyemak Imbas Segera | HandleMyFile,text/html; charset=utf-8,false,200,0,https://handlemyfile.com/,https://handlemyfile.com/ms/csv-ke-excel,200,,,true,"og:description
og:title
og:image
og:url
og:type","Tukar fail CSV mentah kepada hamparan Excel yang diformat dengan betul dengan sokongan berbilang helaian dan kehilangan data sifar di luar talian.
Penukar CSV ke Excel Percuma (.xlsx) - Enjin Penyemak Imbas Segera | HandleMyFile
/logo.png
https://handlemyfile.com/
website",0,true,29
21,https://handlemyfile.com/sv/minska-pdf-storlek-offline,Reduce PDF Size Offline | HandleMyFile,text/html; charset=utf-8,false,200,0,https://handlemyfile.com/,https://handlemyfile.com/sv/minska-pdf-storlek-offline,200,,,true,"og:description
og:title
og:image
og:url
og:type","Reduce the size of your PDF documents offline directly in your browser without any server uploads. 100% secure.
Reduce PDF Size Offline | HandleMyFile
/logo.png
https://handlemyfile.com/
website",0,true,29
21,https://handlemyfile.com/vi/so-sanh-pdf,So sánh PDF - Tìm sự khác biệt giữa hai tệp PDF | HandleMyFile,text/html; charset=utf-8,false,200,0,https://handlemyfile.com/,https://handlemyfile.com/vi/so-sanh-pdf,200,,,true,"og:description
og:title
og:image
og:url
og:type","Tải lên hai tệp PDF và làm nổi bật sự khác biệt trực quan giữa chúng theo từng pixel một cách cục bộ.
So sánh PDF - Tìm sự khác biệt giữa hai tệp PDF | HandleMyFile
/logo.png
https://handlemyfile.com/
website",0,true,29
21,https://handlemyfile.com/protect-pdf,Protect PDF Online - Password Protect PDF Locally | HandleMyFile,text/html; charset=utf-8,false,200,0,https://handlemyfile.com/,https://handlemyfile.com/protect-pdf,200,,,true,"og:description
og:title
og:image
og:url
og:type","Secure your PDF files with AES-256 encryption and password protection locally in your browser.
Protect PDF Online - Password Protect PDF Locally | HandleMyFile
/logo.png
https://handlemyfile.com/
website",0,true,58
21,https://handlemyfile.com/fr/csv-vers-excel,Convertisseur CSV en Excel gratuit (.xlsx) - Moteur de navigateur instantané | HandleMyFile,text/html; charset=utf-8,false,200,0,https://handlemyfile.com/,https://handlemyfile.com/fr/csv-vers-excel,200,,,true,"og:description
og:title
og:image
og:url
og:type","Transformez des fichiers CSV bruts en feuilles de calcul Excel correctement formatées avec prise en charge de plusieurs feuilles et zéro perte de données hors ligne.
Convertisseur CSV en Excel gratuit (.xlsx) - Moteur de navigateur instantané | HandleMyFile
/logo.png
https://handlemyfile.com/
website",0,true,29
21,https://handlemyfile.com/hi/piiddiieph-se-chvi,पीडीएफ को जेपीजी/पीएनजी छवियों में ऑनलाइन कनवर्ट करें - पेजों को ज़िप में निकालें | HandleMyFile,text/html; charset=utf-8,false,200,0,https://handlemyfile.com/,https://handlemyfile.com/hi/piiddiieph-se-chvi,200,,,true,"og:description
og:title
og:image
og:url
og:type","पीडीएफ पृष्ठों को स्थानीय स्तर पर क्रिस्टल-स्पष्ट पीएनजी/जेपीजी छवियों में व्यवस्थित करें। व्यक्तिगत रूप से या हाई-स्पीड ज़िप संग्रह के रूप में डाउनलोड करें।
पीडीएफ को जेपीजी/पीएनजी छवियों में ऑनलाइन कनवर्ट करें - पेजों को ज़िप में निकालें | HandleMyFile
/logo.png
https://handlemyfile.com/
website",0,true,29
21,https://handlemyfile.com/sv/sidnummer,Lägg till sidnummer till PDF - Anpassad sidhuvud och sidfot lokalt | HandleMyFile,text/html; charset=utf-8,false,200,0,https://handlemyfile.com/,https://handlemyfile.com/sv/sidnummer,200,,,true,"og:description
og:title
og:image
og:url
og:type","Lägg enkelt till rena, anpassningsbara sidnummer i din PDF-sidhuvud eller sidfot med full stilkontroll i din webbläsare.
Lägg till sidnummer till PDF - Anpassad sidhuvud och sidfot lokalt | HandleMyFile
/logo.png
https://handlemyfile.com/
website",0,true,29
21,https://handlemyfile.com/ru/podpisat-pdf,Подпишите PDF онлайн — добавьте электронную подпись в PDF | HandleMyFile,text/html; charset=utf-8,false,200,0,https://handlemyfile.com/,https://handlemyfile.com/ru/podpisat-pdf,200,,,true,"og:description
og:title
og:image
og:url
og:type","Нарисуйте, загрузите или сгенерируйте электронную подпись и добавьте ее в свой PDF-файл.
Подпишите PDF онлайн — добавьте электронную подпись в PDF | HandleMyFile
/logo.png
https://handlemyfile.com/
website",0,true,29
21,https://handlemyfile.com/page-numbers,Add Page Numbers to PDF - Custom Header & Footer Locally | HandleMyFile,text/html; charset=utf-8,false,200,0,https://handlemyfile.com/,https://handlemyfile.com/page-numbers,200,,,true,"og:description
og:title
og:image
og:url
og:type","Easily add clean, customizable page numbers to your PDF header or footer with full styling control in your browser.
Add Page Numbers to PDF - Custom Header & Footer Locally | HandleMyFile
/logo.png
https://handlemyfile.com/
website",0,true,58
21,https://handlemyfile.com/tr/pdf-ye-tara,PDF'ye Tara - PDF'yi Düzenlenemez Hale Getirin ve Çevrimiçi Rasterleştir | HandleMyFile,text/html; charset=utf-8,false,200,0,https://handlemyfile.com/,https://handlemyfile.com/tr/pdf-ye-tara,200,,,true,"og:description
og:title
og:image
og:url
og:type","PDF belgelerinizi PDF içindeki düz görüntülere dönüştürün. Tarayıcınızda güvenli bir şekilde kopyalayıp yapıştırmayı ve düzenlemeyi önler.
PDF'ye Tara - PDF'yi Düzenlenemez Hale Getirin ve Çevrimiçi Rasterleştir | HandleMyFile
/logo.png
https://handlemyfile.com/
website",0,true,29
21,https://handlemyfile.com/ro/decupati-pdf,Decupați PDF online - Eliminați marjele din PDF local | HandleMyFile,text/html; charset=utf-8,false,200,0,https://handlemyfile.com/,https://handlemyfile.com/ro/decupati-pdf,200,,,true,"og:description
og:title
og:image
og:url
og:type","Eliminați marginile albe sau tăiați paginile PDF la o anumită dimensiune local în browser.
Decupați PDF online - Eliminați marjele din PDF local | HandleMyFile
/logo.png
https://handlemyfile.com/
website",0,true,29
21,https://handlemyfile.com/es/pdf-a-word-sin-perder-formato,Convertir PDF a Word Gratis (.docx) Sin Perder Formato | HandleMyFile,text/html; charset=utf-8,false,200,0,https://handlemyfile.com/,https://handlemyfile.com/es/pdf-a-word-sin-perder-formato,200,,,true,"og:description
og:title
og:image
og:url
og:type","Extrae texto exacto y párrafos de archivos PDF en documentos de Microsoft Word (.docx) directamente en tu navegador offline.
Convertir PDF a Word Gratis (.docx) Sin Perder Formato | HandleMyFile
/logo.png
https://handlemyfile.com/
website",0,true,29
21,https://handlemyfile.com/th/hmun-pdf,หมุนหน้า PDF ออนไลน์ - เปิด PDF 90/180/270 องศาในเครื่อง | HandleMyFile,text/html; charset=utf-8,false,200,0,https://handlemyfile.com/,https://handlemyfile.com/th/hmun-pdf,200,,,true,"og:description
og:title
og:image
og:url
og:type","หมุนแต่ละหน้าหรือทุกหน้าในเอกสาร PDF ของคุณภายในไม่กี่วินาที ต้องอัปโหลดเป็นศูนย์
หมุนหน้า PDF ออนไลน์ - เปิด PDF 90/180/270 องศาในเครื่อง | HandleMyFile
/logo.png
https://handlemyfile.com/
website",0,true,29
21,https://handlemyfile.com/ru/pdf-v-izobrazhenie,Конвертируйте PDF в изображения JPG/PNG онлайн — извлекайте страницы в ZIP | HandleMyFile,text/html; charset=utf-8,false,200,0,https://handlemyfile.com/,https://handlemyfile.com/ru/pdf-v-izobrazhenie,200,,,true,"og:description
og:title
og:image
og:url
og:type","Растрируйте PDF-страницы в кристально чистые изображения PNG/JPG локально. Загрузите индивидуально или в виде высокоскоростного ZIP-архива.
Конвертируйте PDF в изображения JPG/PNG онлайн — извлекайте страницы в ZIP | HandleMyFile
/logo.png
https://handlemyfile.com/
website",0,true,29
21,https://handlemyfile.com/nl/afbeelding-naar-pdf,Converteer JPG en PNG online naar PDF - Afbeeldingen lokaal naar PDF | HandleMyFile,text/html; charset=utf-8,false,200,0,https://handlemyfile.com/,https://handlemyfile.com/nl/afbeelding-naar-pdf,200,,,true,"og:description
og:title
og:image
og:url
og:type","Combineer foto's, schermafbeeldingen of PNG/JPG-afbeeldingen lokaal in één schoon PDF-document zonder te uploaden.
Converteer JPG en PNG online naar PDF - Afbeeldingen lokaal naar PDF | HandleMyFile
/logo.png
https://handlemyfile.com/
website",0,true,29
21,https://handlemyfile.com/th/ruupphaaphepn-pdf,แปลง JPG และ PNG เป็น PDF ออนไลน์ - รูปภาพเป็น PDF ในเครื่อง | HandleMyFile,text/html; charset=utf-8,false,200,0,https://handlemyfile.com/,https://handlemyfile.com/th/ruupphaaphepn-pdf,200,,,true,"og:description
og:title
og:image
og:url
og:type","รวมรูปภาพ ภาพหน้าจอ หรือรูปภาพ PNG/JPG ให้เป็นเอกสาร PDF เดียวที่สะอาดภายในเครื่องโดยไม่ต้องอัปโหลด
แปลง JPG และ PNG เป็น PDF ออนไลน์ - รูปภาพเป็น PDF ในเครื่อง | HandleMyFile
/logo.png
https://handlemyfile.com/
website",0,true,29
21,https://handlemyfile.com/zh/excel-zhuan-pdf,在线将 Excel 转换为 PDF - XLSX 和 XLS 本地转换为 PDF | HandleMyFile,text/html; charset=utf-8,false,200,0,https://handlemyfile.com/,https://handlemyfile.com/zh/excel-zhuan-pdf,200,,,true,"og:description
og:title
og:image
og:url
og:type","在浏览器中将电子表格和财务数据转换为干净、可打印的 PDF 表格。
在线将 Excel 转换为 PDF - XLSX 和 XLS 本地转换为 PDF | HandleMyFile
/logo.png
https://handlemyfile.com/
website",0,true,29
21,https://handlemyfile.com/ja/metadeta-sakujo,PDF メタデータを削除 - オンラインでプロパティをサニタイズ | HandleMyFile,text/html; charset=utf-8,false,200,0,https://handlemyfile.com/,https://handlemyfile.com/ja/metadeta-sakujo,200,,,true,"og:description
og:title
og:image
og:url
og:type","プライバシーを向上させるために、作成者、作成者、その他の非表示のデジタル フットプリント プロパティを PDF ファイルからオフラインで削除します。
PDF メタデータを削除 - オンラインでプロパティをサニタイズ | HandleMyFile
/logo.png
https://handlemyfile.com/
website",0,true,29
21,https://handlemyfile.com/hi/vonttrmaark-piiddiieph,पीडीएफ में वॉटरमार्क जोड़ें - कस्टम टेक्स्ट या छवि पर स्थानीय रूप से मुहर लगाएं | HandleMyFile,text/html; charset=utf-8,false,200,0,https://handlemyfile.com/,https://handlemyfile.com/hi/vonttrmaark-piiddiieph,200,,,true,"og:description
og:title
og:image
og:url
og:type","ऑफ़लाइन अपने पीडीएफ पृष्ठों पर पारदर्शी पाठ या छवि वॉटरमार्क अंकित करके अपनी बौद्धिक संपदा को सुरक्षित रखें।
पीडीएफ में वॉटरमार्क जोड़ें - कस्टम टेक्स्ट या छवि पर स्थानीय रूप से मुहर लगाएं | HandleMyFile
/logo.png
https://handlemyfile.com/
website",0,true,29
21,https://handlemyfile.com/es/redactar-pdf,Redactar PDF: bloquear texto e imágenes de forma segura | HandleMyFile,text/html; charset=utf-8,false,200,0,https://handlemyfile.com/,https://handlemyfile.com/es/redactar-pdf,200,,,true,"og:description
og:title
og:image
og:url
og:type","Dibuja cuadros de redacción sobre información privada. Las páginas redactadas están completamente rasterizadas para destruir permanentemente el texto oculto.
Redactar PDF: bloquear texto e imágenes de forma segura | HandleMyFile
/logo.png
https://handlemyfile.com/
website",0,true,29
21,https://handlemyfile.com/it/rimuovere-la-password-pdf-senza-password,Remove PDF Password Without Password | HandleMyFile,text/html; charset=utf-8,false,200,0,https://handlemyfile.com/,https://handlemyfile.com/it/rimuovere-la-password-pdf-senza-password,200,,,true,"og:description
og:title
og:image
og:url
og:type","Remove password protection from your PDF files without needing the original password using our advanced unlock tool.
Remove PDF Password Without Password | HandleMyFile
/logo.png
https://handlemyfile.com/
website",0,true,29
21,https://handlemyfile.com/ko/peiji-jegeo,온라인으로 PDF 페이지 제거 - PDF에서 로컬로 페이지 삭제 | HandleMyFile,text/html; charset=utf-8,false,200,0,https://handlemyfile.com/,https://handlemyfile.com/ko/peiji-jegeo,200,,,true,"og:description
og:title
og:image
og:url
og:type","브라우저 내에서 PDF 파일의 원치 않는 페이지를 안전하게 삭제하세요.
온라인으로 PDF 페이지 제거 - PDF에서 로컬로 페이지 삭제 | HandleMyFile
/logo.png
https://handlemyfile.com/
website",0,true,29
21,https://handlemyfile.com/fi/muokkaa-pdf,Muokkaa PDF - Pimennä teksti ja kuvat turvallisesti | HandleMyFile,text/html; charset=utf-8,false,200,0,https://handlemyfile.com/,https://handlemyfile.com/fi/muokkaa-pdf,200,,,true,"og:description
og:title
og:image
og:url
og:type","Piirrä muokkauslaatikot yksityisten tietojen päälle. Muokatut sivut rasteroidaan kokonaan piilotetun tekstin tuhoamiseksi pysyvästi.
Muokkaa PDF - Pimennä teksti ja kuvat turvallisesti | HandleMyFile
/logo.png
https://handlemyfile.com/
website",0,true,48
21,https://handlemyfile.com/nl/pdf-naar-word-zonder-de-opmaak-te-verliezen,Free PDF to Word Converter (.docx) Without Losing Formatting | HandleMyFile,text/html; charset=utf-8,false,200,0,https://handlemyfile.com/,https://handlemyfile.com/nl/pdf-naar-word-zonder-de-opmaak-te-verliezen,200,,,true,"og:description
og:title
og:image
og:url
og:type","Extract exact text, layout runs, and paragraphs from any PDF into a clean Microsoft Word (.docx) file directly inside browser memory.
Free PDF to Word Converter (.docx) Without Losing Formatting | HandleMyFile
/logo.png
https://handlemyfile.com/
website",0,true,29
21,https://handlemyfile.com/pl/zeskanowany-plik-pdf-do-tekstu-ocr,Convert Scanned PDF to Text | HandleMyFile,text/html; charset=utf-8,false,200,0,https://handlemyfile.com/,https://handlemyfile.com/pl/zeskanowany-plik-pdf-do-tekstu-ocr,200,,,true,"og:description
og:title
og:image
og:url
og:type","Turn non-searchable scanned PDFs and images into editable plain text locally using multi-language WebAssembly OCR workers.
Convert Scanned PDF to Text | HandleMyFile
/logo.png
https://handlemyfile.com/
website",0,true,29
21,https://handlemyfile.com/no/sidetall,Legg til sidetall i PDF - tilpasset topp- og bunntekst lokalt | HandleMyFile,text/html; charset=utf-8,false,200,0,https://handlemyfile.com/,https://handlemyfile.com/no/sidetall,200,,,true,"og:description
og:title
og:image
og:url
og:type","Legg enkelt til rene, tilpassbare sidetall i PDF-topp- eller bunnteksten med full stilkontroll i nettleseren din.
Legg til sidetall i PDF - tilpasset topp- og bunntekst lokalt | HandleMyFile
/logo.png
https://handlemyfile.com/
website",0,true,29
21,https://handlemyfile.com/id/kompres-pdf,Kompres PDF Online - Kurangi Ukuran File 60-90% Secara Lokal | HandleMyFile,text/html; charset=utf-8,false,200,0,https://handlemyfile.com/,https://handlemyfile.com/id/kompres-pdf,200,,,true,"og:description
og:title
og:image
og:url
og:type","Kecilkan file PDF besar hingga 90% menggunakan teknik rasterisasi adaptif lossless dan DPI langsung di WebAssembly.
Kompres PDF Online - Kurangi Ukuran File 60-90% Secara Lokal | HandleMyFile
/logo.png
https://handlemyfile.com/
website",0,true,29
21,https://handlemyfile.com/el/perikopi-pdf,Περικοπή PDF Online - Κατάργηση περιθωρίων από το PDF Τοπικά | HandleMyFile,text/html; charset=utf-8,false,200,0,https://handlemyfile.com/,https://handlemyfile.com/el/perikopi-pdf,200,,,true,"og:description
og:title
og:image
og:url
og:type","Αφαιρέστε τα λευκά περιθώρια ή κόψτε σελίδες PDF σε συγκεκριμένο μέγεθος τοπικά στο πρόγραμμα περιήγησής σας.
Περικοπή PDF Online - Κατάργηση περιθωρίων από το PDF Τοπικά | HandleMyFile
/logo.png
https://handlemyfile.com/
website",0,true,29
21,https://handlemyfile.com/vi/trich-xuat-hinh-anh,Trích xuất hình ảnh từ PDF - Lưu tất cả hình ảnh từ PDF | HandleMyFile,text/html; charset=utf-8,false,200,0,https://handlemyfile.com/,https://handlemyfile.com/vi/trich-xuat-hinh-anh,200,,,true,"og:description
og:title
og:image
og:url
og:type","Quét ngay lập tức tệp PDF của bạn và trích xuất cục bộ tất cả các hình ảnh được nhúng dưới dạng tệp JPG/PNG chất lượng cao.
Trích xuất hình ảnh từ PDF - Lưu tất cả hình ảnh từ PDF | HandleMyFile
/logo.png
https://handlemyfile.com/
website",0,true,29
21,https://handlemyfile.com/he/hgn-l-pdf,הגן על PDF באינטרנט - הגן על PDF עם סיסמה מקומית | HandleMyFile,text/html; charset=utf-8,false,200,0,https://handlemyfile.com/,https://handlemyfile.com/he/hgn-l-pdf,200,,,true,"og:description
og:title
og:image
og:url
og:type","אבטח את קבצי ה-PDF שלך עם הצפנה AES-256 והגנת סיסמה באופן מקומי בדפדפן שלך.
הגן על PDF באינטרנט - הגן על PDF עם סיסמה מקומית | HandleMyFile
/logo.png
https://handlemyfile.com/
website",0,true,29
21,https://handlemyfile.com/ko/pdf-hoejeon,온라인으로 PDF 페이지 회전 - 로컬에서 PDF를 90/180/270도 회전 | HandleMyFile,text/html; charset=utf-8,false,200,0,https://handlemyfile.com/,https://handlemyfile.com/ko/pdf-hoejeon,200,,,true,"og:description
og:title
og:image
og:url
og:type","PDF 문서의 개별 페이지 또는 모든 페이지를 로컬에서 몇 초 만에 회전할 수 있습니다. 업로드가 필요하지 않습니다.
온라인으로 PDF 페이지 회전 - 로컬에서 PDF를 90/180/270도 회전 | HandleMyFile
/logo.png
https://handlemyfile.com/
website",0,true,29
21,https://handlemyfile.com/it/pdf-filigrana,Aggiungi filigrana al PDF - Timbro testo o immagine personalizzati localmente | HandleMyFile,text/html; charset=utf-8,false,200,0,https://handlemyfile.com/,https://handlemyfile.com/it/pdf-filigrana,200,,,true,"og:description
og:title
og:image
og:url
og:type","Proteggi la tua proprietà intellettuale inserendo testo trasparente o filigrane di immagini sulle pagine PDF offline.
Aggiungi filigrana al PDF - Timbro testo o immagine personalizzati localmente | HandleMyFile
/logo.png
https://handlemyfile.com/
website",0,true,29
21,https://handlemyfile.com/pt/pdf-para-ppt,Conversor gratuito de PDF para PowerPoint (.pptx) - Zero uploads | HandleMyFile,text/html; charset=utf-8,false,200,0,https://handlemyfile.com/,https://handlemyfile.com/pt/pdf-para-ppt,200,,,true,"og:description
og:title
og:image
og:url
og:type","Transforme seus documentos PDF de várias páginas em slides editáveis ​​do PowerPoint (.pptx) com alta fidelidade na RAM do navegador.
Conversor gratuito de PDF para PowerPoint (.pptx) - Zero uploads | HandleMyFile
/logo.png
https://handlemyfile.com/
website",0,true,29
21,https://handlemyfile.com/cs/oriznout-pdf,Oříznout PDF online – odstranit okraje z PDF lokálně | HandleMyFile,text/html; charset=utf-8,false,200,0,https://handlemyfile.com/,https://handlemyfile.com/cs/oriznout-pdf,200,,,true,"og:description
og:title
og:image
og:url
og:type","Odstraňte bílé okraje nebo ořízněte stránky PDF na určitou velikost lokálně ve vašem prohlížeči.
Oříznout PDF online – odstranit okraje z PDF lokálně | HandleMyFile
/logo.png
https://handlemyfile.com/
website",0,true,29
21,https://handlemyfile.com/tr/pdf-yi-yeniden-boyutlandir,PDF Sayfalarını Yeniden Boyutlandır - PDF Sayfa Boyutunu ve Kenar Boşluklarını Değiştirin | HandleMyFile,text/html; charset=utf-8,false,200,0,https://handlemyfile.com/,https://handlemyfile.com/tr/pdf-yi-yeniden-boyutlandir,200,,,true,"og:description
og:title
og:image
og:url
og:type","PDF sayfalarınızı A4 veya Letter gibi standart boyutlara göre yeniden boyutlandırın, kenar boşlukları ekleyin ve içeriğinizi mükemmel şekilde ortalayın.
PDF Sayfalarını Yeniden Boyutlandır - PDF Sayfa Boyutunu ve Kenar Boşluklarını Değiştirin | HandleMyFile
/logo.png
https://handlemyfile.com/
website",0,true,29
21,https://handlemyfile.com/id/hapus-kata-sandi-pdf-tanpa-kata-sandi,Hapus Kata Sandi PDF Tanpa Kata Sandi | HandleMyFile,text/html; charset=utf-8,false,200,0,https://handlemyfile.com/,https://handlemyfile.com/id/hapus-kata-sandi-pdf-tanpa-kata-sandi,200,,,true,"og:description
og:title
og:image
og:url
og:type","Buka proteksi dokumen PDF Anda yang terkunci meskipun Anda lupa kata sandinya dengan fitur penghapusan canggih kami.
Hapus Kata Sandi PDF Tanpa Kata Sandi | HandleMyFile
/logo.png
https://handlemyfile.com/
website",0,true,29
21,https://handlemyfile.com/ko/scanned-pdf-to-text-ocr,Convert Scanned PDF to Text | HandleMyFile,text/html; charset=utf-8,false,200,0,https://handlemyfile.com/,https://handlemyfile.com/ko/scanned-pdf-to-text-ocr,200,,,true,"og:description
og:title
og:image
og:url
og:type","Turn non-searchable scanned PDFs and images into editable plain text locally using multi-language WebAssembly OCR workers.
Convert Scanned PDF to Text | HandleMyFile
/logo.png
https://handlemyfile.com/
website",0,true,29
21,https://handlemyfile.com/es/desbloquear-pdf,Desbloquear PDF en línea - Eliminar la contraseña de PDF localmente | HandleMyFile,text/html; charset=utf-8,false,200,0,https://handlemyfile.com/,https://handlemyfile.com/es/desbloquear-pdf,200,,,true,"og:description
og:title
og:image
og:url
og:type","Elimine la contraseña y el cifrado de sus archivos PDF al instante en su navegador.
Desbloquear PDF en línea - Eliminar la contraseña de PDF localmente | HandleMyFile
/logo.png
https://handlemyfile.com/
website",0,true,29
21,https://handlemyfile.com/cs/pdf-do-ppt,Bezplatný převodník PDF do PowerPointu (.pptx) – nulové nahrávání | HandleMyFile,text/html; charset=utf-8,false,200,0,https://handlemyfile.com/,https://handlemyfile.com/cs/pdf-do-ppt,200,,,true,"og:description
og:title
og:image
og:url
og:type","Přeměňte své vícestránkové dokumenty PDF na upravitelné snímky PowerPoint (.pptx) s vysokou věrností v paměti RAM prohlížeče.
Bezplatný převodník PDF do PowerPointu (.pptx) – nulové nahrávání | HandleMyFile
/logo.png
https://handlemyfile.com/
website",0,true,29
21,https://handlemyfile.com/el/xekleidoma-pdf,Ξεκλείδωμα PDF Online - Κατάργηση κωδικού πρόσβασης PDF τοπικά | HandleMyFile,text/html; charset=utf-8,false,200,0,https://handlemyfile.com/,https://handlemyfile.com/el/xekleidoma-pdf,200,,,true,"og:description
og:title
og:image
og:url
og:type","Καταργήστε τον κωδικό πρόσβασης και την κρυπτογράφηση από τα αρχεία PDF σας αμέσως στο πρόγραμμα περιήγησής σας.
Ξεκλείδωμα PDF Online - Κατάργηση κωδικού πρόσβασης PDF τοπικά | HandleMyFile
/logo.png
https://handlemyfile.com/
website",0,true,29
21,https://handlemyfile.com/sv/txt-till-pdf,Konvertera TXT till PDF Online - Vanlig text till PDF-dokument | HandleMyFile,text/html; charset=utf-8,false,200,0,https://handlemyfile.com/,https://handlemyfile.com/sv/txt-till-pdf,200,,,true,"og:description
og:title
og:image
og:url
og:type","Förvandla snabbt vanliga textfiler eller kodloggar till välstrukturerade, läsbara PDF-dokument direkt i din webbläsare.
Konvertera TXT till PDF Online - Vanlig text till PDF-dokument | HandleMyFile
/logo.png
https://handlemyfile.com/
website",0,true,29
21,https://handlemyfile.com/he/ppt-l-pdf,המרת PowerPoint ל-PDF - שקופיות PPTX ל-PDF באופן מקומי | HandleMyFile,text/html; charset=utf-8,false,200,0,https://handlemyfile.com/,https://handlemyfile.com/he/ppt-l-pdf,200,,,true,"og:description
og:title
og:image
og:url
og:type","שמור שקופיות מצגת PPTX כמסמכי PDF אוניברסליים לשיתוף והדפסה קלים ללא העלאות שרת.
המרת PowerPoint ל-PDF - שקופיות PPTX ל-PDF באופן מקומי | HandleMyFile
/logo.png
https://handlemyfile.com/
website",0,true,29
21,https://handlemyfile.com/ko/pdfe-seomyeong,온라인으로 PDF에 서명 - PDF에 전자 서명 추가 | HandleMyFile,text/html; charset=utf-8,false,200,0,https://handlemyfile.com/,https://handlemyfile.com/ko/pdfe-seomyeong,200,,,true,"og:description
og:title
og:image
og:url
og:type","전자 서명을 그리거나 업로드하거나 생성하여 PDF에 추가하세요.
온라인으로 PDF에 서명 - PDF에 전자 서명 추가 | HandleMyFile
/logo.png
https://handlemyfile.com/
website",0,true,29
21,https://handlemyfile.com/el/excel-se-pdf,Μετατροπή Excel σε PDF Online - XLSX & XLS σε PDF τοπικά | HandleMyFile,text/html; charset=utf-8,false,200,0,https://handlemyfile.com/,https://handlemyfile.com/el/excel-se-pdf,200,,,true,"og:description
og:title
og:image
og:url
og:type","Μετατρέψτε υπολογιστικά φύλλα και οικονομικά δεδομένα σε καθαρούς, εκτυπώσιμους πίνακες PDF εκτός σύνδεσης στο πρόγραμμα περιήγησής σας.
Μετατροπή Excel σε PDF Online - XLSX & XLS σε PDF τοπικά | HandleMyFile
/logo.png
https://handlemyfile.com/
website",0,true,29
21,https://handlemyfile.com/ro/eliminati-metadatele,Eliminați metadatele PDF - Sanitize Properties Online | HandleMyFile,text/html; charset=utf-8,false,200,0,https://handlemyfile.com/,https://handlemyfile.com/ro/eliminati-metadatele,200,,,true,"og:description
og:title
og:image
og:url
og:type","Eliminați autorul, creatorul și alte proprietăți ascunse ale amprentei digitale din fișierele PDF offline pentru o confidențialitate mai bună.
Eliminați metadatele PDF - Sanitize Properties Online | HandleMyFile
/logo.png
https://handlemyfile.com/
website",0,true,29
21,https://handlemyfile.com/ar/qrn-pdf,قارن PDF - ابحث عن الاختلافات بين ملفي PDF | HandleMyFile,text/html; charset=utf-8,false,200,0,https://handlemyfile.com/,https://handlemyfile.com/ar/qrn-pdf,200,,,true,"og:description
og:title
og:image
og:url
og:type","قم بتحميل ملفين بتنسيق PDF وقم بتمييز الاختلافات المرئية بينهما بكسلًا تلو الآخر محليًا.
قارن PDF - ابحث عن الاختلافات بين ملفي PDF | HandleMyFile
/logo.png
https://handlemyfile.com/
website",0,true,29
21,https://handlemyfile.com/zh/ye-ma,添加页码到 PDF - 本地自定义页眉和页脚 | HandleMyFile,text/html; charset=utf-8,false,200,0,https://handlemyfile.com/,https://handlemyfile.com/zh/ye-ma,200,,,true,"og:description
og:title
og:image
og:url
og:type","通过浏览器中的完整样式控制，轻松将干净、可自定义的页码添加到 PDF 页眉或页脚。
添加页码到 PDF - 本地自定义页眉和页脚 | HandleMyFile
/logo.png
https://handlemyfile.com/
website",0,true,29
21,https://handlemyfile.com/no/pdf-til-bilde,Konverter PDF til JPG/PNG-bilder online - Pakk ut sider til ZIP | HandleMyFile,text/html; charset=utf-8,false,200,0,https://handlemyfile.com/,https://handlemyfile.com/no/pdf-til-bilde,200,,,true,"og:description
og:title
og:image
og:url
og:type","Rasteriser PDF-sider til krystallklare PNG/JPG-bilder lokalt. Last ned individuelt eller som et høyhastighets ZIP-arkiv.
Konverter PDF til JPG/PNG-bilder online - Pakk ut sider til ZIP | HandleMyFile
/logo.png
https://handlemyfile.com/
website",0,true,29
21,https://handlemyfile.com/sk/otocit-pdf,Otočte stránky PDF online – otočte PDF o 90/180/270 stupňov lokálne | HandleMyFile,text/html; charset=utf-8,false,200,0,https://handlemyfile.com/,https://handlemyfile.com/sk/otocit-pdf,200,,,true,"og:description
og:title
og:image
og:url
og:type","Otočte jednotlivé strany alebo všetky strany v dokumente PDF lokálne v priebehu niekoľkých sekúnd. Nevyžaduje sa žiadne nahrávanie.
Otočte stránky PDF online – otočte PDF o 90/180/270 stupňov lokálne | HandleMyFile
/logo.png
https://handlemyfile.com/
website",0,true,29
21,https://handlemyfile.com/no/bilde-til-pdf,Konverter JPG og PNG til PDF Online - Bilder til PDF lokalt | HandleMyFile,text/html; charset=utf-8,false,200,0,https://handlemyfile.com/,https://handlemyfile.com/no/bilde-til-pdf,200,,,true,"og:description
og:title
og:image
og:url
og:type","Kombiner bilder, skjermbilder eller PNG/JPG-bilder til et enkelt rent PDF-dokument lokalt uten å laste opp.
Konverter JPG og PNG til PDF Online - Bilder til PDF lokalt | HandleMyFile
/logo.png
https://handlemyfile.com/
website",0,true,29
21,https://handlemyfile.com/de/pdf-organisieren,PDF online organisieren – Seiten lokal in PDF einfügen | HandleMyFile,text/html; charset=utf-8,false,200,0,https://handlemyfile.com/,https://handlemyfile.com/de/pdf-organisieren,200,,,true,"og:description
og:title
og:image
og:url
og:type","Fügen Sie eine weitere PDF-Datei an einem bestimmten Seitenindex sicher in Ihrem Browser ein.
PDF online organisieren – Seiten lokal in PDF einfügen | HandleMyFile
/logo.png
https://handlemyfile.com/
website",0,true,29
21,https://handlemyfile.com/ja/txt-kara-pdf,オンラインで TXT を PDF に変換 - プレーン テキストから PDF ドキュメントへ | HandleMyFile,text/html; charset=utf-8,false,200,0,https://handlemyfile.com/,https://handlemyfile.com/ja/txt-kara-pdf,200,,,true,"og:description
og:title
og:image
og:url
og:type","プレーン テキスト ファイルやコード ログを、ブラウザ上で即座に適切に構造化された読みやすい PDF ドキュメントに変換します。
オンラインで TXT を PDF に変換 - プレーン テキストから PDF ドキュメントへ | HandleMyFile
/logo.png
https://handlemyfile.com/
website",0,true,29
21,https://handlemyfile.com/scan-to-pdf,Scan to PDF - Make PDF Uneditable & Rasterize Online | HandleMyFile,text/html; charset=utf-8,false,200,0,https://handlemyfile.com/,https://handlemyfile.com/scan-to-pdf,200,,,true,"og:description
og:title
og:image
og:url
og:type","Rasterize your PDF documents into flat images inside a PDF. Prevents copy-pasting and editing securely in your browser.
Scan to PDF - Make PDF Uneditable & Rasterize Online | HandleMyFile
/logo.png
https://handlemyfile.com/
website",0,true,58
21,https://handlemyfile.com/vi/xoay-pdf,Xoay trang PDF trực tuyến - Xoay PDF 90/180/270 độ cục bộ | HandleMyFile,text/html; charset=utf-8,false,200,0,https://handlemyfile.com/,https://handlemyfile.com/vi/xoay-pdf,200,,,true,"og:description
og:title
og:image
og:url
og:type","Xoay từng trang riêng lẻ hoặc tất cả các trang trong tài liệu PDF của bạn cục bộ trong vài giây. Không cần tải lên.
Xoay trang PDF trực tuyến - Xoay PDF 90/180/270 độ cục bộ | HandleMyFile
/logo.png
https://handlemyfile.com/
website",0,true,29
21,https://handlemyfile.com/excel-to-csv,Free Excel to CSV Converter (.xlsx to .csv) - Zero Uploads | HandleMyFile,text/html; charset=utf-8,false,200,0,https://handlemyfile.com/,https://handlemyfile.com/excel-to-csv,200,,,true,"og:description
og:title
og:image
og:url
og:type","Quickly export data from Microsoft Excel spreadsheets (.xlsx, .xls) into universal CSV format entirely in your browser.
Free Excel to CSV Converter (.xlsx to .csv) - Zero Uploads | HandleMyFile
/logo.png
https://handlemyfile.com/
website",0,true,58
21,https://handlemyfile.com/fi/pura-kuvat,Pura kuvat PDF-tiedostosta - Tallenna kaikki kuvat PDF-tiedostosta | HandleMyFile,text/html; charset=utf-8,false,200,0,https://handlemyfile.com/,https://handlemyfile.com/fi/pura-kuvat,200,,,true,"og:description
og:title
og:image
og:url
og:type","Skannaa PDF välittömästi ja pura kaikki upotetut kuvat korkealaatuisina JPG/PNG-tiedostoina paikallisesti.
Pura kuvat PDF-tiedostosta - Tallenna kaikki kuvat PDF-tiedostosta | HandleMyFile
/logo.png
https://handlemyfile.com/
website",0,true,29
21,https://handlemyfile.com/he/reorder-pdf-pages-drag-and-drop,Reorder PDF Pages Drag and Drop Free | HandleMyFile,text/html; charset=utf-8,false,200,0,https://handlemyfile.com/,https://handlemyfile.com/he/reorder-pdf-pages-drag-and-drop,200,,,true,"og:description
og:title
og:image
og:url
og:type","Organize and reorder pages in your PDF document visually by dragging and dropping thumbnails. 100% free and local.
Reorder PDF Pages Drag and Drop Free | HandleMyFile
/logo.png
https://handlemyfile.com/
website",0,true,29
21,https://handlemyfile.com/hi/piiddiieph-pr-skain-kren,पीडीएफ को स्कैन करें - पीडीएफ को असंपादन योग्य बनाएं और ऑनलाइन व्यवस्थित करें | HandleMyFile,text/html; charset=utf-8,false,200,0,https://handlemyfile.com/,https://handlemyfile.com/hi/piiddiieph-pr-skain-kren,200,,,true,"og:description
og:title
og:image
og:url
og:type","अपने पीडीएफ दस्तावेजों को एक पीडीएफ के अंदर सपाट छवियों में व्यवस्थित करें। आपके ब्राउज़र में सुरक्षित रूप से कॉपी-पेस्ट और संपादन को रोकता है।
पीडीएफ को स्कैन करें - पीडीएफ को असंपादन योग्य बनाएं और ऑनलाइन व्यवस्थित करें | HandleMyFile
/logo.png
https://handlemyfile.com/
website",0,true,29
21,https://handlemyfile.com/it/numeri-di-pagina,Aggiungi numeri di pagina al PDF - Intestazione e piè di pagina personalizzati localmente | HandleMyFile,text/html; charset=utf-8,false,200,0,https://handlemyfile.com/,https://handlemyfile.com/it/numeri-di-pagina,200,,,true,"og:description
og:title
og:image
og:url
og:type","Aggiungi facilmente numeri di pagina puliti e personalizzabili all'intestazione o al piè di pagina del tuo PDF con il controllo completo dello stile nel tuo browser.
Aggiungi numeri di pagina al PDF - Intestazione e piè di pagina personalizzati localmente | HandleMyFile
/logo.png
https://handlemyfile.com/
website",0,true,29
21,https://handlemyfile.com/sv/skannade-pdf-till-text-ocr,Convert Scanned PDF to Text | HandleMyFile,text/html; charset=utf-8,false,200,0,https://handlemyfile.com/,https://handlemyfile.com/sv/skannade-pdf-till-text-ocr,200,,,true,"og:description
og:title
og:image
og:url
og:type","Turn non-searchable scanned PDFs and images into editable plain text locally using multi-language WebAssembly OCR workers.
Convert Scanned PDF to Text | HandleMyFile
/logo.png
https://handlemyfile.com/
website",0,true,29
21,https://handlemyfile.com/pl/odwroc-pdf,Odwróć strony PDF — zmień kolejność stron PDF w tył | HandleMyFile,text/html; charset=utf-8,false,200,0,https://handlemyfile.com/,https://handlemyfile.com/pl/odwroc-pdf,200,,,true,"og:description
og:title
og:image
og:url
og:type","Natychmiast i bezpiecznie odwróć kolejność stron w dokumencie PDF od ostatniej do pierwszej w swojej przeglądarce.
Odwróć strony PDF — zmień kolejność stron PDF w tył | HandleMyFile
/logo.png
https://handlemyfile.com/
website",0,true,29
21,https://handlemyfile.com/ru/izmenenie-razmera-pdf,Изменение размера страниц PDF — изменение размера и полей PDF-страницы | HandleMyFile,text/html; charset=utf-8,false,200,0,https://handlemyfile.com/,https://handlemyfile.com/ru/izmenenie-razmera-pdf,200,,,true,"og:description
og:title
og:image
og:url
og:type","Измените размер страниц PDF до стандартных размеров, таких как A4 или Letter, добавьте поля и идеально центрируйте контент.
Изменение размера страниц PDF — изменение размера и полей PDF-страницы | HandleMyFile
/logo.png
https://handlemyfile.com/
website",0,true,29
21,https://handlemyfile.com/pl/przytnij-plik-pdf,Przytnij plik PDF online — usuń marginesy z pliku PDF lokalnie | HandleMyFile,text/html; charset=utf-8,false,200,0,https://handlemyfile.com/,https://handlemyfile.com/pl/przytnij-plik-pdf,200,,,true,"og:description
og:title
og:image
og:url
og:type","Usuń białe marginesy lub przytnij strony PDF do określonego rozmiaru lokalnie w przeglądarce.
Przytnij plik PDF online — usuń marginesy z pliku PDF lokalnie | HandleMyFile
/logo.png
https://handlemyfile.com/
website",0,true,29
21,https://handlemyfile.com/he/rgn-pdf,ארגן PDF באינטרנט - הוסף דפים ל-PDF באופן מקומי | HandleMyFile,text/html; charset=utf-8,false,200,0,https://handlemyfile.com/,https://handlemyfile.com/he/rgn-pdf,200,,,true,"og:description
og:title
og:image
og:url
og:type","הוסף קובץ PDF נוסף באינדקס עמוד מסוים בצורה מאובטחת בתוך הדפדפן שלך.
ארגן PDF באינטרנט - הוסף דפים ל-PDF באופן מקומי | HandleMyFile
/logo.png
https://handlemyfile.com/
website",0,true,29
21,https://handlemyfile.com/vi/hinh-anh-sang-pdf,Chuyển đổi JPG & PNG sang PDF trực tuyến - Hình ảnh sang PDF cục bộ | HandleMyFile,text/html; charset=utf-8,false,200,0,https://handlemyfile.com/,https://handlemyfile.com/vi/hinh-anh-sang-pdf,200,,,true,"og:description
og:title
og:image
og:url
og:type","Kết hợp ảnh, ảnh chụp màn hình hoặc hình ảnh PNG/JPG vào một tài liệu PDF sạch cục bộ mà không cần tải lên.
Chuyển đổi JPG & PNG sang PDF trực tuyến - Hình ảnh sang PDF cục bộ | HandleMyFile
/logo.png
https://handlemyfile.com/
website",0,true,29
21,https://handlemyfile.com/ms/pisahkan-pdf,Pisahkan PDF Dalam Talian - Ekstrak Halaman Secara Asing | Privasi Pihak Pelanggan | HandleMyFile,text/html; charset=utf-8,false,200,0,https://handlemyfile.com/,https://handlemyfile.com/ms/pisahkan-pdf,200,,,true,"og:description
og:title
og:image
og:url
og:type","Pisahkan satu atau lebih halaman PDF ke dalam fail PDF bebas atau arkib ZIP secara setempat. Pantas, selamat dan 100% berasaskan pelayar.
Pisahkan PDF Dalam Talian - Ekstrak Halaman Secara Asing | Privasi Pihak Pelanggan | HandleMyFile
/logo.png
https://handlemyfile.com/
website",0,true,29
21,https://handlemyfile.com/ro/numerele-paginii,Adăugați numere de pagină în PDF - Antet și subsol personalizate la nivel local | HandleMyFile,text/html; charset=utf-8,false,200,0,https://handlemyfile.com/,https://handlemyfile.com/ro/numerele-paginii,200,,,true,"og:description
og:title
og:image
og:url
og:type","Adăugați cu ușurință numere de pagină curate și personalizabile la antetul sau subsolul PDF-ului, cu control complet de stil în browser.
Adăugați numere de pagină în PDF - Antet și subsol personalizate la nivel local | HandleMyFile
/logo.png
https://handlemyfile.com/
website",0,true,29
21,https://handlemyfile.com/id/ubah-ukuran-pdf,Ubah Ukuran Halaman PDF - Ubah Ukuran dan Margin Halaman PDF | HandleMyFile,text/html; charset=utf-8,false,200,0,https://handlemyfile.com/,https://handlemyfile.com/id/ubah-ukuran-pdf,200,,,true,"og:description
og:title
og:image
og:url
og:type","Ubah ukuran halaman PDF Anda ke ukuran standar seperti A4 atau Letter, tambahkan margin, dan pusatkan konten Anda dengan sempurna.
Ubah Ukuran Halaman PDF - Ubah Ukuran dan Margin Halaman PDF | HandleMyFile
/logo.png
https://handlemyfile.com/
website",0,true,29
21,https://handlemyfile.com/uk/vidaliti-metadani,Видалити метадані PDF - очистити властивості онлайн | HandleMyFile,text/html; charset=utf-8,false,200,0,https://handlemyfile.com/,https://handlemyfile.com/uk/vidaliti-metadani,200,,,true,"og:description
og:title
og:image
og:url
og:type","Для кращої конфіденційності видаліть автора, творця та інші приховані властивості цифрового відбитка зі своїх PDF-файлів у режимі офлайн.
Видалити метадані PDF - очистити властивості онлайн | HandleMyFile
/logo.png
https://handlemyfile.com/
website",0,true,29
21,https://handlemyfile.com/da/split-pdf,Split PDF Online - Udpak sider separat | Privatliv på klientsiden | HandleMyFile,text/html; charset=utf-8,false,200,0,https://handlemyfile.com/,https://handlemyfile.com/da/split-pdf,200,,,true,"og:description
og:title
og:image
og:url
og:type","Adskil en eller flere PDF-sider i uafhængige PDF-filer eller et ZIP-arkiv lokalt. Hurtig, sikker og 100 % browserbaseret.
Split PDF Online - Udpak sider separat | Privatliv på klientsiden | HandleMyFile
/logo.png
https://handlemyfile.com/
website",0,true,29
21,https://handlemyfile.com/pt/excel-para-csv,Conversor gratuito de Excel para CSV (.xlsx para .csv) - Zero uploads | HandleMyFile,text/html; charset=utf-8,false,200,0,https://handlemyfile.com/,https://handlemyfile.com/pt/excel-para-csv,200,,,true,"og:description
og:title
og:image
og:url
og:type","Exporte rapidamente dados de planilhas do Microsoft Excel (.xlsx, .xls) para o formato CSV universal inteiramente em seu navegador.
Conversor gratuito de Excel para CSV (.xlsx para .csv) - Zero uploads | HandleMyFile
/logo.png
https://handlemyfile.com/
website",0,true,29
21,https://handlemyfile.com/pl/txt-do-pdf,Konwertuj TXT na PDF online — zwykły tekst na dokument PDF | HandleMyFile,text/html; charset=utf-8,false,200,0,https://handlemyfile.com/,https://handlemyfile.com/pl/txt-do-pdf,200,,,true,"og:description
og:title
og:image
og:url
og:type","Szybko zamień zwykłe pliki tekstowe lub dzienniki kodu w dobrze ustrukturyzowane, czytelne dokumenty PDF, natychmiast w przeglądarce.
Konwertuj TXT na PDF online — zwykły tekst na dokument PDF | HandleMyFile
/logo.png
https://handlemyfile.com/
website",0,true,29
21,https://handlemyfile.com/tr/pdf-yi-koruyun,PDF'yi Çevrimiçi Koruyun - PDF'yi Yerel Olarak Parolayla Koruyun | HandleMyFile,text/html; charset=utf-8,false,200,0,https://handlemyfile.com/,https://handlemyfile.com/tr/pdf-yi-koruyun,200,,,true,"og:description
og:title
og:image
og:url
og:type","PDF dosyalarınızı tarayıcınızda yerel olarak AES-256 şifreleme ve parola korumasıyla güvence altına alın.
PDF'yi Çevrimiçi Koruyun - PDF'yi Yerel Olarak Parolayla Koruyun | HandleMyFile
/logo.png
https://handlemyfile.com/
website",0,true,29
21,https://handlemyfile.com/he/symn-mym-pdf,הוסף סימן מים ל-PDF - חותמת טקסט או תמונה מותאמת אישית באופן מקומי | HandleMyFile,text/html; charset=utf-8,false,200,0,https://handlemyfile.com/,https://handlemyfile.com/he/symn-mym-pdf,200,,,true,"og:description
og:title
og:image
og:url
og:type","הגן על הקניין הרוחני שלך על ידי החתמת טקסט שקוף או סימני מים על פני דפי ה-PDF שלך במצב לא מקוון.
הוסף סימן מים ל-PDF - חותמת טקסט או תמונה מותאמת אישית באופן מקומי | HandleMyFile
/logo.png
https://handlemyfile.com/
website",0,true,29
21,https://handlemyfile.com/cs/naskenovan-pdf-do-textu-ocr,Convert Scanned PDF to Text | HandleMyFile,text/html; charset=utf-8,false,200,0,https://handlemyfile.com/,https://handlemyfile.com/cs/naskenovan-pdf-do-textu-ocr,200,,,true,"og:description
og:title
og:image
og:url
og:type","Turn non-searchable scanned PDFs and images into editable plain text locally using multi-language WebAssembly OCR workers.
Convert Scanned PDF to Text | HandleMyFile
/logo.png
https://handlemyfile.com/
website",0,true,29
21,https://handlemyfile.com/pt/pdf-em-tons-de-cinza,Converter PDF em escala de cinza - PDF em preto e branco online | HandleMyFile,text/html; charset=utf-8,false,200,0,https://handlemyfile.com/,https://handlemyfile.com/pt/pdf-em-tons-de-cinza,200,,,true,"og:description
og:title
og:image
og:url
og:type","Converta documentos PDF coloridos em escala de cinza instantaneamente no seu navegador para economizar tinta de impressão.
Converter PDF em escala de cinza - PDF em preto e branco online | HandleMyFile
/logo.png
https://handlemyfile.com/
website",0,true,29
21,https://handlemyfile.com/nl/gescande-pdf-naar-tekst-ocr,Convert Scanned PDF to Text | HandleMyFile,text/html; charset=utf-8,false,200,0,https://handlemyfile.com/,https://handlemyfile.com/nl/gescande-pdf-naar-tekst-ocr,200,,,true,"og:description
og:title
og:image
og:url
og:type","Turn non-searchable scanned PDFs and images into editable plain text locally using multi-language WebAssembly OCR workers.
Convert Scanned PDF to Text | HandleMyFile
/logo.png
https://handlemyfile.com/
website",0,true,29
21,https://handlemyfile.com/es/pdf-a-ppt,Convertidor gratuito de PDF a PowerPoint (.pptx): cero cargas | HandleMyFile,text/html; charset=utf-8,false,200,0,https://handlemyfile.com/,https://handlemyfile.com/es/pdf-a-ppt,200,,,true,"og:description
og:title
og:image
og:url
og:type","Convierta sus documentos PDF de varias páginas en diapositivas editables de PowerPoint (.pptx) con alta fidelidad dentro de la RAM del navegador.
Convertidor gratuito de PDF a PowerPoint (.pptx): cero cargas | HandleMyFile
/logo.png
https://handlemyfile.com/
website",0,true,29
21,https://handlemyfile.com/da/rediger-pdf,Redakt PDF - Sikker mørklægning af tekst og billeder | HandleMyFile,text/html; charset=utf-8,false,200,0,https://handlemyfile.com/,https://handlemyfile.com/da/rediger-pdf,200,,,true,"og:description
og:title
og:image
og:url
og:type","Tegn redaktionsbokse over private oplysninger. De redigerede sider er fuldt rasteriserede for permanent at ødelægge den skjulte tekst.
Redakt PDF - Sikker mørklægning af tekst og billeder | HandleMyFile
/logo.png
https://handlemyfile.com/
website",0,true,48
21,https://handlemyfile.com/es/cambiar-el-tamano-del-pdf,Cambiar el tamaño de las páginas PDF: cambiar el tamaño y los márgenes de la página PDF | HandleMyFile,text/html; charset=utf-8,false,200,0,https://handlemyfile.com/,https://handlemyfile.com/es/cambiar-el-tamano-del-pdf,200,,,true,"og:description
og:title
og:image
og:url
og:type","Cambie el tamaño de sus páginas PDF a tamaños estándar como A4 o Carta, agregue márgenes y centre perfectamente su contenido.
Cambiar el tamaño de las páginas PDF: cambiar el tamaño y los márgenes de la página PDF | HandleMyFile
/logo.png
https://handlemyfile.com/
website",0,true,29
21,https://handlemyfile.com/fi/muuta-pdf-kokoa,Muuta PDF-sivujen kokoa - Muuta PDF-sivun kokoa ja marginaaleja | HandleMyFile,text/html; charset=utf-8,false,200,0,https://handlemyfile.com/,https://handlemyfile.com/fi/muuta-pdf-kokoa,200,,,true,"og:description
og:title
og:image
og:url
og:type","Muuta PDF-sivujesi kokoa vakiokokoisiksi, kuten A4 tai Letter, lisää marginaaleja ja keskitä sisältö täydellisesti.
Muuta PDF-sivujen kokoa - Muuta PDF-sivun kokoa ja marginaaleja | HandleMyFile
/logo.png
https://handlemyfile.com/
website",0,true,29
21,https://handlemyfile.com/fr/comparer-pdf,Comparer des PDF - Trouver les différences entre deux PDF | HandleMyFile,text/html; charset=utf-8,false,200,0,https://handlemyfile.com/,https://handlemyfile.com/fr/comparer-pdf,200,,,true,"og:description
og:title
og:image
og:url
og:type","Téléchargez deux fichiers PDF et mettez en évidence les différences visuelles entre eux pixel par pixel localement.
Comparer des PDF - Trouver les différences entre deux PDF | HandleMyFile
/logo.png
https://handlemyfile.com/
website",0,true,29
21,https://handlemyfile.com/no/endre-storrelse-pa-pdf,Endre størrelse på PDF-sider - Endre PDF-sidestørrelse og marger | HandleMyFile,text/html; charset=utf-8,false,200,0,https://handlemyfile.com/,https://handlemyfile.com/no/endre-storrelse-pa-pdf,200,,,true,"og:description
og:title
og:image
og:url
og:type","Endre størrelsen på PDF-sidene dine til standardstørrelser som A4 eller Letter, legg til marger og sentrer innholdet ditt perfekt.
Endre størrelse på PDF-sider - Endre PDF-sidestørrelse og marger | HandleMyFile
/logo.png
https://handlemyfile.com/
website",0,true,29
21,https://handlemyfile.com/ru/excel-v-pdf,Конвертируйте Excel в PDF онлайн — XLSX и XLS в PDF локально | HandleMyFile,text/html; charset=utf-8,false,200,0,https://handlemyfile.com/,https://handlemyfile.com/ru/excel-v-pdf,200,,,true,"og:description
og:title
og:image
og:url
og:type","Преобразуйте электронные таблицы и финансовые данные в чистые PDF-таблицы, пригодные для печати, в автономном режиме в браузере.
Конвертируйте Excel в PDF онлайн — XLSX и XLS в PDF локально | HandleMyFile
/logo.png
https://handlemyfile.com/
website",0,true,29
21,https://handlemyfile.com/de/pdf-in-word-umwandeln-ohne-dass-die-formatierung-verloren-geht,Free PDF to Word Converter (.docx) Without Losing Formatting | HandleMyFile,text/html; charset=utf-8,false,200,0,https://handlemyfile.com/,https://handlemyfile.com/de/pdf-in-word-umwandeln-ohne-dass-die-formatierung-verloren-geht,200,,,true,"og:description
og:title
og:image
og:url
og:type","Extract exact text, layout runs, and paragraphs from any PDF into a clean Microsoft Word (.docx) file directly inside browser memory.
Free PDF to Word Converter (.docx) Without Losing Formatting | HandleMyFile
/logo.png
https://handlemyfile.com/
website",0,true,29
21,https://handlemyfile.com/hu/oldalszamok,Oldalszámok hozzáadása a PDF-hez – Egyéni fejléc és lábléc helyileg | HandleMyFile,text/html; charset=utf-8,false,200,0,https://handlemyfile.com/,https://handlemyfile.com/hu/oldalszamok,200,,,true,"og:description
og:title
og:image
og:url
og:type","Könnyen hozzáadhat tiszta, testreszabható oldalszámokat PDF fejlécéhez vagy láblécéhez a böngésző teljes stílusvezérlésével.
Oldalszámok hozzáadása a PDF-hez – Egyéni fejléc és lábléc helyileg | HandleMyFile
/logo.png
https://handlemyfile.com/
website",0,true,29
21,https://handlemyfile.com/el/katargisi-metadedomenon,Κατάργηση μεταδεδομένων PDF - Sanitize Properties Online | HandleMyFile,text/html; charset=utf-8,false,200,0,https://handlemyfile.com/,https://handlemyfile.com/el/katargisi-metadedomenon,200,,,true,"og:description
og:title
og:image
og:url
og:type","Καταργήστε τον συγγραφέα, τον δημιουργό και άλλες κρυφές ιδιότητες ψηφιακού αποτυπώματος από τα αρχεία PDF σας εκτός σύνδεσης για καλύτερο απόρρητο.
Κατάργηση μεταδεδομένων PDF - Sanitize Properties Online | HandleMyFile
/logo.png
https://handlemyfile.com/
website",0,true,29
21,https://handlemyfile.com/nl/ppt-naar-pdf,Converteer PowerPoint naar PDF - PPTX-dia's lokaal naar PDF | HandleMyFile,text/html; charset=utf-8,false,200,0,https://handlemyfile.com/,https://handlemyfile.com/nl/ppt-naar-pdf,200,,,true,"og:description
og:title
og:image
og:url
og:type","Sla PPTX-presentatiedia's op als universele PDF-documenten, zodat u ze eenvoudig kunt delen en afdrukken zonder serveruploads.
Converteer PowerPoint naar PDF - PPTX-dia's lokaal naar PDF | HandleMyFile
/logo.png
https://handlemyfile.com/
website",0,true,29
21,https://handlemyfile.com/vi/so-trang,Thêm số trang vào PDF - Đầu trang & Chân trang tùy chỉnh cục bộ | HandleMyFile,text/html; charset=utf-8,false,200,0,https://handlemyfile.com/,https://handlemyfile.com/vi/so-trang,200,,,true,"og:description
og:title
og:image
og:url
og:type","Dễ dàng thêm số trang rõ ràng, có thể tùy chỉnh vào đầu trang hoặc chân trang PDF của bạn với toàn quyền kiểm soát kiểu dáng trong trình duyệt của bạn.
Thêm số trang vào PDF - Đầu trang & Chân trang tùy chỉnh cục bộ | HandleMyFile
/logo.png
https://handlemyfile.com/
website",0,true,29
21,https://handlemyfile.com/hi/piiddiieph-kaa-aakaar-bdlen,पीडीएफ पेजों का आकार बदलें - पीडीएफ पेज का आकार और मार्जिन बदलें | HandleMyFile,text/html; charset=utf-8,false,200,0,https://handlemyfile.com/,https://handlemyfile.com/hi/piiddiieph-kaa-aakaar-bdlen,200,,,true,"og:description
og:title
og:image
og:url
og:type","अपने पीडीएफ पृष्ठों का आकार A4 या लेटर जैसे मानक आकार में बदलें, मार्जिन जोड़ें और अपनी सामग्री को पूरी तरह से केंद्र में रखें।
पीडीएफ पेजों का आकार बदलें - पीडीएफ पेज का आकार और मार्जिन बदलें | HandleMyFile
/logo.png
https://handlemyfile.com/
website",0,true,29
21,https://handlemyfile.com/da/omvendt-pdf,Omvendt PDF-sider - Skift PDF-siderækkefølge baglæns | HandleMyFile,text/html; charset=utf-8,false,200,0,https://handlemyfile.com/,https://handlemyfile.com/da/omvendt-pdf,200,,,true,"og:description
og:title
og:image
og:url
og:type","Vend øjeblikkeligt rækkefølgen af ​​sider i dit PDF-dokument fra sidste til første sikkert i din browser.
Omvendt PDF-sider - Skift PDF-siderækkefølge baglæns | HandleMyFile
/logo.png
https://handlemyfile.com/
website",0,true,29
21,https://handlemyfile.com/da/organiser-pdf,Organiser PDF online - Indsæt sider i PDF lokalt | HandleMyFile,text/html; charset=utf-8,false,200,0,https://handlemyfile.com/,https://handlemyfile.com/da/organiser-pdf,200,,,true,"og:description
og:title
og:image
og:url
og:type","Indsæt en anden PDF-fil på et bestemt sideindeks sikkert i din browser.
Organiser PDF online - Indsæt sider i PDF lokalt | HandleMyFile
/logo.png
https://handlemyfile.com/
website",0,true,29
21,https://handlemyfile.com/el/organosi-pdf,Οργάνωση PDF Online - Εισαγωγή σελίδων σε PDF τοπικά | HandleMyFile,text/html; charset=utf-8,false,200,0,https://handlemyfile.com/,https://handlemyfile.com/el/organosi-pdf,200,,,true,"og:description
og:title
og:image
og:url
og:type","Εισαγάγετε ένα άλλο αρχείο PDF σε ένα συγκεκριμένο ευρετήριο σελίδας με ασφάλεια μέσα στο πρόγραμμα περιήγησής σας.
Οργάνωση PDF Online - Εισαγωγή σελίδων σε PDF τοπικά | HandleMyFile
/logo.png
https://handlemyfile.com/
website",0,true,29
21,https://handlemyfile.com/ms/nombor-halaman,Tambahkan Nombor Halaman pada PDF - Pengepala & Pengaki Tersuai Secara Setempat | HandleMyFile,text/html; charset=utf-8,false,200,0,https://handlemyfile.com/,https://handlemyfile.com/ms/nombor-halaman,200,,,true,"og:description
og:title
og:image
og:url
og:type","Tambah nombor halaman yang bersih dan boleh disesuaikan dengan mudah pada pengepala atau pengaki PDF anda dengan kawalan penggayaan penuh dalam penyemak imbas anda.
Tambahkan Nombor Halaman pada PDF - Pengepala & Pengaki Tersuai Secara Setempat | HandleMyFile
/logo.png
https://handlemyfile.com/
website",0,true,29
21,https://handlemyfile.com/ar/remove-pdf-password-without-password,Remove PDF Password Without Password | HandleMyFile,text/html; charset=utf-8,false,200,0,https://handlemyfile.com/,https://handlemyfile.com/ar/remove-pdf-password-without-password,200,,,true,"og:description
og:title
og:image
og:url
og:type","Remove password protection from your PDF files without needing the original password using our advanced unlock tool.
Remove PDF Password Without Password | HandleMyFile
/logo.png
https://handlemyfile.com/
website",0,true,29
21,https://handlemyfile.com/pt/pdf-digitalizado-para-texto-ocr,Convert Scanned PDF to Text | HandleMyFile,text/html; charset=utf-8,false,200,0,https://handlemyfile.com/,https://handlemyfile.com/pt/pdf-digitalizado-para-texto-ocr,200,,,true,"og:description
og:title
og:image
og:url
og:type","Turn non-searchable scanned PDFs and images into editable plain text locally using multi-language WebAssembly OCR workers.
Convert Scanned PDF to Text | HandleMyFile
/logo.png
https://handlemyfile.com/
website",0,true,29
21,https://handlemyfile.com/vi/sap-xep-pdf,Sắp xếp PDF trực tuyến - Chèn trang vào PDF cục bộ | HandleMyFile,text/html; charset=utf-8,false,200,0,https://handlemyfile.com/,https://handlemyfile.com/vi/sap-xep-pdf,200,,,true,"og:description
og:title
og:image
og:url
og:type","Chèn một tệp PDF khác vào chỉ mục trang cụ thể một cách an toàn bên trong trình duyệt của bạn.
Sắp xếp PDF trực tuyến - Chèn trang vào PDF cục bộ | HandleMyFile
/logo.png
https://handlemyfile.com/
website",0,true,29
21,https://handlemyfile.com/cs/pdf-k-obrazku,Převod obrázků PDF do JPG/PNG online – Extrahujte stránky do ZIP | HandleMyFile,text/html; charset=utf-8,false,200,0,https://handlemyfile.com/,https://handlemyfile.com/cs/pdf-k-obrazku,200,,,true,"og:description
og:title
og:image
og:url
og:type","Lokálně rastrujte stránky PDF do křišťálově čistých obrázků PNG/JPG. Stáhnout jednotlivě nebo jako vysokorychlostní archiv ZIP.
Převod obrázků PDF do JPG/PNG online – Extrahujte stránky do ZIP | HandleMyFile
/logo.png
https://handlemyfile.com/
website",0,true,29
21,https://handlemyfile.com/nl/vergelijk-pdf,Vergelijk PDF - Vind verschillen tussen twee PDF's | HandleMyFile,text/html; charset=utf-8,false,200,0,https://handlemyfile.com/,https://handlemyfile.com/nl/vergelijk-pdf,200,,,true,"og:description
og:title
og:image
og:url
og:type","Upload twee PDF-bestanden en markeer lokaal de visuele verschillen ertussen, pixel voor pixel.
Vergelijk PDF - Vind verschillen tussen twee PDF's | HandleMyFile
/logo.png
https://handlemyfile.com/
website",0,true,29
21,https://handlemyfile.com/sv/las-upp-pdf,Lås upp PDF Online - Ta bort PDF-lösenord lokalt | HandleMyFile,text/html; charset=utf-8,false,200,0,https://handlemyfile.com/,https://handlemyfile.com/sv/las-upp-pdf,200,,,true,"og:description
og:title
og:image
og:url
og:type","Ta bort lösenord och kryptering från dina PDF-filer direkt i din webbläsare.
Lås upp PDF Online - Ta bort PDF-lösenord lokalt | HandleMyFile
/logo.png
https://handlemyfile.com/
website",0,true,29
21,https://handlemyfile.com/ja/guresukeru-pdf,PDF をグレースケールに変換 - オンラインで白黒 PDF | HandleMyFile,text/html; charset=utf-8,false,200,0,https://handlemyfile.com/,https://handlemyfile.com/ja/guresukeru-pdf,200,,,true,"og:description
og:title
og:image
og:url
og:type","カラーの PDF ドキュメントをブラウザで即座にグレースケールに変換し、印刷インクを節約します。
PDF をグレースケールに変換 - オンラインで白黒 PDF | HandleMyFile
/logo.png
https://handlemyfile.com/
website",0,true,29
21,https://handlemyfile.com/cs/stupne-sedi-pdf,Převést PDF do stupňů šedi – černobílé PDF online | HandleMyFile,text/html; charset=utf-8,false,200,0,https://handlemyfile.com/,https://handlemyfile.com/cs/stupne-sedi-pdf,200,,,true,"og:description
og:title
og:image
og:url
og:type","Okamžitě převádějte barevné dokumenty PDF do stupňů šedi ve svém prohlížeči, abyste ušetřili tiskový inkoust.
Převést PDF do stupňů šedi – černobílé PDF online | HandleMyFile
/logo.png
https://handlemyfile.com/
website",0,true,29
21,https://handlemyfile.com/pl/obroc-pdf,Obracaj strony PDF online — obracaj pliki PDF o 90/180/270 stopni lokalnie | HandleMyFile,text/html; charset=utf-8,false,200,0,https://handlemyfile.com/,https://handlemyfile.com/pl/obroc-pdf,200,,,true,"og:description
og:title
og:image
og:url
og:type","Obróć lokalnie poszczególne strony lub wszystkie strony dokumentu PDF w ciągu kilku sekund. Wymagane jest zerowe przesyłanie.
Obracaj strony PDF online — obracaj pliki PDF o 90/180/270 stopni lokalnie | HandleMyFile
/logo.png
https://handlemyfile.com/
website",0,true,29
21,https://handlemyfile.com/zh/sao-miao-wei-pdf,扫描到 PDF - 使 PDF 不可编辑并在线光栅化 | HandleMyFile,text/html; charset=utf-8,false,200,0,https://handlemyfile.com/,https://handlemyfile.com/zh/sao-miao-wei-pdf,200,,,true,"og:description
og:title
og:image
og:url
og:type","将 PDF 文档栅格化为 PDF 内的平面图像。防止在浏览器中安全地复制粘贴和编辑。
扫描到 PDF - 使 PDF 不可编辑并在线光栅化 | HandleMyFile
/logo.png
https://handlemyfile.com/
website",0,true,29
21,https://handlemyfile.com/hi/pnne-httaaen,पीडीएफ पेजों को ऑनलाइन हटाएं - पीडीएफ से पेजों को स्थानीय रूप से हटाएं | HandleMyFile,text/html; charset=utf-8,false,200,0,https://handlemyfile.com/,https://handlemyfile.com/hi/pnne-httaaen,200,,,true,"og:description
og:title
og:image
og:url
og:type","अपने ब्राउज़र के अंदर अपनी पीडीएफ फ़ाइल से अवांछित पृष्ठों को सुरक्षित रूप से हटाएं।
पीडीएफ पेजों को ऑनलाइन हटाएं - पीडीएफ से पेजों को स्थानीय रूप से हटाएं | HandleMyFile
/logo.png
https://handlemyfile.com/
website",0,true,29
21,https://handlemyfile.com/th/hmaayelkhhnaa,เพิ่มหมายเลขหน้าเป็น PDF - ส่วนหัวและส่วนท้ายที่กำหนดเองในเครื่อง | HandleMyFile,text/html; charset=utf-8,false,200,0,https://handlemyfile.com/,https://handlemyfile.com/th/hmaayelkhhnaa,200,,,true,"og:description
og:title
og:image
og:url
og:type","เพิ่มหมายเลขหน้าที่สะอาดและปรับแต่งได้ให้กับส่วนหัวหรือส่วนท้าย PDF ของคุณได้อย่างง่ายดายด้วยการควบคุมสไตล์เต็มรูปแบบในเบราว์เซอร์ของคุณ
เพิ่มหมายเลขหน้าเป็น PDF - ส่วนหัวและส่วนท้ายที่กำหนดเองในเครื่อง | HandleMyFile
/logo.png
https://handlemyfile.com/
website",0,true,29
21,https://handlemyfile.com/ar/qwt-ldfaa-lshaaby-l~-ppt,محول PDF إلى PowerPoint مجاني (.pptx) - صفر تحميلات | HandleMyFile,text/html; charset=utf-8,false,200,0,https://handlemyfile.com/,https://handlemyfile.com/ar/qwt-ldfaa-lshaaby-l~-ppt,200,,,true,"og:description
og:title
og:image
og:url
og:type","قم بتحويل مستندات PDF متعددة الصفحات إلى شرائح PowerPoint (.pptx) قابلة للتحرير بدقة عالية داخل ذاكرة الوصول العشوائي للمتصفح.
محول PDF إلى PowerPoint مجاني (.pptx) - صفر تحميلات | HandleMyFile
/logo.png
https://handlemyfile.com/
website",0,true,29
21,https://handlemyfile.com/fi/skannattu-pdf-tekstiksi-ocr,Convert Scanned PDF to Text | HandleMyFile,text/html; charset=utf-8,false,200,0,https://handlemyfile.com/,https://handlemyfile.com/fi/skannattu-pdf-tekstiksi-ocr,200,,,true,"og:description
og:title
og:image
og:url
og:type","Turn non-searchable scanned PDFs and images into editable plain text locally using multi-language WebAssembly OCR workers.
Convert Scanned PDF to Text | HandleMyFile
/logo.png
https://handlemyfile.com/
website",0,true,29
21,https://handlemyfile.com/th/o-chii-aar-pdf,OCR เบราว์เซอร์ฟรี - แยกข้อความจาก PDF และรูปภาพที่สแกน | HandleMyFile,text/html; charset=utf-8,false,200,0,https://handlemyfile.com/,https://handlemyfile.com/th/o-chii-aar-pdf,200,,,true,"og:description
og:title
og:image
og:url
og:type","เปลี่ยนไฟล์ PDF และรูปภาพที่สแกนที่ไม่สามารถค้นหาได้ให้เป็นข้อความธรรมดาที่แก้ไขได้ในเครื่องโดยใช้โปรแกรมทำงาน WebAssembly OCR หลายภาษา
OCR เบราว์เซอร์ฟรี - แยกข้อความจาก PDF และรูปภาพที่สแกน | HandleMyFile
/logo.png
https://handlemyfile.com/
website",0,true,29
21,https://handlemyfile.com/da/excel-til-csv,Gratis Excel til CSV-konvertering (.xlsx til .csv) - Nul uploads | HandleMyFile,text/html; charset=utf-8,false,200,0,https://handlemyfile.com/,https://handlemyfile.com/da/excel-til-csv,200,,,true,"og:description
og:title
og:image
og:url
og:type","Eksportér hurtigt data fra Microsoft Excel-regneark (.xlsx, .xls) til universelt CSV-format helt i din browser.
Gratis Excel til CSV-konvertering (.xlsx til .csv) - Nul uploads | HandleMyFile
/logo.png
https://handlemyfile.com/
website",0,true,29
21,https://handlemyfile.com/hi/reorder-pdf-pages-drag-and-drop,Reorder PDF Pages Drag and Drop Free | HandleMyFile,text/html; charset=utf-8,false,200,0,https://handlemyfile.com/,https://handlemyfile.com/hi/reorder-pdf-pages-drag-and-drop,200,,,true,"og:description
og:title
og:image
og:url
og:type","Organize and reorder pages in your PDF document visually by dragging and dropping thumbnails. 100% free and local.
Reorder PDF Pages Drag and Drop Free | HandleMyFile
/logo.png
https://handlemyfile.com/
website",0,true,29
21,https://handlemyfile.com/el/arithmoi-selidas,Προσθήκη αριθμών σελίδων στο PDF - Προσαρμοσμένη κεφαλίδα & υποσέλιδο τοπικά | HandleMyFile,text/html; charset=utf-8,false,200,0,https://handlemyfile.com/,https://handlemyfile.com/el/arithmoi-selidas,200,,,true,"og:description
og:title
og:image
og:url
og:type","Προσθέστε εύκολα καθαρούς, προσαρμόσιμους αριθμούς σελίδων στην κεφαλίδα ή το υποσέλιδο PDF σας με πλήρη έλεγχο στυλ στο πρόγραμμα περιήγησής σας.
Προσθήκη αριθμών σελίδων στο PDF - Προσαρμοσμένη κεφαλίδα & υποσέλιδο τοπικά | HandleMyFile
/logo.png
https://handlemyfile.com/
website",0,true,29
21,https://handlemyfile.com/tr/resimden-pdf-e,JPG ve PNG'yi Çevrimiçi Olarak PDF'ye Dönüştürün - Görüntüleri Yerel Olarak PDF'ye Dönüştürün | HandleMyFile,text/html; charset=utf-8,false,200,0,https://handlemyfile.com/,https://handlemyfile.com/tr/resimden-pdf-e,200,,,true,"og:description
og:title
og:image
og:url
og:type","Fotoğrafları, ekran görüntülerini veya PNG/JPG resimlerini yüklemeye gerek kalmadan yerel olarak tek bir temiz PDF belgesinde birleştirin.
JPG ve PNG'yi Çevrimiçi Olarak PDF'ye Dönüştürün - Görüntüleri Yerel Olarak PDF'ye Dönüştürün | HandleMyFile
/logo.png
https://handlemyfile.com/
website",0,true,29
21,https://handlemyfile.com/id/excel-ke-pdf,Konversi Excel ke PDF Online - XLSX & XLS ke PDF Secara Lokal | HandleMyFile,text/html; charset=utf-8,false,200,0,https://handlemyfile.com/,https://handlemyfile.com/id/excel-ke-pdf,200,,,true,"og:description
og:title
og:image
og:url
og:type","Ubah spreadsheet dan data keuangan menjadi tabel PDF yang bersih dan dapat dicetak secara offline di browser Anda.
Konversi Excel ke PDF Online - XLSX & XLS ke PDF Secara Lokal | HandleMyFile
/logo.png
https://handlemyfile.com/
website",0,true,29
21,https://handlemyfile.com/it/riduci-le-dimensioni-del-pdf-offline,Reduce PDF Size Offline | HandleMyFile,text/html; charset=utf-8,false,200,0,https://handlemyfile.com/,https://handlemyfile.com/it/riduci-le-dimensioni-del-pdf-offline,200,,,true,"og:description
og:title
og:image
og:url
og:type","Reduce the size of your PDF documents offline directly in your browser without any server uploads. 100% secure.
Reduce PDF Size Offline | HandleMyFile
/logo.png
https://handlemyfile.com/
website",0,true,29
21,https://handlemyfile.com/vi/excel-sang-pdf,Chuyển đổi Excel sang PDF trực tuyến - XLSX & XLS sang PDF cục bộ | HandleMyFile,text/html; charset=utf-8,false,200,0,https://handlemyfile.com/,https://handlemyfile.com/vi/excel-sang-pdf,200,,,true,"og:description
og:title
og:image
og:url
og:type","Chuyển đổi bảng tính và dữ liệu tài chính thành bảng PDF rõ ràng, có thể in ngoại tuyến trong trình duyệt của bạn.
Chuyển đổi Excel sang PDF trực tuyến - XLSX & XLS sang PDF cục bộ | HandleMyFile
/logo.png
https://handlemyfile.com/
website",0,true,29
21,https://handlemyfile.com/fr/recadrer-le-pdf,Recadrer le PDF en ligne - Supprimer les marges du PDF localement | HandleMyFile,text/html; charset=utf-8,false,200,0,https://handlemyfile.com/,https://handlemyfile.com/fr/recadrer-le-pdf,200,,,true,"og:description
og:title
og:image
og:url
og:type","Supprimez les marges blanches ou coupez les pages PDF à une taille spécifique localement dans votre navigateur.
Recadrer le PDF en ligne - Supprimer les marges du PDF localement | HandleMyFile
/logo.png
https://handlemyfile.com/
website",0,true,29
21,https://handlemyfile.com/no/del-pdf,Del opp PDF på nett - Pakk ut sider separat | Personvern på klientsiden | HandleMyFile,text/html; charset=utf-8,false,200,0,https://handlemyfile.com/,https://handlemyfile.com/no/del-pdf,200,,,true,"og:description
og:title
og:image
og:url
og:type","Skill en eller flere PDF-sider til uavhengige PDF-filer eller et ZIP-arkiv lokalt. Rask, sikker og 100 % nettleserbasert.
Del opp PDF på nett - Pakk ut sider separat | Personvern på klientsiden | HandleMyFile
/logo.png
https://handlemyfile.com/
website",0,true,29
21,https://handlemyfile.com/ms/keluarkan-kata-laluan-pdf-tanpa-kata-laluan,Remove PDF Password Without Password | HandleMyFile,text/html; charset=utf-8,false,200,0,https://handlemyfile.com/,https://handlemyfile.com/ms/keluarkan-kata-laluan-pdf-tanpa-kata-laluan,200,,,true,"og:description
og:title
og:image
og:url
og:type","Remove password protection from your PDF files without needing the original password using our advanced unlock tool.
Remove PDF Password Without Password | HandleMyFile
/logo.png
https://handlemyfile.com/
website",0,true,29
21,https://handlemyfile.com/fi/j-rjest-pdf-sivut-uudelleen-vet-m-ll-ja-pudottamalla,Reorder PDF Pages Drag and Drop Free | HandleMyFile,text/html; charset=utf-8,false,200,0,https://handlemyfile.com/,https://handlemyfile.com/fi/j-rjest-pdf-sivut-uudelleen-vet-m-ll-ja-pudottamalla,200,,,true,"og:description
og:title
og:image
og:url
og:type","Organize and reorder pages in your PDF document visually by dragging and dropping thumbnails. 100% free and local.
Reorder PDF Pages Drag and Drop Free | HandleMyFile
/logo.png
https://handlemyfile.com/
website",0,true,29
21,https://handlemyfile.com/ru/szhat-pdf,Сжимайте PDF онлайн — уменьшите размер файла на 60–90% локально | HandleMyFile,text/html; charset=utf-8,false,200,0,https://handlemyfile.com/,https://handlemyfile.com/ru/szhat-pdf,200,,,true,"og:description
og:title
og:image
og:url
og:type","Уменьшите большие PDF-файлы до 90 %, используя методы адаптивной растеризации без потерь и DPI непосредственно в WebAssembly.
Сжимайте PDF онлайн — уменьшите размер файла на 60–90% локально | HandleMyFile
/logo.png
https://handlemyfile.com/
website",0,true,29
21,https://handlemyfile.com/sv/pdf-till-bild,Konvertera PDF till JPG/PNG-bilder online - Extrahera sidor till ZIP | HandleMyFile,text/html; charset=utf-8,false,200,0,https://handlemyfile.com/,https://handlemyfile.com/sv/pdf-till-bild,200,,,true,"og:description
og:title
og:image
og:url
og:type","Rasterisera PDF-sidor till kristallklara PNG/JPG-bilder lokalt. Ladda ner individuellt eller som ett höghastighets ZIP-arkiv.
Konvertera PDF till JPG/PNG-bilder online - Extrahera sidor till ZIP | HandleMyFile
/logo.png
https://handlemyfile.com/
website",0,true,29
21,https://handlemyfile.com/zh/csv-dao-excel,免费 CSV 到 Excel 转换器 (.xlsx) - 即时浏览器引擎 | HandleMyFile,text/html; charset=utf-8,false,200,0,https://handlemyfile.com/,https://handlemyfile.com/zh/csv-dao-excel,200,,,true,"og:description
og:title
og:image
og:url
og:type","将原始 CSV 文件转换为格式正确的 Excel 电子表格，并支持多工作表和离线零数据丢失。
免费 CSV 到 Excel 转换器 (.xlsx) - 即时浏览器引擎 | HandleMyFile
/logo.png
https://handlemyfile.com/
website",0,true,29
21,https://handlemyfile.com/ar/fth-mlf-pdf,فتح ملف PDF عبر الإنترنت - إزالة كلمة مرور ملف PDF محليًا | HandleMyFile,text/html; charset=utf-8,false,200,0,https://handlemyfile.com/,https://handlemyfile.com/ar/fth-mlf-pdf,200,,,true,"og:description
og:title
og:image
og:url
og:type","قم بإزالة كلمة المرور والتشفير من ملفات PDF الخاصة بك على الفور في متصفحك.
فتح ملف PDF عبر الإنترنت - إزالة كلمة مرور ملف PDF محليًا | HandleMyFile
/logo.png
https://handlemyfile.com/
website",0,true,29
21,https://handlemyfile.com/it/pdf-diviso,Dividi PDF online: estrai le pagine separatamente | Privacy lato client | HandleMyFile,text/html; charset=utf-8,false,200,0,https://handlemyfile.com/,https://handlemyfile.com/it/pdf-diviso,200,,,true,"og:description
og:title
og:image
og:url
og:type","Separa una o più pagine PDF in file PDF indipendenti o in un archivio ZIP localmente. Veloce, sicuro e basato al 100% su browser.
Dividi PDF online: estrai le pagine separatamente | Privacy lato client | HandleMyFile
/logo.png
https://handlemyfile.com/
website",0,true,29
21,https://handlemyfile.com/pt/numeros-de-pagina,Adicionar números de página ao PDF - Cabeçalho e rodapé personalizados localmente | HandleMyFile,text/html; charset=utf-8,false,200,0,https://handlemyfile.com/,https://handlemyfile.com/pt/numeros-de-pagina,200,,,true,"og:description
og:title
og:image
og:url
og:type","Adicione facilmente números de página limpos e personalizáveis ​​ao cabeçalho ou rodapé do PDF com controle total de estilo no seu navegador.
Adicionar números de página ao PDF - Cabeçalho e rodapé personalizados localmente | HandleMyFile
/logo.png
https://handlemyfile.com/
website",0,true,29
21,https://handlemyfile.com/ja/pdf-kara-gazo,オンラインで PDF を JPG/PNG 画像に変換 - ページを ZIP に抽出 | HandleMyFile,text/html; charset=utf-8,false,200,0,https://handlemyfile.com/,https://handlemyfile.com/ja/pdf-kara-gazo,200,,,true,"og:description
og:title
og:image
og:url
og:type","PDF ページをローカルで鮮明な PNG/JPG 画像にラスタライズします。個別にダウンロードするか、高速 ZIP アーカイブとしてダウンロードします。
オンラインで PDF を JPG/PNG 画像に変換 - ページを ZIP に抽出 | HandleMyFile
/logo.png
https://handlemyfile.com/
website",0,true,29
21,https://handlemyfile.com/hi/riektt-piiddiieph,Redact PDF - टेक्स्ट और छवियों को सुरक्षित रूप से ब्लैकआउट करें | HandleMyFile,text/html; charset=utf-8,false,200,0,https://handlemyfile.com/,https://handlemyfile.com/hi/riektt-piiddiieph,200,,,true,"og:description
og:title
og:image
og:url
og:type","निजी जानकारी पर रिडक्शन बॉक्स बनाएं। छिपे हुए पाठ को स्थायी रूप से नष्ट करने के लिए संशोधित पृष्ठों को पूरी तरह से व्यवस्थित किया गया है।
Redact PDF - टेक्स्ट और छवियों को सुरक्षित रूप से ब्लैकआउट करें | HandleMyFile
/logo.png
https://handlemyfile.com/
website",0,true,29
21,https://handlemyfile.com/fi/avaa-pdf,Avaa PDF Online - Poista PDF-salasana paikallisesti | HandleMyFile,text/html; charset=utf-8,false,200,0,https://handlemyfile.com/,https://handlemyfile.com/fi/avaa-pdf,200,,,true,"og:description
og:title
og:image
og:url
og:type","Poista salasana ja salaus PDF-tiedostoistasi heti selaimessasi.
Avaa PDF Online - Poista PDF-salasana paikallisesti | HandleMyFile
/logo.png
https://handlemyfile.com/
website",0,true,29
21,https://handlemyfile.com/zh/shan-chu-ye-mian,在线删除 PDF 页面 - 本地从 PDF 删除页面 | HandleMyFile,text/html; charset=utf-8,false,200,0,https://handlemyfile.com/,https://handlemyfile.com/zh/shan-chu-ye-mian,200,,,true,"og:description
og:title
og:image
og:url
og:type","在浏览器中安全地删除 PDF 文件中不需要的页面。
在线删除 PDF 页面 - 本地从 PDF 删除页面 | HandleMyFile
/logo.png
https://handlemyfile.com/
website",0,true,29
21,https://handlemyfile.com/fi/pienenn-pdf-kokoa-offline-tilassa,Reduce PDF Size Offline | HandleMyFile,text/html; charset=utf-8,false,200,0,https://handlemyfile.com/,https://handlemyfile.com/fi/pienenn-pdf-kokoa-offline-tilassa,200,,,true,"og:description
og:title
og:image
og:url
og:type","Reduce the size of your PDF documents offline directly in your browser without any server uploads. 100% secure.
Reduce PDF Size Offline | HandleMyFile
/logo.png
https://handlemyfile.com/
website",0,true,29
21,https://handlemyfile.com/uk/excel-v-pdf,Конвертуйте Excel у PDF онлайн - XLSX і XLS у PDF локально | HandleMyFile,text/html; charset=utf-8,false,200,0,https://handlemyfile.com/,https://handlemyfile.com/uk/excel-v-pdf,200,,,true,"og:description
og:title
og:image
og:url
og:type","Перетворюйте електронні таблиці та фінансові дані в чисті PDF-таблиці, які можна роздрукувати, у вашому браузері.
Конвертуйте Excel у PDF онлайн - XLSX і XLS у PDF локально | HandleMyFile
/logo.png
https://handlemyfile.com/
website",0,true,29
21,https://handlemyfile.com/sv/rotera-pdf,Rotera PDF-sidor online - Vänd PDF 90/180/270 grader lokalt | HandleMyFile,text/html; charset=utf-8,false,200,0,https://handlemyfile.com/,https://handlemyfile.com/sv/rotera-pdf,200,,,true,"og:description
og:title
og:image
og:url
og:type","Rotera enskilda sidor eller alla sidor i ditt PDF-dokument lokalt på några sekunder. Noll uppladdningar krävs.
Rotera PDF-sidor online - Vänd PDF 90/180/270 grader lokalt | HandleMyFile
/logo.png
https://handlemyfile.com/
website",0,true,29
21,https://handlemyfile.com/ms/imbas-ke-pdf,Imbas ke PDF - Jadikan PDF Tidak Boleh Diedit & Rasterize Dalam Talian | HandleMyFile,text/html; charset=utf-8,false,200,0,https://handlemyfile.com/,https://handlemyfile.com/ms/imbas-ke-pdf,200,,,true,"og:description
og:title
og:image
og:url
og:type","Rasterize dokumen PDF anda menjadi imej rata di dalam PDF. Menghalang penyalinan dan pengeditan dengan selamat dalam penyemak imbas anda.
Imbas ke PDF - Jadikan PDF Tidak Boleh Diedit & Rasterize Dalam Talian | HandleMyFile
/logo.png
https://handlemyfile.com/
website",0,true,29
21,https://handlemyfile.com/zh/xuan-zhuan-pdf,在线旋转 PDF 页面 - 在本地将 PDF 旋转 90/180/270 度 | HandleMyFile,text/html; charset=utf-8,false,200,0,https://handlemyfile.com/,https://handlemyfile.com/zh/xuan-zhuan-pdf,200,,,true,"og:description
og:title
og:image
og:url
og:type","只需几秒钟即可在本地旋转 PDF 文档中的单个页面或所有页面。需要零上传。
在线旋转 PDF 页面 - 在本地将 PDF 旋转 90/180/270 度 | HandleMyFile
/logo.png
https://handlemyfile.com/
website",0,true,29
21,https://handlemyfile.com/hu/szkennelt-pdf-sz-vegg-ocr,Convert Scanned PDF to Text | HandleMyFile,text/html; charset=utf-8,false,200,0,https://handlemyfile.com/,https://handlemyfile.com/hu/szkennelt-pdf-sz-vegg-ocr,200,,,true,"og:description
og:title
og:image
og:url
og:type","Turn non-searchable scanned PDFs and images into editable plain text locally using multi-language WebAssembly OCR workers.
Convert Scanned PDF to Text | HandleMyFile
/logo.png
https://handlemyfile.com/
website",0,true,29
21,https://handlemyfile.com/pt/ppt-para-pdf,Converta PowerPoint para PDF - Slides PPTX para PDF localmente | HandleMyFile,text/html; charset=utf-8,false,200,0,https://handlemyfile.com/,https://handlemyfile.com/pt/ppt-para-pdf,200,,,true,"og:description
og:title
og:image
og:url
og:type","Salve slides de apresentação PPTX como documentos PDF universais para fácil compartilhamento e impressão sem uploads do servidor.
Converta PowerPoint para PDF - Slides PPTX para PDF localmente | HandleMyFile
/logo.png
https://handlemyfile.com/
website",0,true,29
21,https://handlemyfile.com/no/vannmerke-pdf,Legg til vannmerke i PDF - Stempel egendefinert tekst eller bilde lokalt | HandleMyFile,text/html; charset=utf-8,false,200,0,https://handlemyfile.com/,https://handlemyfile.com/no/vannmerke-pdf,200,,,true,"og:description
og:title
og:image
og:url
og:type","Beskytt din immaterielle eiendom ved å stemple gjennomsiktig tekst- eller bildevannmerker på tvers av PDF-sidene dine offline.
Legg til vannmerke i PDF - Stempel egendefinert tekst eller bilde lokalt | HandleMyFile
/logo.png
https://handlemyfile.com/
website",0,true,29
21,https://handlemyfile.com/de/pdf-komprimieren,PDF online komprimieren – Dateigröße lokal um 60–90 % reduzieren | HandleMyFile,text/html; charset=utf-8,false,200,0,https://handlemyfile.com/,https://handlemyfile.com/de/pdf-komprimieren,200,,,true,"og:description
og:title
og:image
og:url
og:type","Verkleinern Sie große PDF-Dateien um bis zu 90 % mithilfe adaptiver verlustfreier und DPI-Rasterisierungstechniken direkt in WebAssembly.
PDF online komprimieren – Dateigröße lokal um 60–90 % reduzieren | HandleMyFile
/logo.png
https://handlemyfile.com/
website",0,true,29
21,https://handlemyfile.com/tr/pdf-yi-kirp,PDF'yi Çevrimiçi Kırp - PDF'deki Kenar Boşluklarını Yerel Olarak Kaldır | HandleMyFile,text/html; charset=utf-8,false,200,0,https://handlemyfile.com/,https://handlemyfile.com/tr/pdf-yi-kirp,200,,,true,"og:description
og:title
og:image
og:url
og:type","Tarayıcınızda yerel olarak beyaz kenar boşluklarını kaldırın veya PDF sayfalarını belirli bir boyuta kesin.
PDF'yi Çevrimiçi Kırp - PDF'deki Kenar Boşluklarını Yerel Olarak Kaldır | HandleMyFile
/logo.png
https://handlemyfile.com/
website",0,true,29
21,https://handlemyfile.com/ru/vodyanoy-znak-pdf,Добавление водяного знака в PDF — печать пользовательского текста или изображения локально | HandleMyFile,text/html; charset=utf-8,false,200,0,https://handlemyfile.com/,https://handlemyfile.com/ru/vodyanoy-znak-pdf,200,,,true,"og:description
og:title
og:image
og:url
og:type","Защитите свою интеллектуальную собственность, устанавливая прозрачный текст или графические водяные знаки на страницах PDF в автономном режиме.
Добавление водяного знака в PDF — печать пользовательского текста или изображения локально | HandleMyFile
/logo.png
https://handlemyfile.com/
website",0,true,29
21,https://handlemyfile.com/ms/ubah-saiz-pdf,Saiz semula Halaman PDF - Tukar Saiz Halaman PDF dan Margin | HandleMyFile,text/html; charset=utf-8,false,200,0,https://handlemyfile.com/,https://handlemyfile.com/ms/ubah-saiz-pdf,200,,,true,"og:description
og:title
og:image
og:url
og:type","Ubah saiz halaman PDF anda kepada saiz standard seperti A4 atau Letter, tambah jidar dan tengahkan kandungan anda dengan sempurna.
Saiz semula Halaman PDF - Tukar Saiz Halaman PDF dan Margin | HandleMyFile
/logo.png
https://handlemyfile.com/
website",0,true,29
21,https://handlemyfile.com/sk/cisla-stran,Pridať čísla strán do PDF – vlastná hlavička a päta lokálne | HandleMyFile,text/html; charset=utf-8,false,200,0,https://handlemyfile.com/,https://handlemyfile.com/sk/cisla-stran,200,,,true,"og:description
og:title
og:image
og:url
og:type","Jednoducho pridajte čisté, prispôsobiteľné čísla strán do hlavičky alebo päty PDF pomocou úplného ovládania štýlu vo vašom prehliadači.
Pridať čísla strán do PDF – vlastná hlavička a päta lokálne | HandleMyFile
/logo.png
https://handlemyfile.com/
website",0,true,29
21,https://handlemyfile.com/pt/pdf-para-imagem,Converta PDF em imagens JPG/PNG online - Extraia páginas para ZIP | HandleMyFile,text/html; charset=utf-8,false,200,0,https://handlemyfile.com/,https://handlemyfile.com/pt/pdf-para-imagem,200,,,true,"og:description
og:title
og:image
og:url
og:type","Rasterize páginas PDF em imagens PNG/JPG nítidas localmente. Baixe individualmente ou como um arquivo ZIP de alta velocidade.
Converta PDF em imagens JPG/PNG online - Extraia páginas para ZIP | HandleMyFile
/logo.png
https://handlemyfile.com/
website",0,true,29
21,https://handlemyfile.com/da/roter-pdf,Roter PDF-sider online - Vend PDF 90/180/270 grader lokalt | HandleMyFile,text/html; charset=utf-8,false,200,0,https://handlemyfile.com/,https://handlemyfile.com/da/roter-pdf,200,,,true,"og:description
og:title
og:image
og:url
og:type","Roter individuelle sider eller alle sider i dit PDF-dokument lokalt på få sekunder. Ingen uploads påkrævet.
Roter PDF-sider online - Vend PDF 90/180/270 grader lokalt | HandleMyFile
/logo.png
https://handlemyfile.com/
website",0,true,29
21,https://handlemyfile.com/hu/oldalak-eltavolitasa,PDF-oldalak eltávolítása online – Oldalak törlése a PDF-ből helyileg | HandleMyFile,text/html; charset=utf-8,false,200,0,https://handlemyfile.com/,https://handlemyfile.com/hu/oldalak-eltavolitasa,200,,,true,"og:description
og:title
og:image
og:url
og:type","Törölje biztonságosan a nem kívánt oldalakat PDF-fájljából a böngészőben.
PDF-oldalak eltávolítása online – Oldalak törlése a PDF-ből helyileg | HandleMyFile
/logo.png
https://handlemyfile.com/
website",0,true,29
21,https://handlemyfile.com/fi/ppt-pdf,Muunna PowerPoint PDF-muotoon - PPTX-diat PDF-muotoon paikallisesti | HandleMyFile,text/html; charset=utf-8,false,200,0,https://handlemyfile.com/,https://handlemyfile.com/fi/ppt-pdf,200,,,true,"og:description
og:title
og:image
og:url
og:type","Tallenna PPTX-esitysdiat yleiskäyttöisiksi PDF-dokumenteiksi, jotta voit jakaa ja tulostaa helposti ilman palvelimen latauksia.
Muunna PowerPoint PDF-muotoon - PPTX-diat PDF-muotoon paikallisesti | HandleMyFile
/logo.png
https://handlemyfile.com/
website",0,true,29
21,https://handlemyfile.com/ko/pdfreul-pptro,무료 PDF를 PowerPoint 변환기(.pptx)로 변환 - 업로드 없음 | HandleMyFile,text/html; charset=utf-8,false,200,0,https://handlemyfile.com/,https://handlemyfile.com/ko/pdfreul-pptro,200,,,true,"og:description
og:title
og:image
og:url
og:type","여러 페이지로 구성된 PDF 문서를 브라우저 RAM 내에서 충실도가 높은 편집 가능한 PowerPoint(.pptx) 슬라이드로 변환하세요.
무료 PDF를 PowerPoint 변환기(.pptx)로 변환 - 업로드 없음 | HandleMyFile
/logo.png
https://handlemyfile.com/
website",0,true,29
21,https://handlemyfile.com/pl/chron-plik-pdf,Chroń plik PDF online — chroń plik PDF hasłem lokalnie | HandleMyFile,text/html; charset=utf-8,false,200,0,https://handlemyfile.com/,https://handlemyfile.com/pl/chron-plik-pdf,200,,,true,"og:description
og:title
og:image
og:url
og:type","Zabezpiecz swoje pliki PDF za pomocą szyfrowania AES-256 i ochrony hasłem lokalnie w przeglądarce.
Chroń plik PDF online — chroń plik PDF hasłem lokalnie | HandleMyFile
/logo.png
https://handlemyfile.com/
website",0,true,29
21,https://handlemyfile.com/ja/pdf-bunkatsu,オンラインで PDF を分割 - ページを個別に抽出 |クライアント側のプライバシー | HandleMyFile,text/html; charset=utf-8,false,200,0,https://handlemyfile.com/,https://handlemyfile.com/ja/pdf-bunkatsu,200,,,true,"og:description
og:title
og:image
og:url
og:type","1 つ以上の PDF ページを独立した PDF ファイルまたはローカルの ZIP アーカイブに分割します。高速、安全、100% ブラウザベース。
オンラインで PDF を分割 - ページを個別に抽出 |クライアント側のプライバシー | HandleMyFile
/logo.png
https://handlemyfile.com/
website",0,true,29
21,https://handlemyfile.com/fi/suojaa-pdf,Suojaa PDF Online - Salasana Suojaa PDF paikallisesti | HandleMyFile,text/html; charset=utf-8,false,200,0,https://handlemyfile.com/,https://handlemyfile.com/fi/suojaa-pdf,200,,,true,"og:description
og:title
og:image
og:url
og:type","Suojaa PDF-tiedostosi AES-256-salauksella ja salasanasuojauksella paikallisesti selaimessasi.
Suojaa PDF Online - Salasana Suojaa PDF paikallisesti | HandleMyFile
/logo.png
https://handlemyfile.com/
website",0,true,29
21,https://handlemyfile.com/no/roter-pdf,Roter PDF-sider på nett - Snu PDF 90/180/270 grader lokalt | HandleMyFile,text/html; charset=utf-8,false,200,0,https://handlemyfile.com/,https://handlemyfile.com/no/roter-pdf,200,,,true,"og:description
og:title
og:image
og:url
og:type","Roter individuelle sider eller alle sider i PDF-dokumentet ditt lokalt på sekunder. Null opplastinger kreves.
Roter PDF-sider på nett - Snu PDF 90/180/270 grader lokalt | HandleMyFile
/logo.png
https://handlemyfile.com/
website",0,true,29
21,https://handlemyfile.com/sv/signera-pdf,Signera PDF Online - Lägg till elektronisk signatur till PDF | HandleMyFile,text/html; charset=utf-8,false,200,0,https://handlemyfile.com/,https://handlemyfile.com/sv/signera-pdf,200,,,true,"og:description
og:title
og:image
og:url
og:type","Rita, ladda upp eller generera en elektronisk signatur och lägg till den i din PDF.
Signera PDF Online - Lägg till elektronisk signatur till PDF | HandleMyFile
/logo.png
https://handlemyfile.com/
website",0,true,29
21,https://handlemyfile.com/ro/imagine-in-pdf,Conversia JPG și PNG în PDF online - Imagini în PDF local | HandleMyFile,text/html; charset=utf-8,false,200,0,https://handlemyfile.com/,https://handlemyfile.com/ro/imagine-in-pdf,200,,,true,"og:description
og:title
og:image
og:url
og:type","Combinați fotografii, capturi de ecran sau imagini PNG/JPG într-un singur document PDF curat la nivel local, fără a fi încărcat.
Conversia JPG și PNG în PDF online - Imagini în PDF local | HandleMyFile
/logo.png
https://handlemyfile.com/
website",0,true,29
21,https://handlemyfile.com/da/aendr-storrelse-pa-pdf,Ændre størrelse på PDF-sider - Skift PDF-sidestørrelse og -margener | HandleMyFile,text/html; charset=utf-8,false,200,0,https://handlemyfile.com/,https://handlemyfile.com/da/aendr-storrelse-pa-pdf,200,,,true,"og:description
og:title
og:image
og:url
og:type","Tilpas størrelsen på dine PDF-sider til standardstørrelser som A4 eller Letter, tilføj margener og centrer dit indhold perfekt.
Ændre størrelse på PDF-sider - Skift PDF-sidestørrelse og -margener | HandleMyFile
/logo.png
https://handlemyfile.com/
website",0,true,29
21,https://handlemyfile.com/ro/reordona-i-paginile-pdf-prin-glisare-i-plasare,Reorder PDF Pages Drag and Drop Free | HandleMyFile,text/html; charset=utf-8,false,200,0,https://handlemyfile.com/,https://handlemyfile.com/ro/reordona-i-paginile-pdf-prin-glisare-i-plasare,200,,,true,"og:description
og:title
og:image
og:url
og:type","Organize and reorder pages in your PDF document visually by dragging and dropping thumbnails. 100% free and local.
Reorder PDF Pages Drag and Drop Free | HandleMyFile
/logo.png
https://handlemyfile.com/
website",0,true,29
21,https://handlemyfile.com/it/pdf-ocr,OCR browser gratuito: estrae testo da PDF e immagini scansionati | HandleMyFile,text/html; charset=utf-8,false,200,0,https://handlemyfile.com/,https://handlemyfile.com/it/pdf-ocr,200,,,true,"og:description
og:title
og:image
og:url
og:type","Trasforma PDF e immagini scansionati non ricercabili in testo semplice modificabile localmente utilizzando gli operatori OCR WebAssembly multilingue.
OCR browser gratuito: estrae testo da PDF e immagini scansionati | HandleMyFile
/logo.png
https://handlemyfile.com/
website",0,true,29
21,https://handlemyfile.com/zh/wen-zi-shi-bie-pdf,免费浏览器 OCR - 从扫描的 PDF 和图像中提取文本 | HandleMyFile,text/html; charset=utf-8,false,200,0,https://handlemyfile.com/,https://handlemyfile.com/zh/wen-zi-shi-bie-pdf,200,,,true,"og:description
og:title
og:image
og:url
og:type","使用多语言 WebAssembly OCR 工作人员将不可搜索的扫描 PDF 和图像在本地转换为可编辑的纯文本。
免费浏览器 OCR - 从扫描的 PDF 和图像中提取文本 | HandleMyFile
/logo.png
https://handlemyfile.com/
website",0,true,29
21,https://handlemyfile.com/fi/jarjesta-pdf,Järjestä PDF Online - Lisää sivuja PDF-tiedostoon paikallisesti | HandleMyFile,text/html; charset=utf-8,false,200,0,https://handlemyfile.com/,https://handlemyfile.com/fi/jarjesta-pdf,200,,,true,"og:description
og:title
og:image
og:url
og:type","Lisää toinen PDF-tiedosto tiettyyn sivuhakemistoon turvallisesti selaimesi sisään.
Järjestä PDF Online - Lisää sivuja PDF-tiedostoon paikallisesti | HandleMyFile
/logo.png
https://handlemyfile.com/
website",0,true,29
21,https://handlemyfile.com/cs/odebrat-stranky,Odebrat stránky PDF online – odstranit stránky z PDF lokálně | HandleMyFile,text/html; charset=utf-8,false,200,0,https://handlemyfile.com/,https://handlemyfile.com/cs/odebrat-stranky,200,,,true,"og:description
og:title
og:image
og:url
og:type","Odstraňte nechtěné stránky ze souboru PDF bezpečně v prohlížeči.
Odebrat stránky PDF online – odstranit stránky z PDF lokálně | HandleMyFile
/logo.png
https://handlemyfile.com/
website",0,true,29
21,https://handlemyfile.com/ms/buka-kunci-pdf,Buka kunci PDF Dalam Talian - Alih Keluar Kata Laluan PDF Secara Setempat | HandleMyFile,text/html; charset=utf-8,false,200,0,https://handlemyfile.com/,https://handlemyfile.com/ms/buka-kunci-pdf,200,,,true,"og:description
og:title
og:image
og:url
og:type","Alih keluar kata laluan dan penyulitan daripada fail PDF anda serta-merta dalam penyemak imbas anda.
Buka kunci PDF Dalam Talian - Alih Keluar Kata Laluan PDF Secara Setempat | HandleMyFile
/logo.png
https://handlemyfile.com/
website",0,true,29
21,https://handlemyfile.com/tr/pdf-den-goruntuye,PDF'yi Çevrimiçi Olarak JPG/PNG Görüntülerine Dönüştürün - Sayfaları ZIP'e Çıkarın | HandleMyFile,text/html; charset=utf-8,false,200,0,https://handlemyfile.com/,https://handlemyfile.com/tr/pdf-den-goruntuye,200,,,true,"og:description
og:title
og:image
og:url
og:type","PDF sayfalarını yerel olarak kristal netliğinde PNG/JPG görüntülere dönüştürün. Tek tek veya yüksek hızlı ZIP arşivi olarak indirin.
PDF'yi Çevrimiçi Olarak JPG/PNG Görüntülerine Dönüştürün - Sayfaları ZIP'e Çıkarın | HandleMyFile
/logo.png
https://handlemyfile.com/
website",0,true,29
21,https://handlemyfile.com/pl/pdf-ocr,Darmowy OCR w przeglądarce — wyodrębnij tekst ze zeskanowanych plików PDF i obrazów | HandleMyFile,text/html; charset=utf-8,false,200,0,https://handlemyfile.com/,https://handlemyfile.com/pl/pdf-ocr,200,,,true,"og:description
og:title
og:image
og:url
og:type","Zamień nieprzeszukiwalne, zeskanowane pliki PDF i obrazy na lokalnie edytowalny zwykły tekst, korzystając z wielojęzycznych modułów roboczych OCR WebAssembly.
Darmowy OCR w przeglądarce — wyodrębnij tekst ze zeskanowanych plików PDF i obrazów | HandleMyFile
/logo.png
https://handlemyfile.com/
website",0,true,29
21,https://handlemyfile.com/hi/saain-piiddiieph,पीडीएफ पर ऑनलाइन हस्ताक्षर करें - पीडीएफ में इलेक्ट्रॉनिक हस्ताक्षर जोड़ें | HandleMyFile,text/html; charset=utf-8,false,200,0,https://handlemyfile.com/,https://handlemyfile.com/hi/saain-piiddiieph,200,,,true,"og:description
og:title
og:image
og:url
og:type","इलेक्ट्रॉनिक हस्ताक्षर बनाएं, अपलोड करें या जनरेट करें और इसे अपने पीडीएफ में जोड़ें।
पीडीएफ पर ऑनलाइन हस्ताक्षर करें - पीडीएफ में इलेक्ट्रॉनिक हस्ताक्षर जोड़ें | HandleMyFile
/logo.png
https://handlemyfile.com/
website",0,true,29
21,https://handlemyfile.com/el/klimaka-toy-gkri-pdf,Μετατροπή PDF σε κλίμακα του γκρι - Ασπρόμαυρο PDF Online | HandleMyFile,text/html; charset=utf-8,false,200,0,https://handlemyfile.com/,https://handlemyfile.com/el/klimaka-toy-gkri-pdf,200,,,true,"og:description
og:title
og:image
og:url
og:type","Μετατρέψτε έγχρωμα έγγραφα PDF σε κλίμακα του γκρι αμέσως στο πρόγραμμα περιήγησής σας για εξοικονόμηση μελάνης εκτύπωσης.
Μετατροπή PDF σε κλίμακα του γκρι - Ασπρόμαυρο PDF Online | HandleMyFile
/logo.png
https://handlemyfile.com/
website",0,true,29
21,https://handlemyfile.com/de/pdf-umkehren,PDF-Seiten umkehren – PDF-Seitenreihenfolge rückwärts ändern | HandleMyFile,text/html; charset=utf-8,false,200,0,https://handlemyfile.com/,https://handlemyfile.com/de/pdf-umkehren,200,,,true,"og:description
og:title
og:image
og:url
og:type","Kehren Sie die Reihenfolge der Seiten in Ihrem PDF-Dokument sofort und sicher in Ihrem Browser von der letzten zur ersten Seite um.
PDF-Seiten umkehren – PDF-Seitenreihenfolge rückwärts ändern | HandleMyFile
/logo.png
https://handlemyfile.com/
website",0,true,29
21,https://handlemyfile.com/el/allagi-megethoys-pdf,Αλλαγή μεγέθους σελίδων PDF - Αλλαγή μεγέθους σελίδας PDF και περιθωρίων | HandleMyFile,text/html; charset=utf-8,false,200,0,https://handlemyfile.com/,https://handlemyfile.com/el/allagi-megethoys-pdf,200,,,true,"og:description
og:title
og:image
og:url
og:type","Αλλάξτε το μέγεθος των σελίδων PDF σας σε τυπικά μεγέθη όπως A4 ή Letter, προσθέστε περιθώρια και κεντράρετε τέλεια το περιεχόμενό σας.
Αλλαγή μεγέθους σελίδων PDF - Αλλαγή μεγέθους σελίδας PDF και περιθωρίων | HandleMyFile
/logo.png
https://handlemyfile.com/
website",0,true,29
21,https://handlemyfile.com/pdf-to-ppt,Free PDF to PowerPoint Converter (.pptx) - Zero Uploads | HandleMyFile,text/html; charset=utf-8,false,200,0,https://handlemyfile.com/,https://handlemyfile.com/pdf-to-ppt,200,,,true,"og:description
og:title
og:image
og:url
og:type","Turn your multi-page PDF documents into editable PowerPoint (.pptx) slides with high fidelity inside browser RAM.
Free PDF to PowerPoint Converter (.pptx) - Zero Uploads | HandleMyFile
/logo.png
https://handlemyfile.com/
website",0,true,58
21,https://handlemyfile.com/th/lngchuue-pdf,ลงนาม PDF ออนไลน์ - เพิ่มลายเซ็นอิเล็กทรอนิกส์ลงใน PDF | HandleMyFile,text/html; charset=utf-8,false,200,0,https://handlemyfile.com/,https://handlemyfile.com/th/lngchuue-pdf,200,,,true,"og:description
og:title
og:image
og:url
og:type","วาด อัปโหลด หรือสร้างลายเซ็นอิเล็กทรอนิกส์และเพิ่มลงใน PDF ของคุณ
ลงนาม PDF ออนไลน์ - เพิ่มลายเซ็นอิเล็กทรอนิกส์ลงใน PDF | HandleMyFile
/logo.png
https://handlemyfile.com/
website",0,true,29
21,https://handlemyfile.com/fr/r-duire-la-taille-du-pdf-hors-ligne,Reduce PDF Size Offline | HandleMyFile,text/html; charset=utf-8,false,200,0,https://handlemyfile.com/,https://handlemyfile.com/fr/r-duire-la-taille-du-pdf-hors-ligne,200,,,true,"og:description
og:title
og:image
og:url
og:type","Reduce the size of your PDF documents offline directly in your browser without any server uploads. 100% secure.
Reduce PDF Size Offline | HandleMyFile
/logo.png
https://handlemyfile.com/
website",0,true,29
21,https://handlemyfile.com/pt/redimensionar-pdf,Redimensionar páginas PDF - Alterar tamanho e margens da página PDF | HandleMyFile,text/html; charset=utf-8,false,200,0,https://handlemyfile.com/,https://handlemyfile.com/pt/redimensionar-pdf,200,,,true,"og:description
og:title
og:image
og:url
og:type","Redimensione suas páginas PDF para tamanhos padrão como A4 ou Carta, adicione margens e centralize perfeitamente seu conteúdo.
Redimensionar páginas PDF - Alterar tamanho e margens da página PDF | HandleMyFile
/logo.png
https://handlemyfile.com/
website",0,true,29
21,https://handlemyfile.com/ja/csv-kara-excel,無料の CSV から Excel コンバーター (.xlsx) - インスタント ブラウザ エンジン | HandleMyFile,text/html; charset=utf-8,false,200,0,https://handlemyfile.com/,https://handlemyfile.com/ja/csv-kara-excel,200,,,true,"og:description
og:title
og:image
og:url
og:type","生の CSV ファイルを、オフラインでのマルチシートのサポートとゼロのデータ損失を備えた、適切にフォーマットされた Excel スプレッドシートに変換します。
無料の CSV から Excel コンバーター (.xlsx) - インスタント ブラウザ エンジン | HandleMyFile
/logo.png
https://handlemyfile.com/
website",0,true,29
21,https://handlemyfile.com/zh/fen-ge-pdf,在线拆分 PDF - 单独提取页面 |客户端隐私 | HandleMyFile,text/html; charset=utf-8,false,200,0,https://handlemyfile.com/,https://handlemyfile.com/zh/fen-ge-pdf,200,,,true,"og:description
og:title
og:image
og:url
og:type","将一个或多个 PDF 页面分离为独立的 PDF 文件或本地 ZIP 存档。快速、安全且 100% 基于浏览器。
在线拆分 PDF - 单独提取页面 |客户端隐私 | HandleMyFile
/logo.png
https://handlemyfile.com/
website",0,true,29
21,https://handlemyfile.com/ja/excel-kara-pdf,オンラインで Excel を PDF に変換 - XLSX および XLS をローカルで PDF に | HandleMyFile,text/html; charset=utf-8,false,200,0,https://handlemyfile.com/,https://handlemyfile.com/ja/excel-kara-pdf,200,,,true,"og:description
og:title
og:image
og:url
og:type","スプレッドシートと財務データを、ブラウザーでオフラインで印刷可能なクリーンな PDF テーブルに変換します。
オンラインで Excel を PDF に変換 - XLSX および XLS をローカルで PDF に | HandleMyFile
/logo.png
https://handlemyfile.com/
website",0,true,29
21,https://handlemyfile.com/ko/imijireul-pdfro,온라인에서 JPG 및 PNG를 PDF로 변환 - 이미지를 로컬에서 PDF로 변환 | HandleMyFile,text/html; charset=utf-8,false,200,0,https://handlemyfile.com/,https://handlemyfile.com/ko/imijireul-pdfro,200,,,true,"og:description
og:title
og:image
og:url
og:type","업로드하지 않고도 로컬에서 사진, 스크린샷 또는 PNG/JPG 이미지를 하나의 깨끗한 PDF 문서로 결합할 수 있습니다.
온라인에서 JPG 및 PNG를 PDF로 변환 - 이미지를 로컬에서 PDF로 변환 | HandleMyFile
/logo.png
https://handlemyfile.com/
website",0,true,29
21,https://handlemyfile.com/ja/reduce-pdf-size-offline,Reduce PDF Size Offline | HandleMyFile,text/html; charset=utf-8,false,200,0,https://handlemyfile.com/,https://handlemyfile.com/ja/reduce-pdf-size-offline,200,,,true,"og:description
og:title
og:image
og:url
og:type","Reduce the size of your PDF documents offline directly in your browser without any server uploads. 100% secure.
Reduce PDF Size Offline | HandleMyFile
/logo.png
https://handlemyfile.com/
website",0,true,29
21,https://handlemyfile.com/zh/txt-zhuan-pdf,在线将 TXT 转换为 PDF - 纯文本到 PDF 文档 | HandleMyFile,text/html; charset=utf-8,false,200,0,https://handlemyfile.com/,https://handlemyfile.com/zh/txt-zhuan-pdf,200,,,true,"og:description
og:title
og:image
og:url
og:type","在浏览器中立即快速将纯文本文件或代码日志转换为结构良好、可读的 PDF 文档。
在线将 TXT 转换为 PDF - 纯文本到 PDF 文档 | HandleMyFile
/logo.png
https://handlemyfile.com/
website",0,true,29
21,https://handlemyfile.com/no/sammenlign-pdf,Sammenlign PDF - Finn forskjeller mellom to PDF-er | HandleMyFile,text/html; charset=utf-8,false,200,0,https://handlemyfile.com/,https://handlemyfile.com/no/sammenlign-pdf,200,,,true,"og:description
og:title
og:image
og:url
og:type","Last opp to PDF-filer og fremhev de visuelle forskjellene mellom dem piksel for piksel lokalt.
Sammenlign PDF - Finn forskjeller mellom to PDF-er | HandleMyFile
/logo.png
https://handlemyfile.com/
website",0,true,29
21,https://handlemyfile.com/watermark-pdf,Add Watermark to PDF - Stamp Custom Text or Image Locally | HandleMyFile,text/html; charset=utf-8,false,200,0,https://handlemyfile.com/,https://handlemyfile.com/watermark-pdf,200,,,true,"og:description
og:title
og:image
og:url
og:type","Protect your intellectual property by stamping transparent text or image watermarks across your PDF pages offline.
Add Watermark to PDF - Stamp Custom Text or Image Locally | HandleMyFile
/logo.png
https://handlemyfile.com/
website",0,true,58
21,https://handlemyfile.com/da/fjern-sider,Fjern PDF-sider online - Slet sider fra PDF lokalt | HandleMyFile,text/html; charset=utf-8,false,200,0,https://handlemyfile.com/,https://handlemyfile.com/da/fjern-sider,200,,,true,"og:description
og:title
og:image
og:url
og:type","Slet uønskede sider fra din PDF-fil sikkert i din browser.
Fjern PDF-sider online - Slet sider fra PDF lokalt | HandleMyFile
/logo.png
https://handlemyfile.com/
website",0,true,29
21,https://handlemyfile.com/th/epriiybethiiyb-pdf,เปรียบเทียบ PDF - ค้นหาความแตกต่างระหว่างสอง PDF | HandleMyFile,text/html; charset=utf-8,false,200,0,https://handlemyfile.com/,https://handlemyfile.com/th/epriiybethiiyb-pdf,200,,,true,"og:description
og:title
og:image
og:url
og:type","อัปโหลดไฟล์ PDF สองไฟล์และเน้นความแตกต่างทางภาพระหว่างไฟล์เหล่านั้นแบบพิกเซลต่อพิกเซลในเครื่อง
เปรียบเทียบ PDF - ค้นหาความแตกต่างระหว่างสอง PDF | HandleMyFile
/logo.png
https://handlemyfile.com/
website",0,true,29
21,https://handlemyfile.com/ms/lindungi-pdf,Lindungi PDF Dalam Talian - Kata Laluan Lindungi PDF Setempat | HandleMyFile,text/html; charset=utf-8,false,200,0,https://handlemyfile.com/,https://handlemyfile.com/ms/lindungi-pdf,200,,,true,"og:description
og:title
og:image
og:url
og:type","Lindungi fail PDF anda dengan penyulitan AES-256 dan perlindungan kata laluan secara setempat dalam penyemak imbas anda.
Lindungi PDF Dalam Talian - Kata Laluan Lindungi PDF Setempat | HandleMyFile
/logo.png
https://handlemyfile.com/
website",0,true,29
21,https://handlemyfile.com/ro/protejati-pdf,Protejați PDF online - Protejați PDF cu parolă local | HandleMyFile,text/html; charset=utf-8,false,200,0,https://handlemyfile.com/,https://handlemyfile.com/ro/protejati-pdf,200,,,true,"og:description
og:title
og:image
og:url
og:type","Securizează fișierele PDF cu criptarea AES-256 și protecția cu parolă local în browser.
Protejați PDF online - Protejați PDF cu parolă local | HandleMyFile
/logo.png
https://handlemyfile.com/
website",0,true,29
21,https://handlemyfile.com/da/komprimer-pdf,Komprimer PDF online - Reducer filstørrelsen med 60-90 % lokalt | HandleMyFile,text/html; charset=utf-8,false,200,0,https://handlemyfile.com/,https://handlemyfile.com/da/komprimer-pdf,200,,,true,"og:description
og:title
og:image
og:url
og:type","Formindsk store PDF-filer op til 90 % ved hjælp af adaptive tabsfri og DPI-rasteriseringsteknikker direkte i WebAssembly.
Komprimer PDF online - Reducer filstørrelsen med 60-90 % lokalt | HandleMyFile
/logo.png
https://handlemyfile.com/
website",0,true,29
21,https://handlemyfile.com/el/ppt-se-pdf,Μετατροπή PowerPoint σε PDF - Διαφάνειες PPTX σε PDF Τοπικά | HandleMyFile,text/html; charset=utf-8,false,200,0,https://handlemyfile.com/,https://handlemyfile.com/el/ppt-se-pdf,200,,,true,"og:description
og:title
og:image
og:url
og:type","Αποθηκεύστε τις διαφάνειες παρουσίασης PPTX ως καθολικά έγγραφα PDF για εύκολη κοινή χρήση και εκτύπωση χωρίς μεταφορτώσεις διακομιστή.
Μετατροπή PowerPoint σε PDF - Διαφάνειες PPTX σε PDF Τοπικά | HandleMyFile
/logo.png
https://handlemyfile.com/
website",0,true,29
21,https://handlemyfile.com/ro/excel-in-csv,Convertor gratuit Excel în CSV (.xlsx în .csv) - Încărcări zero | HandleMyFile,text/html; charset=utf-8,false,200,0,https://handlemyfile.com/,https://handlemyfile.com/ro/excel-in-csv,200,,,true,"og:description
og:title
og:image
og:url
og:type","Exportați rapid datele din foile de calcul Microsoft Excel (.xlsx, .xls) în format CSV universal în întregime în browser.
Convertor gratuit Excel în CSV (.xlsx în .csv) - Încărcări zero | HandleMyFile
/logo.png
https://handlemyfile.com/
website",0,true,29
21,https://handlemyfile.com/pt/excel-para-pdf,Converta Excel para PDF Online - XLSX e XLS para PDF localmente | HandleMyFile,text/html; charset=utf-8,false,200,0,https://handlemyfile.com/,https://handlemyfile.com/pt/excel-para-pdf,200,,,true,"og:description
og:title
og:image
og:url
og:type","Transforme planilhas e dados financeiros em tabelas PDF limpas e imprimíveis off-line em seu navegador.
Converta Excel para PDF Online - XLSX e XLS para PDF localmente | HandleMyFile
/logo.png
https://handlemyfile.com/
website",0,true,29
21,https://handlemyfile.com/da/txt-til-pdf,Konverter TXT til PDF online - almindelig tekst til PDF-dokument | HandleMyFile,text/html; charset=utf-8,false,200,0,https://handlemyfile.com/,https://handlemyfile.com/da/txt-til-pdf,200,,,true,"og:description
og:title
og:image
og:url
og:type","Gør hurtigt almindelige tekstfiler eller kodelogfiler til velstrukturerede, læsbare PDF-dokumenter med det samme i din browser.
Konverter TXT til PDF online - almindelig tekst til PDF-dokument | HandleMyFile
/logo.png
https://handlemyfile.com/
website",0,true,29
21,https://handlemyfile.com/ar/laalm-lmy-y-pdf,إضافة علامة مائية إلى PDF - ختم النص أو الصورة المخصصة محليًا | HandleMyFile,text/html; charset=utf-8,false,200,0,https://handlemyfile.com/,https://handlemyfile.com/ar/laalm-lmy-y-pdf,200,,,true,"og:description
og:title
og:image
og:url
og:type","قم بحماية الملكية الفكرية الخاصة بك عن طريق وضع علامات مائية نصية أو صورية شفافة على صفحات PDF الخاصة بك دون الاتصال بالإنترنت.
إضافة علامة مائية إلى PDF - ختم النص أو الصورة المخصصة محليًا | HandleMyFile
/logo.png
https://handlemyfile.com/
website",0,true,29
21,https://handlemyfile.com/de/ocr-pdf,Kostenlose Browser-OCR – Text aus gescannten PDFs und Bildern extrahieren | HandleMyFile,text/html; charset=utf-8,false,200,0,https://handlemyfile.com/,https://handlemyfile.com/de/ocr-pdf,200,,,true,"og:description
og:title
og:image
og:url
og:type","Wandeln Sie nicht durchsuchbare gescannte PDFs und Bilder mit mehrsprachigen WebAssembly-OCR-Workern lokal in bearbeitbaren Klartext um.
Kostenlose Browser-OCR – Text aus gescannten PDFs und Bildern extrahieren | HandleMyFile
/logo.png
https://handlemyfile.com/
website",0,true,29
21,https://handlemyfile.com/uk/reorder-pdf-pages-drag-and-drop,Reorder PDF Pages Drag and Drop Free | HandleMyFile,text/html; charset=utf-8,false,200,0,https://handlemyfile.com/,https://handlemyfile.com/uk/reorder-pdf-pages-drag-and-drop,200,,,true,"og:description
og:title
og:image
og:url
og:type","Organize and reorder pages in your PDF document visually by dragging and dropping thumbnails. 100% free and local.
Reorder PDF Pages Drag and Drop Free | HandleMyFile
/logo.png
https://handlemyfile.com/
website",0,true,29
21,https://handlemyfile.com/it/ridimensiona-pdf,Ridimensiona le pagine PDF: modifica le dimensioni e i margini della pagina PDF | HandleMyFile,text/html; charset=utf-8,false,200,0,https://handlemyfile.com/,https://handlemyfile.com/it/ridimensiona-pdf,200,,,true,"og:description
og:title
og:image
og:url
og:type","Ridimensiona le tue pagine PDF in dimensioni standard come A4 o Lettera, aggiungi margini e centra perfettamente i tuoi contenuti.
Ridimensiona le pagine PDF: modifica le dimensioni e i margini della pagina PDF | HandleMyFile
/logo.png
https://handlemyfile.com/
website",0,true,29
21,https://handlemyfile.com/fi/jaa-pdf,Split PDF Online - Pura sivut erikseen | Asiakaspuolen tietosuoja | HandleMyFile,text/html; charset=utf-8,false,200,0,https://handlemyfile.com/,https://handlemyfile.com/fi/jaa-pdf,200,,,true,"og:description
og:title
og:image
og:url
og:type","Erottele yksi tai useampi PDF-sivu itsenäisiksi PDF-tiedostoiksi tai paikallisesti ZIP-arkistoon. Nopea, turvallinen ja 100 % selainpohjainen.
Split PDF Online - Pura sivut erikseen | Asiakaspuolen tietosuoja | HandleMyFile
/logo.png
https://handlemyfile.com/
website",0,true,29
21,https://handlemyfile.com/el/reorder-pdf-pages-drag-and-drop,Reorder PDF Pages Drag and Drop Free | HandleMyFile,text/html; charset=utf-8,false,200,0,https://handlemyfile.com/,https://handlemyfile.com/el/reorder-pdf-pages-drag-and-drop,200,,,true,"og:description
og:title
og:image
og:url
og:type","Organize and reorder pages in your PDF document visually by dragging and dropping thumbnails. 100% free and local.
Reorder PDF Pages Drag and Drop Free | HandleMyFile
/logo.png
https://handlemyfile.com/
website",0,true,29
21,https://handlemyfile.com/th/p-ngkan-pdf,ป้องกัน PDF ออนไลน์ - รหัสผ่านป้องกัน PDF ในเครื่อง | HandleMyFile,text/html; charset=utf-8,false,200,0,https://handlemyfile.com/,https://handlemyfile.com/th/p-ngkan-pdf,200,,,true,"og:description
og:title
og:image
og:url
og:type","รักษาความปลอดภัยไฟล์ PDF ของคุณด้วยการเข้ารหัส AES-256 และการป้องกันด้วยรหัสผ่านภายในเบราว์เซอร์ของคุณ
ป้องกัน PDF ออนไลน์ - รหัสผ่านป้องกัน PDF ในเครื่อง | HandleMyFile
/logo.png
https://handlemyfile.com/
website",0,true,29
21,https://handlemyfile.com/ja/ppt-kara-pdf,PowerPoint を PDF に変換 - PPTX スライドをローカルで PDF に | HandleMyFile,text/html; charset=utf-8,false,200,0,https://handlemyfile.com/,https://handlemyfile.com/ja/ppt-kara-pdf,200,,,true,"og:description
og:title
og:image
og:url
og:type","PPTX プレゼンテーション スライドをユニバーサル PDF ドキュメントとして保存すると、サーバーにアップロードせずに簡単に共有したり印刷したりできます。
PowerPoint を PDF に変換 - PPTX スライドをローカルで PDF に | HandleMyFile
/logo.png
https://handlemyfile.com/
website",0,true,29
21,https://handlemyfile.com/no/fjern-sider,Fjern PDF-sider på nettet - Slett sider fra PDF lokalt | HandleMyFile,text/html; charset=utf-8,false,200,0,https://handlemyfile.com/,https://handlemyfile.com/no/fjern-sider,200,,,true,"og:description
og:title
og:image
og:url
og:type","Slett uønskede sider fra PDF-filen din trygt i nettleseren din.
Fjern PDF-sider på nettet - Slett sider fra PDF lokalt | HandleMyFile
/logo.png
https://handlemyfile.com/
website",0,true,29
21,https://handlemyfile.com/el/sarosi-se-pdf,Σάρωση σε PDF - Κάντε το PDF μη επεξεργάσιμο & Rasterize Online | HandleMyFile,text/html; charset=utf-8,false,200,0,https://handlemyfile.com/,https://handlemyfile.com/el/sarosi-se-pdf,200,,,true,"og:description
og:title
og:image
og:url
og:type","Ραστεροποιήστε τα έγγραφά σας PDF σε επίπεδες εικόνες μέσα σε ένα PDF. Αποτρέπει την ασφαλή αντιγραφή και επεξεργασία στο πρόγραμμα περιήγησής σας.
Σάρωση σε PDF - Κάντε το PDF μη επεξεργάσιμο & Rasterize Online | HandleMyFile
/logo.png
https://handlemyfile.com/
website",0,true,29
21,https://handlemyfile.com/pl/zmien-rozmiar-pliku-pdf,Zmień rozmiar stron PDF — zmień rozmiar i marginesy strony PDF | HandleMyFile,text/html; charset=utf-8,false,200,0,https://handlemyfile.com/,https://handlemyfile.com/pl/zmien-rozmiar-pliku-pdf,200,,,true,"og:description
og:title
og:image
og:url
og:type","Zmień rozmiar stron PDF do standardowych rozmiarów, takich jak A4 lub Letter, dodaj marginesy i idealnie wyśrodkuj treść.
Zmień rozmiar stron PDF — zmień rozmiar i marginesy strony PDF | HandleMyFile
/logo.png
https://handlemyfile.com/
website",0,true,29
21,https://handlemyfile.com/it/sblocca-pdf,Sblocca PDF online - Rimuovi la password PDF localmente | HandleMyFile,text/html; charset=utf-8,false,200,0,https://handlemyfile.com/,https://handlemyfile.com/it/sblocca-pdf,200,,,true,"og:description
og:title
og:image
og:url
og:type","Rimuovi immediatamente la password e la crittografia dai tuoi file PDF nel tuo browser.
Sblocca PDF online - Rimuovi la password PDF localmente | HandleMyFile
/logo.png
https://handlemyfile.com/
website",0,true,29
21,https://handlemyfile.com/ar/pdf-word,Free PDF to Word Converter (.docx) Without Losing Formatting | HandleMyFile,text/html; charset=utf-8,false,200,0,https://handlemyfile.com/,https://handlemyfile.com/ar/pdf-word,200,,,true,"og:description
og:title
og:image
og:url
og:type","Extract exact text, layout runs, and paragraphs from any PDF into a clean Microsoft Word (.docx) file directly inside browser memory.
Free PDF to Word Converter (.docx) Without Losing Formatting | HandleMyFile
/logo.png
https://handlemyfile.com/
website",0,true,29
21,https://handlemyfile.com/ru/izvlech-izobrazheniya,Извлечение изображений из PDF — сохранение всех изображений из PDF | HandleMyFile,text/html; charset=utf-8,false,200,0,https://handlemyfile.com/,https://handlemyfile.com/ru/izvlech-izobrazheniya,200,,,true,"og:description
og:title
og:image
og:url
og:type","Мгновенно сканируйте PDF-файл и локально извлекайте все встроенные изображения в высококачественные файлы JPG/PNG.
Извлечение изображений из PDF — сохранение всех изображений из PDF | HandleMyFile
/logo.png
https://handlemyfile.com/
website",0,true,29
21,https://handlemyfile.com/vi/mo-khoa-pdf,Mở khóa PDF trực tuyến - Xóa mật khẩu PDF cục bộ | HandleMyFile,text/html; charset=utf-8,false,200,0,https://handlemyfile.com/,https://handlemyfile.com/vi/mo-khoa-pdf,200,,,true,"og:description
og:title
og:image
og:url
og:type","Xóa mật khẩu và mã hóa khỏi tệp PDF ngay trong trình duyệt của bạn.
Mở khóa PDF trực tuyến - Xóa mật khẩu PDF cục bộ | HandleMyFile
/logo.png
https://handlemyfile.com/
website",0,true,29
21,https://handlemyfile.com/he/rykt-pdf,עריכת PDF - הסרה מאובטחת של טקסט ותמונות | HandleMyFile,text/html; charset=utf-8,false,200,0,https://handlemyfile.com/,https://handlemyfile.com/he/rykt-pdf,200,,,true,"og:description
og:title
og:image
og:url
og:type","צייר תיבות עריכה על מידע פרטי. העמודים המוצנעים עוברים רסטר מלא כדי להרוס לצמיתות את הטקסט המוסתר.
עריכת PDF - הסרה מאובטחת של טקסט ותמונות | HandleMyFile
/logo.png
https://handlemyfile.com/
website",0,true,29
21,https://handlemyfile.com/es/dividir-pdf,Dividir PDF en línea: extraer páginas por separado | Privacidad del lado del cliente | HandleMyFile,text/html; charset=utf-8,false,200,0,https://handlemyfile.com/,https://handlemyfile.com/es/dividir-pdf,200,,,true,"og:description
og:title
og:image
og:url
og:type","Separe una o más páginas PDF en archivos PDF independientes o en un archivo ZIP localmente. Rápido, seguro y 100% basado en navegador.
Dividir PDF en línea: extraer páginas por separado | Privacidad del lado del cliente | HandleMyFile
/logo.png
https://handlemyfile.com/
website",0,true,29
21,https://handlemyfile.com/ja/remove-pdf-password-without-password,Remove PDF Password Without Password | HandleMyFile,text/html; charset=utf-8,false,200,0,https://handlemyfile.com/,https://handlemyfile.com/ja/remove-pdf-password-without-password,200,,,true,"og:description
og:title
og:image
og:url
og:type","Remove password protection from your PDF files without needing the original password using our advanced unlock tool.
Remove PDF Password Without Password | HandleMyFile
/logo.png
https://handlemyfile.com/
website",0,true,29
21,https://handlemyfile.com/edit-pdf,Free Online PDF Editor - Add Text & Images Locally | Zero Upload | HandleMyFile,text/html; charset=utf-8,false,200,0,https://handlemyfile.com/,https://handlemyfile.com/edit-pdf,200,,,true,"og:description
og:title
og:image
og:url
og:type","A fully client-side interactive PDF Editor. Add text, overlay images, and manipulate PDFs locally with 100% privacy and zero uploads.
Free Online PDF Editor - Add Text & Images Locally | Zero Upload | HandleMyFile
/logo.png
https://handlemyfile.com/
website",0,true,36
21,https://handlemyfile.com/ro/deblocati-pdf,Deblocați PDF online - Eliminați parola PDF local | HandleMyFile,text/html; charset=utf-8,false,200,0,https://handlemyfile.com/,https://handlemyfile.com/ro/deblocati-pdf,200,,,true,"og:description
og:title
og:image
og:url
og:type","Eliminați parola și criptarea din fișierele PDF instantaneu în browser.
Deblocați PDF online - Eliminați parola PDF local | HandleMyFile
/logo.png
https://handlemyfile.com/
website",0,true,29
21,https://handlemyfile.com/es/texto-a-pdf,Convierta TXT a PDF en línea: texto sin formato a documento PDF | HandleMyFile,text/html; charset=utf-8,false,200,0,https://handlemyfile.com/,https://handlemyfile.com/es/texto-a-pdf,200,,,true,"og:description
og:title
og:image
og:url
og:type","Convierta rápidamente archivos de texto sin formato o registros de código en documentos PDF legibles y bien estructurados al instante en su navegador.
Convierta TXT a PDF en línea: texto sin formato a documento PDF | HandleMyFile
/logo.png
https://handlemyfile.com/
website",0,true,29
21,https://handlemyfile.com/vi/quet-sang-pdf,Quét sang PDF - Tạo PDF không thể chỉnh sửa & Rasterize trực tuyến | HandleMyFile,text/html; charset=utf-8,false,200,0,https://handlemyfile.com/,https://handlemyfile.com/vi/quet-sang-pdf,200,,,true,"og:description
og:title
og:image
og:url
og:type","Rasterize tài liệu PDF của bạn thành hình ảnh phẳng bên trong PDF. Ngăn chặn việc sao chép và chỉnh sửa một cách an toàn trong trình duyệt của bạn.
Quét sang PDF - Tạo PDF không thể chỉnh sửa & Rasterize trực tuyến | HandleMyFile
/logo.png
https://handlemyfile.com/
website",0,true,29
21,https://handlemyfile.com/tr/pdf-yi-bol,PDF'yi Çevrimiçi Böl - Sayfaları Ayrı Ayrı Çıkart | İstemci Tarafı Gizliliği | HandleMyFile,text/html; charset=utf-8,false,200,0,https://handlemyfile.com/,https://handlemyfile.com/tr/pdf-yi-bol,200,,,true,"og:description
og:title
og:image
og:url
og:type","Bir veya daha fazla PDF sayfasını bağımsız PDF dosyalarına veya yerel olarak bir ZIP arşivine ayırın. Hızlı, güvenli ve %100 tarayıcı tabanlı.
PDF'yi Çevrimiçi Böl - Sayfaları Ayrı Ayrı Çıkart | İstemci Tarafı Gizliliği | HandleMyFile
/logo.png
https://handlemyfile.com/
website",0,true,29
21,https://handlemyfile.com/ms/pdf-songsang,Songsang Halaman PDF - Tukar Susunan Halaman PDF ke Belakang | HandleMyFile,text/html; charset=utf-8,false,200,0,https://handlemyfile.com/,https://handlemyfile.com/ms/pdf-songsang,200,,,true,"og:description
og:title
og:image
og:url
og:type","Balikkan jujukan halaman dalam dokumen PDF anda dengan serta-merta dari yang terakhir kepada yang pertama dengan selamat dalam penyemak imbas anda.
Songsang Halaman PDF - Tukar Susunan Halaman PDF ke Belakang | HandleMyFile
/logo.png
https://handlemyfile.com/
website",0,true,29
21,https://handlemyfile.com/fr/excel-vers-csv,Convertisseur gratuit Excel en CSV (.xlsx en .csv) - Zéro téléchargements | HandleMyFile,text/html; charset=utf-8,false,200,0,https://handlemyfile.com/,https://handlemyfile.com/fr/excel-vers-csv,200,,,true,"og:description
og:title
og:image
og:url
og:type","Exportez rapidement les données des feuilles de calcul Microsoft Excel (.xlsx, .xls) au format CSV universel entièrement dans votre navigateur.
Convertisseur gratuit Excel en CSV (.xlsx en .csv) - Zéro téléchargements | HandleMyFile
/logo.png
https://handlemyfile.com/
website",0,true,29
21,https://handlemyfile.com/ar/tnqyh-pdf,تنقيح PDF - تعتيم النصوص والصور بشكل آمن | HandleMyFile,text/html; charset=utf-8,false,200,0,https://handlemyfile.com/,https://handlemyfile.com/ar/tnqyh-pdf,200,,,true,"og:description
og:title
og:image
og:url
og:type","ارسم مربعات التنقيح على المعلومات الخاصة. يتم تنقيط الصفحات المنقحة بالكامل لتدمير النص المخفي بشكل دائم.
تنقيح PDF - تعتيم النصوص والصور بشكل آمن | HandleMyFile
/logo.png
https://handlemyfile.com/
website",0,true,29
21,https://handlemyfile.com/ms/putar-pdf,Putar Halaman PDF Dalam Talian - Putar PDF 90/180/270 Darjah Secara Tempatan | HandleMyFile,text/html; charset=utf-8,false,200,0,https://handlemyfile.com/,https://handlemyfile.com/ms/putar-pdf,200,,,true,"og:description
og:title
og:image
og:url
og:type","Putar halaman individu atau semua halaman dalam dokumen PDF anda secara setempat dalam beberapa saat. Sifar muat naik diperlukan.
Putar Halaman PDF Dalam Talian - Putar PDF 90/180/270 Darjah Secara Tempatan | HandleMyFile
/logo.png
https://handlemyfile.com/
website",0,true,29
21,https://handlemyfile.com/hu/pdf-to-image,PDF konvertálása JPG/PNG képek formátumba online - Oldalak kibontása ZIP formátumba | HandleMyFile,text/html; charset=utf-8,false,200,0,https://handlemyfile.com/,https://handlemyfile.com/hu/pdf-to-image,200,,,true,"og:description
og:title
og:image
og:url
og:type","Raszterizálja a PDF-oldalakat kristálytiszta PNG/JPG-képekké helyileg. Letöltés egyenként vagy nagy sebességű ZIP-archívumként.
PDF konvertálása JPG/PNG képek formátumba online - Oldalak kibontása ZIP formátumba | HandleMyFile
/logo.png
https://handlemyfile.com/
website",0,true,29
21,https://handlemyfile.com/ar/rqm-lsfht,إضافة أرقام الصفحات إلى PDF - رأس وتذييل مخصصان محليًا | HandleMyFile,text/html; charset=utf-8,false,200,0,https://handlemyfile.com/,https://handlemyfile.com/ar/rqm-lsfht,200,,,true,"og:description
og:title
og:image
og:url
og:type","يمكنك بسهولة إضافة أرقام صفحات نظيفة وقابلة للتخصيص إلى رأس أو تذييل ملف PDF الخاص بك مع التحكم الكامل في التصميم في متصفحك.
إضافة أرقام الصفحات إلى PDF - رأس وتذييل مخصصان محليًا | HandleMyFile
/logo.png
https://handlemyfile.com/
website",0,true,29
21,https://handlemyfile.com/hu/ocr-pdf,Ingyenes böngésző OCR - Szöveg kivonat a beolvasott PDF-ből és képekből | HandleMyFile,text/html; charset=utf-8,false,200,0,https://handlemyfile.com/,https://handlemyfile.com/hu/ocr-pdf,200,,,true,"og:description
og:title
og:image
og:url
og:type","A nem kereshető beolvasott PDF-fájlokat és képeket helyileg szerkeszthető egyszerű szöveggé alakíthatja a többnyelvű WebAssembly OCR-munkások segítségével.
Ingyenes böngésző OCR - Szöveg kivonat a beolvasott PDF-ből és képekből | HandleMyFile
/logo.png
https://handlemyfile.com/
website",0,true,29
21,https://handlemyfile.com/ms/imej-ke-pdf,Tukar JPG & PNG kepada PDF Dalam Talian - Imej kepada PDF Setempat | HandleMyFile,text/html; charset=utf-8,false,200,0,https://handlemyfile.com/,https://handlemyfile.com/ms/imej-ke-pdf,200,,,true,"og:description
og:title
og:image
og:url
og:type","Gabungkan foto, tangkapan skrin atau imej PNG/JPG ke dalam satu dokumen PDF bersih secara setempat tanpa memuat naik.
Tukar JPG & PNG kepada PDF Dalam Talian - Imej kepada PDF Setempat | HandleMyFile
/logo.png
https://handlemyfile.com/
website",0,true,29
21,https://handlemyfile.com/ro/split-pdf,Split PDF Online - Extrage pagini separat | Confidențialitate la nivelul clientului | HandleMyFile,text/html; charset=utf-8,false,200,0,https://handlemyfile.com/,https://handlemyfile.com/ro/split-pdf,200,,,true,"og:description
og:title
og:image
og:url
og:type","Separați una sau mai multe pagini PDF în fișiere PDF independente sau într-o arhivă ZIP la nivel local. Rapid, sigur și 100% bazat pe browser.
Split PDF Online - Extrage pagini separat | Confidențialitate la nivelul clientului | HandleMyFile
/logo.png
https://handlemyfile.com/
website",0,true,29
21,https://handlemyfile.com/es/comparar-pdf,Comparar PDF: encuentre diferencias entre dos archivos PDF | HandleMyFile,text/html; charset=utf-8,false,200,0,https://handlemyfile.com/,https://handlemyfile.com/es/comparar-pdf,200,,,true,"og:description
og:title
og:image
og:url
og:type","Cargue dos archivos PDF y resalte las diferencias visuales entre ellos píxel por píxel localmente.
Comparar PDF: encuentre diferencias entre dos archivos PDF | HandleMyFile
/logo.png
https://handlemyfile.com/
website",0,true,29
21,https://handlemyfile.com/he/mspry-mvdym,הוסף מספרי עמודים ל-PDF - כותרת עליונה ותחתונה מותאמות אישית באופן מקומי | HandleMyFile,text/html; charset=utf-8,false,200,0,https://handlemyfile.com/,https://handlemyfile.com/he/mspry-mvdym,200,,,true,"og:description
og:title
og:image
og:url
og:type","הוסף בקלות מספרי עמודים נקיים הניתנים להתאמה אישית לכותרת העליונה או התחתונה של PDF שלך עם שליטה מלאה בעיצוב בדפדפן שלך.
הוסף מספרי עמודים ל-PDF - כותרת עליונה ותחתונה מותאמות אישית באופן מקומי | HandleMyFile
/logo.png
https://handlemyfile.com/
website",0,true,29
21,https://handlemyfile.com/hi/piipiittii-se-piiddiieph,पावरपॉइंट को पीडीएफ में बदलें - पीपीटीएक्स स्लाइड्स को स्थानीय स्तर पर पीडीएफ में बदलें | HandleMyFile,text/html; charset=utf-8,false,200,0,https://handlemyfile.com/,https://handlemyfile.com/hi/piipiittii-se-piiddiieph,200,,,true,"og:description
og:title
og:image
og:url
og:type","सर्वर अपलोड के बिना आसान साझाकरण और मुद्रण के लिए पीपीटीएक्स प्रस्तुति स्लाइड को सार्वभौमिक पीडीएफ दस्तावेजों के रूप में सहेजें।
पावरपॉइंट को पीडीएफ में बदलें - पीपीटीएक्स स्लाइड्स को स्थानीय स्तर पर पीडीएफ में बदलें | HandleMyFile
/logo.png
https://handlemyfile.com/
website",0,true,29
21,https://handlemyfile.com/nl/paginanummers,Paginanummers toevoegen aan PDF - Aangepaste kop- en voettekst lokaal | HandleMyFile,text/html; charset=utf-8,false,200,0,https://handlemyfile.com/,https://handlemyfile.com/nl/paginanummers,200,,,true,"og:description
og:title
og:image
og:url
og:type","Voeg eenvoudig duidelijke, aanpasbare paginanummers toe aan uw PDF-kop- of voettekst met volledige stijlcontrole in uw browser.
Paginanummers toevoegen aan PDF - Aangepaste kop- en voettekst lokaal | HandleMyFile
/logo.png
https://handlemyfile.com/
website",0,true,29
21,https://handlemyfile.com/resize-pdf,Resize PDF Pages - Change PDF Page Size and Margins | HandleMyFile,text/html; charset=utf-8,false,200,0,https://handlemyfile.com/,https://handlemyfile.com/resize-pdf,200,,,true,"og:description
og:title
og:image
og:url
og:type","Resize your PDF pages to standard sizes like A4 or Letter, add margins, and perfectly center your content.
Resize PDF Pages - Change PDF Page Size and Margins | HandleMyFile
/logo.png
https://handlemyfile.com/
website",0,true,58
21,https://handlemyfile.com/hu/image-to-pdf,JPG és PNG konvertálása PDF formátumba online - Képek helyileg PDF formátumba | HandleMyFile,text/html; charset=utf-8,false,200,0,https://handlemyfile.com/,https://handlemyfile.com/hu/image-to-pdf,200,,,true,"og:description
og:title
og:image
og:url
og:type","Egyesítse a fényképeket, képernyőképeket vagy PNG/JPG képeket egyetlen tiszta PDF-dokumentumban helyben feltöltés nélkül.
JPG és PNG konvertálása PDF formátumba online - Képek helyileg PDF formátumba | HandleMyFile
/logo.png
https://handlemyfile.com/
website",0,true,29
21,https://handlemyfile.com/uk/ocr-pdf,Безкоштовне оптичне розпізнавання символів у веб-переглядачі – вилучення тексту зі сканованих PDF-файлів і зображень | HandleMyFile,text/html; charset=utf-8,false,200,0,https://handlemyfile.com/,https://handlemyfile.com/uk/ocr-pdf,200,,,true,"og:description
og:title
og:image
og:url
og:type","Перетворюйте відскановані PDF-файли та зображення без можливості пошуку на звичайний текст, який можна редагувати локально за допомогою багатомовних програм OCR WebAssembly.
Безкоштовне оптичне розпізнавання символів у веб-переглядачі – вилучення тексту зі сканованих PDF-файлів і зображень | HandleMyFile
/logo.png
https://handlemyfile.com/
website",0,true,29
21,https://handlemyfile.com/da/las-pdf-op,Lås PDF online op - Fjern PDF-adgangskode lokalt | HandleMyFile,text/html; charset=utf-8,false,200,0,https://handlemyfile.com/,https://handlemyfile.com/da/las-pdf-op,200,,,true,"og:description
og:title
og:image
og:url
og:type","Fjern adgangskode og kryptering fra dine PDF-filer med det samme i din browser.
Lås PDF online op - Fjern PDF-adgangskode lokalt | HandleMyFile
/logo.png
https://handlemyfile.com/
website",0,true,29
21,https://handlemyfile.com/uk/porivnyati-pdf,Порівняти PDF - знайти відмінності між двома PDF-файлами | HandleMyFile,text/html; charset=utf-8,false,200,0,https://handlemyfile.com/,https://handlemyfile.com/uk/porivnyati-pdf,200,,,true,"og:description
og:title
og:image
og:url
og:type","Завантажте два файли PDF і виділіть візуальні відмінності між ними піксель за пікселем локально.
Порівняти PDF - знайти відмінності між двома PDF-файлами | HandleMyFile
/logo.png
https://handlemyfile.com/
website",0,true,29
21,https://handlemyfile.com/cs/cisla-stranek,Přidat čísla stránek do PDF – vlastní záhlaví a zápatí lokálně | HandleMyFile,text/html; charset=utf-8,false,200,0,https://handlemyfile.com/,https://handlemyfile.com/cs/cisla-stranek,200,,,true,"og:description
og:title
og:image
og:url
og:type","Snadno přidejte čistá, přizpůsobitelná čísla stránek do záhlaví nebo zápatí PDF s plnou kontrolou stylu ve vašem prohlížeči.
Přidat čísla stránek do PDF – vlastní záhlaví a zápatí lokálně | HandleMyFile
/logo.png
https://handlemyfile.com/
website",0,true,29
21,https://handlemyfile.com/id/tanda-air-pdf,Tambahkan Tanda Air ke PDF - Stempel Teks atau Gambar Khusus Secara Lokal | HandleMyFile,text/html; charset=utf-8,false,200,0,https://handlemyfile.com/,https://handlemyfile.com/id/tanda-air-pdf,200,,,true,"og:description
og:title
og:image
og:url
og:type","Lindungi kekayaan intelektual Anda dengan memberi cap teks transparan atau tanda air gambar di seluruh halaman PDF Anda secara offline.
Tambahkan Tanda Air ke PDF - Stempel Teks atau Gambar Khusus Secara Lokal | HandleMyFile
/logo.png
https://handlemyfile.com/
website",0,true,29
21,https://handlemyfile.com/cs/komprimovat-pdf,Komprimujte PDF online – zmenšete velikost souboru o 60–90 % lokálně | HandleMyFile,text/html; charset=utf-8,false,200,0,https://handlemyfile.com/,https://handlemyfile.com/cs/komprimovat-pdf,200,,,true,"og:description
og:title
og:image
og:url
og:type","Zmenšete velké soubory PDF až o 90 % pomocí adaptivních bezztrátových technik a technik rasterizace DPI přímo ve WebAssembly.
Komprimujte PDF online – zmenšete velikost souboru o 60–90 % lokálně | HandleMyFile
/logo.png
https://handlemyfile.com/
website",0,true,29
21,https://handlemyfile.com/fr/filigrane-pdf,Ajouter un filigrane au PDF - Tamponner un texte ou une image personnalisé localement | HandleMyFile,text/html; charset=utf-8,false,200,0,https://handlemyfile.com/,https://handlemyfile.com/fr/filigrane-pdf,200,,,true,"og:description
og:title
og:image
og:url
og:type","Protégez votre propriété intellectuelle en apposant des filigranes transparents de texte ou d'image sur vos pages PDF hors ligne.
Ajouter un filigrane au PDF - Tamponner un texte ou une image personnalisé localement | HandleMyFile
/logo.png
https://handlemyfile.com/
website",0,true,29
21,https://handlemyfile.com/id/memindai-pdf-ke-teks-ocr,Konversi PDF Hasil Scan ke Teks Online (OCR Gratis) | HandleMyFile,text/html; charset=utf-8,false,200,0,https://handlemyfile.com/,https://handlemyfile.com/id/memindai-pdf-ke-teks-ocr,200,,,true,"og:description
og:title
og:image
og:url
og:type","Ubah dokumen PDF hasil pindaian (scan) atau foto yang tidak bisa disalin teksnya menjadi teks mentah (TXT) di peramban Anda.
Konversi PDF Hasil Scan ke Teks Online (OCR Gratis) | HandleMyFile
/logo.png
https://handlemyfile.com/
website",0,true,29
21,https://handlemyfile.com/sv/redigera-pdf,Redagera PDF - Säker mörkläggning av text och bilder | HandleMyFile,text/html; charset=utf-8,false,200,0,https://handlemyfile.com/,https://handlemyfile.com/sv/redigera-pdf,200,,,true,"og:description
og:title
og:image
og:url
og:type","Rita redigeringsrutor över privat information. De redigerade sidorna är helt rastrerade för att permanent förstöra den dolda texten.
Redagera PDF - Säker mörkläggning av text och bilder | HandleMyFile
/logo.png
https://handlemyfile.com/
website",0,true,48
21,https://handlemyfile.com/fr/supprimer-des-pages,Supprimer des pages PDF en ligne - Supprimer des pages d'un PDF localement | HandleMyFile,text/html; charset=utf-8,false,200,0,https://handlemyfile.com/,https://handlemyfile.com/fr/supprimer-des-pages,200,,,true,"og:description
og:title
og:image
og:url
og:type","Supprimez les pages indésirables de votre fichier PDF en toute sécurité dans votre navigateur.
Supprimer des pages PDF en ligne - Supprimer des pages d'un PDF localement | HandleMyFile
/logo.png
https://handlemyfile.com/
website",0,true,29
21,https://handlemyfile.com/uk/pdf-v-zobrazhennya,Перетворюйте зображення PDF у JPG/PNG онлайн – видобувайте сторінки в ZIP | HandleMyFile,text/html; charset=utf-8,false,200,0,https://handlemyfile.com/,https://handlemyfile.com/uk/pdf-v-zobrazhennya,200,,,true,"og:description
og:title
og:image
og:url
og:type","Локально растеризуйте сторінки PDF у кристально чисті зображення PNG/JPG. Завантажуйте окремо або як високошвидкісний ZIP-архів.
Перетворюйте зображення PDF у JPG/PNG онлайн – видобувайте сторінки в ZIP | HandleMyFile
/logo.png
https://handlemyfile.com/
website",0,true,29
21,https://handlemyfile.com/sk/extrahovat-obrazky,Extrahovať obrázky z PDF - Uložiť všetky obrázky z PDF | HandleMyFile,text/html; charset=utf-8,false,200,0,https://handlemyfile.com/,https://handlemyfile.com/sk/extrahovat-obrazky,200,,,true,"og:description
og:title
og:image
og:url
og:type","Okamžite naskenujte svoje PDF a lokálne extrahujte všetky vložené obrázky ako vysokokvalitné súbory JPG/PNG.
Extrahovať obrázky z PDF - Uložiť všetky obrázky z PDF | HandleMyFile
/logo.png
https://handlemyfile.com/
website",0,true,29
21,https://handlemyfile.com/id/ppt-ke-pdf,Konversi PowerPoint ke PDF - Slide PPTX ke PDF Secara Lokal | HandleMyFile,text/html; charset=utf-8,false,200,0,https://handlemyfile.com/,https://handlemyfile.com/id/ppt-ke-pdf,200,,,true,"og:description
og:title
og:image
og:url
og:type","Simpan slide presentasi PPTX sebagai dokumen PDF universal agar mudah dibagikan dan dicetak tanpa perlu mengunggah ke server.
Konversi PowerPoint ke PDF - Slide PPTX ke PDF Secara Lokal | HandleMyFile
/logo.png
https://handlemyfile.com/
website",0,true,29
21,https://handlemyfile.com/uk/pdf-v-ppt,Безкоштовний конвертер PDF у PowerPoint (.pptx) – нульове завантаження | HandleMyFile,text/html; charset=utf-8,false,200,0,https://handlemyfile.com/,https://handlemyfile.com/uk/pdf-v-ppt,200,,,true,"og:description
og:title
og:image
og:url
og:type","Перетворіть свої багатосторінкові PDF-документи на слайди PowerPoint (.pptx), які можна редагувати, із високою точністю в оперативній пам’яті браузера.
Безкоштовний конвертер PDF у PowerPoint (.pptx) – нульове завантаження | HandleMyFile
/logo.png
https://handlemyfile.com/
website",0,true,29
21,https://handlemyfile.com/hu/pdf-alairasa,PDF aláírása online – Elektronikus aláírás hozzáadása a PDF-hez | HandleMyFile,text/html; charset=utf-8,false,200,0,https://handlemyfile.com/,https://handlemyfile.com/hu/pdf-alairasa,200,,,true,"og:description
og:title
og:image
og:url
og:type","Rajzoljon, töltsön fel vagy generáljon elektronikus aláírást, és adja hozzá a PDF-fájlhoz.
PDF aláírása online – Elektronikus aláírás hozzáadása a PDF-hez | HandleMyFile
/logo.png
https://handlemyfile.com/
website",0,true,29
21,https://handlemyfile.com/hu/remove-metadata,PDF-metaadatok eltávolítása – Tulajdonságok fertőtlenítése online | HandleMyFile,text/html; charset=utf-8,false,200,0,https://handlemyfile.com/,https://handlemyfile.com/hu/remove-metadata,200,,,true,"og:description
og:title
og:image
og:url
og:type","A jobb adatvédelem érdekében távolítsa el a szerzőt, alkotót és más rejtett digitális lábnyom-tulajdonságokat PDF-fájljaiból offline módban.
PDF-metaadatok eltávolítása – Tulajdonságok fertőtlenítése online | HandleMyFile
/logo.png
https://handlemyfile.com/
website",0,true,29
21,https://handlemyfile.com/hi/txt-se-piiddiieph,TXT को ऑनलाइन पीडीएफ में बदलें - सादा पाठ को पीडीएफ दस्तावेज़ में | HandleMyFile,text/html; charset=utf-8,false,200,0,https://handlemyfile.com/,https://handlemyfile.com/hi/txt-se-piiddiieph,200,,,true,"og:description
og:title
og:image
og:url
og:type","अपने ब्राउज़र में तुरंत सादे टेक्स्ट फ़ाइलों या कोड लॉग को अच्छी तरह से संरचित, पढ़ने योग्य पीडीएफ दस्तावेज़ों में बदलें।
TXT को ऑनलाइन पीडीएफ में बदलें - सादा पाठ को पीडीएफ दस्तावेज़ में | HandleMyFile
/logo.png
https://handlemyfile.com/
website",0,true,29
21,https://handlemyfile.com/ru/pdf-word,Free PDF to Word Converter (.docx) Without Losing Formatting | HandleMyFile,text/html; charset=utf-8,false,200,0,https://handlemyfile.com/,https://handlemyfile.com/ru/pdf-word,200,,,true,"og:description
og:title
og:image
og:url
og:type","Extract exact text, layout runs, and paragraphs from any PDF into a clean Microsoft Word (.docx) file directly inside browser memory.
Free PDF to Word Converter (.docx) Without Losing Formatting | HandleMyFile
/logo.png
https://handlemyfile.com/
website",0,true,29
21,https://handlemyfile.com/ms/susun-semula-halaman-pdf-seret-dan-lepas,Reorder PDF Pages Drag and Drop Free | HandleMyFile,text/html; charset=utf-8,false,200,0,https://handlemyfile.com/,https://handlemyfile.com/ms/susun-semula-halaman-pdf-seret-dan-lepas,200,,,true,"og:description
og:title
og:image
og:url
og:type","Organize and reorder pages in your PDF document visually by dragging and dropping thumbnails. 100% free and local.
Reorder PDF Pages Drag and Drop Free | HandleMyFile
/logo.png
https://handlemyfile.com/
website",0,true,29
21,https://handlemyfile.com/es/excel-a-csv,Convertidor gratuito de Excel a CSV (.xlsx a .csv): cero cargas | HandleMyFile,text/html; charset=utf-8,false,200,0,https://handlemyfile.com/,https://handlemyfile.com/es/excel-a-csv,200,,,true,"og:description
og:title
og:image
og:url
og:type","Exporte rápidamente datos de hojas de cálculo de Microsoft Excel (.xlsx, .xls) al formato CSV universal completamente en su navegador.
Convertidor gratuito de Excel a CSV (.xlsx a .csv): cero cargas | HandleMyFile
/logo.png
https://handlemyfile.com/
website",0,true,29
21,https://handlemyfile.com/cs/skenovani-do-pdf,Skenování do PDF – Udělejte PDF neupravitelným a rastrujte online | HandleMyFile,text/html; charset=utf-8,false,200,0,https://handlemyfile.com/,https://handlemyfile.com/cs/skenovani-do-pdf,200,,,true,"og:description
og:title
og:image
og:url
og:type","Rastrujte své dokumenty PDF na ploché obrázky uvnitř PDF. Zabraňuje bezpečnému kopírování, vkládání a úpravám ve vašem prohlížeči.
Skenování do PDF – Udělejte PDF neupravitelným a rastrujte online | HandleMyFile
/logo.png
https://handlemyfile.com/
website",0,true,29
21,https://handlemyfile.com/es/eliminar-paginas,Eliminar páginas PDF en línea: eliminar páginas de PDF localmente | HandleMyFile,text/html; charset=utf-8,false,200,0,https://handlemyfile.com/,https://handlemyfile.com/es/eliminar-paginas,200,,,true,"og:description
og:title
og:image
og:url
og:type","Elimine las páginas no deseadas de su archivo PDF de forma segura dentro de su navegador.
Eliminar páginas PDF en línea: eliminar páginas de PDF localmente | HandleMyFile
/logo.png
https://handlemyfile.com/
website",0,true,29
21,https://handlemyfile.com/th/pdf-radabsiiethaa,แปลง PDF เป็นโทนสีเทา - PDF ขาวดำออนไลน์ | HandleMyFile,text/html; charset=utf-8,false,200,0,https://handlemyfile.com/,https://handlemyfile.com/th/pdf-radabsiiethaa,200,,,true,"og:description
og:title
og:image
og:url
og:type","แปลงเอกสาร PDF แบบสีให้เป็นระดับสีเทาทันทีในเบราว์เซอร์ของคุณเพื่อประหยัดหมึกพิมพ์
แปลง PDF เป็นโทนสีเทา - PDF ขาวดำออนไลน์ | HandleMyFile
/logo.png
https://handlemyfile.com/
website",0,true,29
21,https://handlemyfile.com/sv/pdf-till-ppt,Gratis PDF till PowerPoint Converter (.pptx) - Noll uppladdningar | HandleMyFile,text/html; charset=utf-8,false,200,0,https://handlemyfile.com/,https://handlemyfile.com/sv/pdf-till-ppt,200,,,true,"og:description
og:title
og:image
og:url
og:type","Förvandla dina flersidiga PDF-dokument till redigerbara PowerPoint-bilder (.pptx) med hög kvalitet i webbläsarens RAM.
Gratis PDF till PowerPoint Converter (.pptx) - Noll uppladdningar | HandleMyFile
/logo.png
https://handlemyfile.com/
website",0,true,29
21,https://handlemyfile.com/ms/alih-keluar-halaman,Alih Keluar Halaman PDF Dalam Talian - Padam Halaman daripada PDF Setempat | HandleMyFile,text/html; charset=utf-8,false,200,0,https://handlemyfile.com/,https://handlemyfile.com/ms/alih-keluar-halaman,200,,,true,"og:description
og:title
og:image
og:url
og:type","Padam halaman yang tidak diingini daripada fail PDF anda dengan selamat di dalam penyemak imbas anda.
Alih Keluar Halaman PDF Dalam Talian - Padam Halaman daripada PDF Setempat | HandleMyFile
/logo.png
https://handlemyfile.com/
website",0,true,29
21,https://handlemyfile.com/ru/txt-v-pdf,Конвертировать TXT в PDF онлайн — обычный текст в PDF-документ | HandleMyFile,text/html; charset=utf-8,false,200,0,https://handlemyfile.com/,https://handlemyfile.com/ru/txt-v-pdf,200,,,true,"og:description
og:title
og:image
og:url
og:type","Быстро превращайте обычные текстовые файлы или журналы кода в хорошо структурированные, читаемые PDF-документы прямо в браузере.
Конвертировать TXT в PDF онлайн — обычный текст в PDF-документ | HandleMyFile
/logo.png
https://handlemyfile.com/
website",0,true,29
21,https://handlemyfile.com/ar/ltaarf-ldwy-y-aal~-lhrwf-pdf,متصفح مجاني للتعرف الضوئي على الحروف - استخراج النص من ملفات PDF والصور الممسوحة ضوئيًا | HandleMyFile,text/html; charset=utf-8,false,200,0,https://handlemyfile.com/,https://handlemyfile.com/ar/ltaarf-ldwy-y-aal~-lhrwf-pdf,200,,,true,"og:description
og:title
og:image
og:url
og:type","قم بتحويل ملفات PDF والصور الممسوحة ضوئيًا غير القابلة للبحث إلى نص عادي قابل للتحرير محليًا باستخدام عمال WebAssembly OCR متعدد اللغات.
متصفح مجاني للتعرف الضوئي على الحروف - استخراج النص من ملفات PDF والصور الممسوحة ضوئيًا | HandleMyFile
/logo.png
https://handlemyfile.com/
website",0,true,29
21,https://handlemyfile.com/sk/zmenit-velkost-pdf,Zmeniť veľkosť strán PDF – Zmeniť veľkosť a okraje stránky PDF | HandleMyFile,text/html; charset=utf-8,false,200,0,https://handlemyfile.com/,https://handlemyfile.com/sk/zmenit-velkost-pdf,200,,,true,"og:description
og:title
og:image
og:url
og:type","Zmeňte veľkosť stránok PDF na štandardné veľkosti, ako je A4 alebo Letter, pridajte okraje a obsah dokonale vycentrujte.
Zmeniť veľkosť strán PDF – Zmeniť veľkosť a okraje stránky PDF | HandleMyFile
/logo.png
https://handlemyfile.com/
website",0,true,29
21,https://handlemyfile.com/fr/ppt-en-pdf,Convertir PowerPoint en PDF - Diapositives PPTX en PDF localement | HandleMyFile,text/html; charset=utf-8,false,200,0,https://handlemyfile.com/,https://handlemyfile.com/fr/ppt-en-pdf,200,,,true,"og:description
og:title
og:image
og:url
og:type","Enregistrez les diapositives de présentation PPTX sous forme de documents PDF universels pour un partage et une impression faciles sans téléchargement sur le serveur.
Convertir PowerPoint en PDF - Diapositives PPTX en PDF localement | HandleMyFile
/logo.png
https://handlemyfile.com/
website",0,true,29
21,https://handlemyfile.com/ro/filigran-pdf,Adăugați filigran la PDF - ștampilați local text sau imagine personalizat | HandleMyFile,text/html; charset=utf-8,false,200,0,https://handlemyfile.com/,https://handlemyfile.com/ro/filigran-pdf,200,,,true,"og:description
og:title
og:image
og:url
og:type","Protejați-vă proprietatea intelectuală prin ștampilarea textului sau a imaginilor transparente pe paginile PDF offline.
Adăugați filigran la PDF - ștampilați local text sau imagine personalizat | HandleMyFile
/logo.png
https://handlemyfile.com/
website",0,true,29
21,https://handlemyfile.com/el/sygkrisi-pdf,Συγκρίνετε PDF - Βρείτε τις διαφορές μεταξύ δύο αρχείων PDF | HandleMyFile,text/html; charset=utf-8,false,200,0,https://handlemyfile.com/,https://handlemyfile.com/el/sygkrisi-pdf,200,,,true,"og:description
og:title
og:image
og:url
og:type","Μεταφορτώστε δύο αρχεία PDF και επισημάνετε τις οπτικές διαφορές μεταξύ τους pixel-pixel τοπικά.
Συγκρίνετε PDF - Βρείτε τις διαφορές μεταξύ δύο αρχείων PDF | HandleMyFile
/logo.png
https://handlemyfile.com/
website",0,true,29
21,https://handlemyfile.com/it/excel-in-csv,Convertitore gratuito da Excel a CSV (da .xlsx a .csv) - Caricamenti zero | HandleMyFile,text/html; charset=utf-8,false,200,0,https://handlemyfile.com/,https://handlemyfile.com/it/excel-in-csv,200,,,true,"og:description
og:title
og:image
og:url
og:type","Esporta rapidamente i dati dai fogli di calcolo Microsoft Excel (.xlsx, .xls) nel formato CSV universale interamente nel tuo browser.
Convertitore gratuito da Excel a CSV (da .xlsx a .csv) - Caricamenti zero | HandleMyFile
/logo.png
https://handlemyfile.com/
website",0,true,29
21,https://handlemyfile.com/hu/a-pdf-m-ret-nek-cs-kkent-se-offline-m-dban,Reduce PDF Size Offline | HandleMyFile,text/html; charset=utf-8,false,200,0,https://handlemyfile.com/,https://handlemyfile.com/hu/a-pdf-m-ret-nek-cs-kkent-se-offline-m-dban,200,,,true,"og:description
og:title
og:image
og:url
og:type","Reduce the size of your PDF documents offline directly in your browser without any server uploads. 100% secure.
Reduce PDF Size Offline | HandleMyFile
/logo.png
https://handlemyfile.com/
website",0,true,29
21,https://handlemyfile.com/it/ritaglia-pdf,Ritaglia PDF online: rimuovi i margini dal PDF localmente | HandleMyFile,text/html; charset=utf-8,false,200,0,https://handlemyfile.com/,https://handlemyfile.com/it/ritaglia-pdf,200,,,true,"og:description
og:title
og:image
og:url
og:type","Rimuovi i margini bianchi o taglia le pagine PDF a una dimensione specifica localmente nel tuo browser.
Ritaglia PDF online: rimuovi i margini dal PDF localmente | HandleMyFile
/logo.png
https://handlemyfile.com/
website",0,true,29
21,https://handlemyfile.com/hi/siiesvii-se-eksel,निःशुल्क सीएसवी से एक्सेल कन्वर्टर (.xlsx) - त्वरित ब्राउज़र इंजन | HandleMyFile,text/html; charset=utf-8,false,200,0,https://handlemyfile.com/,https://handlemyfile.com/hi/siiesvii-se-eksel,200,,,true,"og:description
og:title
og:image
og:url
og:type","में कनवर्ट करें मल्टी-शीट समर्थन और शून्य डेटा हानि ऑफ़लाइन के साथ कच्ची सीएसवी फ़ाइलों को उचित रूप से स्वरूपित एक्सेल स्प्रेडशीट में बदलें।
निःशुल्क सीएसवी से एक्सेल कन्वर्टर (.xlsx) - त्वरित ब्राउज़र इंजन | HandleMyFile
/logo.png
https://handlemyfile.com/
website",0,true,29
21,https://handlemyfile.com/el/ypografi-pdf,Υπογραφή PDF Online - Προσθήκη Ηλεκτρονικής Υπογραφής σε PDF | HandleMyFile,text/html; charset=utf-8,false,200,0,https://handlemyfile.com/,https://handlemyfile.com/el/ypografi-pdf,200,,,true,"og:description
og:title
og:image
og:url
og:type","Σχεδιάστε, μεταφορτώστε ή δημιουργήστε μια ηλεκτρονική υπογραφή και προσθέστε τη στο PDF σας.
Υπογραφή PDF Online - Προσθήκη Ηλεκτρονικής Υπογραφής σε PDF | HandleMyFile
/logo.png
https://handlemyfile.com/
website",0,true,29
21,https://handlemyfile.com/ja/pdf-suminuri,PDF を墨消し - テキストと画像を安全に黒く塗りつぶします | HandleMyFile,text/html; charset=utf-8,false,200,0,https://handlemyfile.com/,https://handlemyfile.com/ja/pdf-suminuri,200,,,true,"og:description
og:title
og:image
og:url
og:type","個人情報の上に編集ボックスを描画します。編集されたページは完全にラスター化され、隠しテキストが永久に破壊されます。
PDF を墨消し - テキストと画像を安全に黒く塗りつぶします | HandleMyFile
/logo.png
https://handlemyfile.com/
website",0,true,29
21,https://handlemyfile.com/pl/kompresuj-pdf,Kompresuj pliki PDF online — zmniejsz rozmiar pliku lokalnie o 60–90% | HandleMyFile,text/html; charset=utf-8,false,200,0,https://handlemyfile.com/,https://handlemyfile.com/pl/kompresuj-pdf,200,,,true,"og:description
og:title
og:image
og:url
og:type","Zmniejsz duże pliki PDF nawet o 90%, korzystając z adaptacyjnych technik bezstratnych i rasteryzacji DPI bezpośrednio w WebAssembly.
Kompresuj pliki PDF online — zmniejsz rozmiar pliku lokalnie o 60–90% | HandleMyFile
/logo.png
https://handlemyfile.com/
website",0,true,29
21,https://handlemyfile.com/vi/thay-doi-kich-thuoc-pdf,Thay đổi kích thước trang PDF - Thay đổi kích thước và lề trang PDF | HandleMyFile,text/html; charset=utf-8,false,200,0,https://handlemyfile.com/,https://handlemyfile.com/vi/thay-doi-kich-thuoc-pdf,200,,,true,"og:description
og:title
og:image
og:url
og:type","Thay đổi kích thước các trang PDF của bạn thành kích thước tiêu chuẩn như A4 hoặc Letter, thêm lề và căn giữa nội dung của bạn một cách hoàn hảo.
Thay đổi kích thước trang PDF - Thay đổi kích thước và lề trang PDF | HandleMyFile
/logo.png
https://handlemyfile.com/
website",0,true,29
21,https://handlemyfile.com/ms/excel-kepada-pdf,Tukar Excel kepada PDF Dalam Talian - XLSX & XLS kepada PDF Setempat | HandleMyFile,text/html; charset=utf-8,false,200,0,https://handlemyfile.com/,https://handlemyfile.com/ms/excel-kepada-pdf,200,,,true,"og:description
og:title
og:image
og:url
og:type","Ubah hamparan dan data kewangan kepada jadual PDF yang bersih dan boleh dicetak di luar talian dalam penyemak imbas anda.
Tukar Excel kepada PDF Dalam Talian - XLSX & XLS kepada PDF Setempat | HandleMyFile
/logo.png
https://handlemyfile.com/
website",0,true,29
21,https://handlemyfile.com/th/scanned-pdf-to-text-ocr,Convert Scanned PDF to Text | HandleMyFile,text/html; charset=utf-8,false,200,0,https://handlemyfile.com/,https://handlemyfile.com/th/scanned-pdf-to-text-ocr,200,,,true,"og:description
og:title
og:image
og:url
og:type","Turn non-searchable scanned PDFs and images into editable plain text locally using multi-language WebAssembly OCR workers.
Convert Scanned PDF to Text | HandleMyFile
/logo.png
https://handlemyfile.com/
website",0,true,29
21,https://handlemyfile.com/pt/desbloquear-pdf,Desbloqueie PDF Online - Remova a senha do PDF localmente | HandleMyFile,text/html; charset=utf-8,false,200,0,https://handlemyfile.com/,https://handlemyfile.com/pt/desbloquear-pdf,200,,,true,"og:description
og:title
og:image
og:url
og:type","Remova a senha e a criptografia dos seus arquivos PDF instantaneamente no seu navegador.
Desbloqueie PDF Online - Remova a senha do PDF localmente | HandleMyFile
/logo.png
https://handlemyfile.com/
website",0,true,29
21,https://handlemyfile.com/fi/pdf-wordiksi-menett-m-tt-muotoilua,Free PDF to Word Converter (.docx) Without Losing Formatting | HandleMyFile,text/html; charset=utf-8,false,200,0,https://handlemyfile.com/,https://handlemyfile.com/fi/pdf-wordiksi-menett-m-tt-muotoilua,200,,,true,"og:description
og:title
og:image
og:url
og:type","Extract exact text, layout runs, and paragraphs from any PDF into a clean Microsoft Word (.docx) file directly inside browser memory.
Free PDF to Word Converter (.docx) Without Losing Formatting | HandleMyFile
/logo.png
https://handlemyfile.com/
website",0,true,29
21,https://handlemyfile.com/no/fjern-pdf-passord-uten-passord,Remove PDF Password Without Password | HandleMyFile,text/html; charset=utf-8,false,200,0,https://handlemyfile.com/,https://handlemyfile.com/no/fjern-pdf-passord-uten-passord,200,,,true,"og:description
og:title
og:image
og:url
og:type","Remove password protection from your PDF files without needing the original password using our advanced unlock tool.
Remove PDF Password Without Password | HandleMyFile
/logo.png
https://handlemyfile.com/
website",0,true,29
21,https://handlemyfile.com/he/pytsvl-pdf,פיצול PDF באינטרנט - חלץ דפים בנפרד | פרטיות בצד הלקוח | HandleMyFile,text/html; charset=utf-8,false,200,0,https://handlemyfile.com/,https://handlemyfile.com/he/pytsvl-pdf,200,,,true,"og:description
og:title
og:image
og:url
og:type","הפרד עמוד PDF אחד או יותר לקובצי PDF עצמאיים או לארכיון ZIP באופן מקומי. מהיר, מאובטח ומבוסס 100% על דפדפן.
פיצול PDF באינטרנט - חלץ דפים בנפרד | פרטיות בצד הלקוח | HandleMyFile
/logo.png
https://handlemyfile.com/
website",0,true,29
21,https://handlemyfile.com/ms/ocr-pdf,OCR Pelayar Percuma - Ekstrak Teks daripada PDF & Imej Diimbas | HandleMyFile,text/html; charset=utf-8,false,200,0,https://handlemyfile.com/,https://handlemyfile.com/ms/ocr-pdf,200,,,true,"og:description
og:title
og:image
og:url
og:type","Tukar PDF dan imej imbasan yang tidak boleh dicari kepada teks biasa yang boleh diedit secara setempat menggunakan pekerja OCR WebAssembly berbilang bahasa.
OCR Pelayar Percuma - Ekstrak Teks daripada PDF & Imej Diimbas | HandleMyFile
/logo.png
https://handlemyfile.com/
website",0,true,29
21,https://handlemyfile.com/cs/zmen-it-velikost-pdf-offline,Reduce PDF Size Offline | HandleMyFile,text/html; charset=utf-8,false,200,0,https://handlemyfile.com/,https://handlemyfile.com/cs/zmen-it-velikost-pdf-offline,200,,,true,"og:description
og:title
og:image
og:url
og:type","Reduce the size of your PDF documents offline directly in your browser without any server uploads. 100% secure.
Reduce PDF Size Offline | HandleMyFile
/logo.png
https://handlemyfile.com/
website",0,true,29
21,https://handlemyfile.com/de/pdf-vergleichen,PDF vergleichen - Unterschiede zwischen zwei PDFs finden | HandleMyFile,text/html; charset=utf-8,false,200,0,https://handlemyfile.com/,https://handlemyfile.com/de/pdf-vergleichen,200,,,true,"og:description
og:title
og:image
og:url
og:type","Laden Sie zwei PDF-Dateien hoch und heben Sie die visuellen Unterschiede zwischen ihnen Pixel für Pixel lokal hervor.
PDF vergleichen - Unterschiede zwischen zwei PDFs finden | HandleMyFile
/logo.png
https://handlemyfile.com/
website",0,true,29
21,https://handlemyfile.com/sv/bild-till-pdf,Konvertera JPG & PNG till PDF Online - Bilder till PDF lokalt | HandleMyFile,text/html; charset=utf-8,false,200,0,https://handlemyfile.com/,https://handlemyfile.com/sv/bild-till-pdf,200,,,true,"og:description
og:title
og:image
og:url
og:type","Kombinera foton, skärmdumpar eller PNG/JPG-bilder till ett enda rent PDF-dokument lokalt utan att ladda upp.
Konvertera JPG & PNG till PDF Online - Bilder till PDF lokalt | HandleMyFile
/logo.png
https://handlemyfile.com/
website",0,true,29
21,https://handlemyfile.com/tr/sayfa-numaralari,PDF'ye Sayfa Numaraları Ekleme - Yerel Olarak Özel Üstbilgi ve Altbilgi | HandleMyFile,text/html; charset=utf-8,false,200,0,https://handlemyfile.com/,https://handlemyfile.com/tr/sayfa-numaralari,200,,,true,"og:description
og:title
og:image
og:url
og:type","Tarayıcınızdaki tam stil kontrolüyle PDF üst bilginize veya alt bilginize kolayca temiz, özelleştirilebilir sayfa numaraları ekleyin.
PDF'ye Sayfa Numaraları Ekleme - Yerel Olarak Özel Üstbilgi ve Altbilgi | HandleMyFile
/logo.png
https://handlemyfile.com/
website",0,true,29
21,https://handlemyfile.com/da/vandmaerke-pdf,Føj vandmærke til PDF - Stempel tilpasset tekst eller billede lokalt | HandleMyFile,text/html; charset=utf-8,false,200,0,https://handlemyfile.com/,https://handlemyfile.com/da/vandmaerke-pdf,200,,,true,"og:description
og:title
og:image
og:url
og:type","Beskyt din intellektuelle ejendom ved at stemple gennemsigtige tekst- eller billedvandmærker på tværs af dine PDF-sider offline.
Føj vandmærke til PDF - Stempel tilpasset tekst eller billede lokalt | HandleMyFile
/logo.png
https://handlemyfile.com/
website",0,true,29
21,https://handlemyfile.com/pt/proteger-pdf,Proteja PDF Online - Proteja PDF com Senha Localmente | HandleMyFile,text/html; charset=utf-8,false,200,0,https://handlemyfile.com/,https://handlemyfile.com/pt/proteger-pdf,200,,,true,"og:description
og:title
og:image
og:url
og:type","Proteja seus arquivos PDF com criptografia AES-256 e proteção por senha localmente em seu navegador.
Proteja PDF Online - Proteja PDF com Senha Localmente | HandleMyFile
/logo.png
https://handlemyfile.com/
website",0,true,29
21,https://handlemyfile.com/no/txt-til-pdf,Konverter TXT til PDF Online - Ren tekst til PDF-dokument | HandleMyFile,text/html; charset=utf-8,false,200,0,https://handlemyfile.com/,https://handlemyfile.com/no/txt-til-pdf,200,,,true,"og:description
og:title
og:image
og:url
og:type","Gjør enkle tekstfiler eller kodelogger raskt om til velstrukturerte, lesbare PDF-dokumenter umiddelbart i nettleseren din.
Konverter TXT til PDF Online - Ren tekst til PDF-dokument | HandleMyFile
/logo.png
https://handlemyfile.com/
website",0,true,29
21,https://handlemyfile.com/el/txt-se-pdf,Μετατροπή TXT σε PDF Online - Απλό κείμενο σε έγγραφο PDF | HandleMyFile,text/html; charset=utf-8,false,200,0,https://handlemyfile.com/,https://handlemyfile.com/el/txt-se-pdf,200,,,true,"og:description
og:title
og:image
og:url
og:type","Μετατρέψτε γρήγορα αρχεία απλού κειμένου ή αρχεία καταγραφής κώδικα σε καλά δομημένα, ευανάγνωστα έγγραφα PDF αμέσως στο πρόγραμμα περιήγησής σας.
Μετατροπή TXT σε PDF Online - Απλό κείμενο σε έγγραφο PDF | HandleMyFile
/logo.png
https://handlemyfile.com/
website",0,true,29
21,https://handlemyfile.com/zh/jie-suo-pdf,在线解锁 PDF - 本地删除 PDF 密码 | HandleMyFile,text/html; charset=utf-8,false,200,0,https://handlemyfile.com/,https://handlemyfile.com/zh/jie-suo-pdf,200,,,true,"og:description
og:title
og:image
og:url
og:type","在浏览器中立即删除 PDF 文件的密码和加密。
在线解锁 PDF - 本地删除 PDF 密码 | HandleMyFile
/logo.png
https://handlemyfile.com/
website",0,true,29
21,https://handlemyfile.com/cs/ppt-do-pdf,Převést PowerPoint do PDF - PPTX Slides to PDF lokálně | HandleMyFile,text/html; charset=utf-8,false,200,0,https://handlemyfile.com/,https://handlemyfile.com/cs/ppt-do-pdf,200,,,true,"og:description
og:title
og:image
og:url
og:type","Uložte snímky prezentací PPTX jako univerzální dokumenty PDF pro snadné sdílení a tisk bez odesílání na server.
Převést PowerPoint do PDF - PPTX Slides to PDF lokálně | HandleMyFile
/logo.png
https://handlemyfile.com/
website",0,true,29
21,https://handlemyfile.com/uk/rozdiliti-pdf,Розділіть PDF онлайн - витягніть сторінки окремо | Конфіденційність на стороні клієнта | HandleMyFile,text/html; charset=utf-8,false,200,0,https://handlemyfile.com/,https://handlemyfile.com/uk/rozdiliti-pdf,200,,,true,"og:description
og:title
og:image
og:url
og:type","Розділіть одну або кілька PDF-сторінок на незалежні PDF-файли або локальний ZIP-архів. Швидкий, безпечний і на 100% базується на браузері.
Розділіть PDF онлайн - витягніть сторінки окремо | Конфіденційність на стороні клієнта | HandleMyFile
/logo.png
https://handlemyfile.com/
website",0,true,29
21,https://handlemyfile.com/ar/qs-mlf-pdf,قص ملف PDF عبر الإنترنت - إزالة الهوامش من ملف PDF محليًا | HandleMyFile,text/html; charset=utf-8,false,200,0,https://handlemyfile.com/,https://handlemyfile.com/ar/qs-mlf-pdf,200,,,true,"og:description
og:title
og:image
og:url
og:type","قم بإزالة الهوامش البيضاء أو قص صفحات PDF بحجم معين محليًا في متصفحك.
قص ملف PDF عبر الإنترنت - إزالة الهوامش من ملف PDF محليًا | HandleMyFile
/logo.png
https://handlemyfile.com/
website",0,true,29
21,https://handlemyfile.com/nl/ocr-pdf,Gratis browser-OCR - Tekst extraheren uit gescande PDF's en afbeeldingen | HandleMyFile,text/html; charset=utf-8,false,200,0,https://handlemyfile.com/,https://handlemyfile.com/nl/ocr-pdf,200,,,true,"og:description
og:title
og:image
og:url
og:type","Zet niet-doorzoekbare gescande PDF's en afbeeldingen lokaal om in bewerkbare platte tekst met behulp van meertalige WebAssembly OCR-workers.
Gratis browser-OCR - Tekst extraheren uit gescande PDF's en afbeeldingen | HandleMyFile
/logo.png
https://handlemyfile.com/
website",0,true,29
21,https://handlemyfile.com/pl/podziel-plik-pdf,Podziel plik PDF online — wyodrębnij strony osobno | Prywatność po stronie klienta | HandleMyFile,text/html; charset=utf-8,false,200,0,https://handlemyfile.com/,https://handlemyfile.com/pl/podziel-plik-pdf,200,,,true,"og:description
og:title
og:image
og:url
og:type","Podziel jedną lub więcej stron PDF na niezależne pliki PDF lub lokalne archiwum ZIP. Szybki, bezpieczny i w 100% oparty na przeglądarce.
Podziel plik PDF online — wyodrębnij strony osobno | Prywatność po stronie klienta | HandleMyFile
/logo.png
https://handlemyfile.com/
website",0,true,29
21,https://handlemyfile.com/tr/meta-verileri-kaldir,PDF Meta Verilerini Kaldır - Özellikleri Çevrimiçi Temizleme | HandleMyFile,text/html; charset=utf-8,false,200,0,https://handlemyfile.com/,https://handlemyfile.com/tr/meta-verileri-kaldir,200,,,true,"og:description
og:title
og:image
og:url
og:type","Daha iyi gizlilik için çevrimdışı olarak PDF dosyalarınızdan yazar, yaratıcı ve diğer gizli dijital ayak izi özelliklerini kaldırın.
PDF Meta Verilerini Kaldır - Özellikleri Çevrimiçi Temizleme | HandleMyFile
/logo.png
https://handlemyfile.com/
website",0,true,29
21,https://handlemyfile.com/sk/ocr-pdf,Bezplatný prehliadač OCR – extrahovanie textu z naskenovaného PDF a obrázkov | HandleMyFile,text/html; charset=utf-8,false,200,0,https://handlemyfile.com/,https://handlemyfile.com/sk/ocr-pdf,200,,,true,"og:description
og:title
og:image
og:url
og:type","Premeňte naskenované súbory PDF a obrázky bez možnosti vyhľadávania na upraviteľný obyčajný text lokálne pomocou viacjazyčných pracovníkov WebAssembly OCR.
Bezplatný prehliadač OCR – extrahovanie textu z naskenovaného PDF a obrázkov | HandleMyFile
/logo.png
https://handlemyfile.com/
website",0,true,29
21,https://handlemyfile.com/no/signer-pdf,Signer PDF Online - Legg til elektronisk signatur til PDF | HandleMyFile,text/html; charset=utf-8,false,200,0,https://handlemyfile.com/,https://handlemyfile.com/no/signer-pdf,200,,,true,"og:description
og:title
og:image
og:url
og:type","Tegn, last opp eller generer en elektronisk signatur og legg den til i PDF-en.
Signer PDF Online - Legg til elektronisk signatur til PDF | HandleMyFile
/logo.png
https://handlemyfile.com/
website",0,true,29
21,https://handlemyfile.com/uk/zvorotniy-pdf,Перевернути сторінки PDF - змінити порядок сторінок PDF у зворотному порядку | HandleMyFile,text/html; charset=utf-8,false,200,0,https://handlemyfile.com/,https://handlemyfile.com/uk/zvorotniy-pdf,200,,,true,"og:description
og:title
og:image
og:url
og:type","Миттєво змінюйте послідовність сторінок у вашому PDF-документі від останньої до першої безпечно у вашому браузері.
Перевернути сторінки PDF - змінити порядок сторінок PDF у зворотному порядку | HandleMyFile
/logo.png
https://handlemyfile.com/
website",0,true,29
21,https://handlemyfile.com/da/excel-til-pdf,Konverter Excel til PDF online - XLSX & XLS til PDF lokalt | HandleMyFile,text/html; charset=utf-8,false,200,0,https://handlemyfile.com/,https://handlemyfile.com/da/excel-til-pdf,200,,,true,"og:description
og:title
og:image
og:url
og:type","Omdan regneark og økonomiske data til rene, printbare PDF-tabeller offline i din browser.
Konverter Excel til PDF online - XLSX & XLS til PDF lokalt | HandleMyFile
/logo.png
https://handlemyfile.com/
website",0,true,29
21,https://handlemyfile.com/de/gescanntes-pdf-in-text-ocr,Convert Scanned PDF to Text | HandleMyFile,text/html; charset=utf-8,false,200,0,https://handlemyfile.com/,https://handlemyfile.com/de/gescanntes-pdf-in-text-ocr,200,,,true,"og:description
og:title
og:image
og:url
og:type","Turn non-searchable scanned PDFs and images into editable plain text locally using multi-language WebAssembly OCR workers.
Convert Scanned PDF to Text | HandleMyFile
/logo.png
https://handlemyfile.com/
website",0,true,29
21,https://handlemyfile.com/pt/comparar-pdf,Compare PDF - Encontre diferenças entre dois PDFs | HandleMyFile,text/html; charset=utf-8,false,200,0,https://handlemyfile.com/,https://handlemyfile.com/pt/comparar-pdf,200,,,true,"og:description
og:title
og:image
og:url
og:type","Carregue dois arquivos PDF e destaque localmente as diferenças visuais entre eles, pixel por pixel.
Compare PDF - Encontre diferenças entre dois PDFs | HandleMyFile
/logo.png
https://handlemyfile.com/
website",0,true,29
21,https://handlemyfile.com/el/antistrofi-pdf,Αντιστροφή σελίδων PDF - Αλλαγή σειράς σελίδων PDF προς τα πίσω | HandleMyFile,text/html; charset=utf-8,false,200,0,https://handlemyfile.com/,https://handlemyfile.com/el/antistrofi-pdf,200,,,true,"og:description
og:title
og:image
og:url
og:type","Αντιστρέψτε αμέσως τη σειρά των σελίδων στο έγγραφο PDF σας από την τελευταία στην πρώτη με ασφάλεια στο πρόγραμμα περιήγησής σας.
Αντιστροφή σελίδων PDF - Αλλαγή σειράς σελίδων PDF προς τα πίσω | HandleMyFile
/logo.png
https://handlemyfile.com/
website",0,true,29
21,https://handlemyfile.com/ru/nomera-stranic,Добавление номеров страниц в PDF — локальный верхний и нижний колонтитулы | HandleMyFile,text/html; charset=utf-8,false,200,0,https://handlemyfile.com/,https://handlemyfile.com/ru/nomera-stranic,200,,,true,"og:description
og:title
og:image
og:url
og:type","Легко добавляйте понятные, настраиваемые номера страниц в верхний или нижний колонтитул PDF-файла с полным контролем стиля в браузере.
Добавление номеров страниц в PDF — локальный верхний и нижний колонтитулы | HandleMyFile
/logo.png
https://handlemyfile.com/
website",0,true,29
21,https://handlemyfile.com/he/srvq-l-pdf,סרוק ל-PDF - הפוך את PDF לבלתי ניתן לעריכה ורסטר באינטרנט | HandleMyFile,text/html; charset=utf-8,false,200,0,https://handlemyfile.com/,https://handlemyfile.com/he/srvq-l-pdf,200,,,true,"og:description
og:title
og:image
og:url
og:type","רסטר את מסמכי ה-PDF שלך לתמונות שטוחות בתוך PDF. מונע העתקה והדבקה ועריכה בצורה מאובטחת בדפדפן שלך.
סרוק ל-PDF - הפוך את PDF לבלתי ניתן לעריכה ורסטר באינטרנט | HandleMyFile
/logo.png
https://handlemyfile.com/
website",0,true,29
21,https://handlemyfile.com/th/pdf-epn-ppt,ฟรี PDF to PowerPoint Converter (.pptx) - การอัพโหลดเป็นศูนย์ | HandleMyFile,text/html; charset=utf-8,false,200,0,https://handlemyfile.com/,https://handlemyfile.com/th/pdf-epn-ppt,200,,,true,"og:description
og:title
og:image
og:url
og:type","เปลี่ยนเอกสาร PDF หลายหน้าของคุณให้เป็นสไลด์ PowerPoint (.pptx) ที่แก้ไขได้พร้อมความเที่ยงตรงสูงภายใน RAM ของเบราว์เซอร์
ฟรี PDF to PowerPoint Converter (.pptx) - การอัพโหลดเป็นศูนย์ | HandleMyFile
/logo.png
https://handlemyfile.com/
website",0,true,29
21,https://handlemyfile.com/it/rimuovi-pagine,Rimuovi pagine PDF online - Elimina pagine da PDF localmente | HandleMyFile,text/html; charset=utf-8,false,200,0,https://handlemyfile.com/,https://handlemyfile.com/it/rimuovi-pagine,200,,,true,"og:description
og:title
og:image
og:url
og:type","Elimina le pagine indesiderate dal tuo file PDF in modo sicuro nel tuo browser.
Rimuovi pagine PDF online - Elimina pagine da PDF localmente | HandleMyFile
/logo.png
https://handlemyfile.com/
website",0,true,29
21,https://handlemyfile.com/ms/diimbas-pdf-ke-teks-ocr,Convert Scanned PDF to Text | HandleMyFile,text/html; charset=utf-8,false,200,0,https://handlemyfile.com/,https://handlemyfile.com/ms/diimbas-pdf-ke-teks-ocr,200,,,true,"og:description
og:title
og:image
og:url
og:type","Turn non-searchable scanned PDFs and images into editable plain text locally using multi-language WebAssembly OCR workers.
Convert Scanned PDF to Text | HandleMyFile
/logo.png
https://handlemyfile.com/
website",0,true,29
21,https://handlemyfile.com/ar/tnzym-qwt-ldfaa-lshaaby,تنظيم PDF عبر الإنترنت - إدراج الصفحات في PDF محليًا | HandleMyFile,text/html; charset=utf-8,false,200,0,https://handlemyfile.com/,https://handlemyfile.com/ar/tnzym-qwt-ldfaa-lshaaby,200,,,true,"og:description
og:title
og:image
og:url
og:type","قم بإدراج ملف PDF آخر في فهرس صفحة محدد بشكل آمن داخل متصفحك.
تنظيم PDF عبر الإنترنت - إدراج الصفحات في PDF محليًا | HandleMyFile
/logo.png
https://handlemyfile.com/
website",0,true,29
21,https://handlemyfile.com/ja/pdf-kaiten,オンラインで PDF ページを回転 - PDF をローカルで 90/180/270 度回転 | HandleMyFile,text/html; charset=utf-8,false,200,0,https://handlemyfile.com/,https://handlemyfile.com/ja/pdf-kaiten,200,,,true,"og:description
og:title
og:image
og:url
og:type","PDF ドキュメント内の個々のページまたはすべてのページをローカルで数秒で回転します。アップロードは必要ありません。
オンラインで PDF ページを回転 - PDF をローカルで 90/180/270 度回転 | HandleMyFile
/logo.png
https://handlemyfile.com/
website",0,true,29
21,https://handlemyfile.com/hi/reduce-pdf-size-offline,Reduce PDF Size Offline | HandleMyFile,text/html; charset=utf-8,false,200,0,https://handlemyfile.com/,https://handlemyfile.com/hi/reduce-pdf-size-offline,200,,,true,"og:description
og:title
og:image
og:url
og:type","Reduce the size of your PDF documents offline directly in your browser without any server uploads. 100% secure.
Reduce PDF Size Offline | HandleMyFile
/logo.png
https://handlemyfile.com/
website",0,true,29
21,https://handlemyfile.com/th/prabkhnaad-pdf,ปรับขนาดหน้า PDF - เปลี่ยนขนาดหน้า PDF และระยะขอบ | HandleMyFile,text/html; charset=utf-8,false,200,0,https://handlemyfile.com/,https://handlemyfile.com/th/prabkhnaad-pdf,200,,,true,"og:description
og:title
og:image
og:url
og:type","ปรับขนาดหน้า PDF ของคุณให้เป็นขนาดมาตรฐาน เช่น A4 หรือ Letter เพิ่มระยะขอบ และจัดกึ่งกลางเนื้อหาของคุณให้สมบูรณ์แบบ
ปรับขนาดหน้า PDF - เปลี่ยนขนาดหน้า PDF และระยะขอบ | HandleMyFile
/logo.png
https://handlemyfile.com/
website",0,true,29
21,https://handlemyfile.com/ar/ppt-l~-pdf,تحويل PowerPoint إلى PDF - شرائح PPTX إلى PDF محليًا | HandleMyFile,text/html; charset=utf-8,false,200,0,https://handlemyfile.com/,https://handlemyfile.com/ar/ppt-l~-pdf,200,,,true,"og:description
og:title
og:image
og:url
og:type","احفظ شرائح العرض التقديمي PPTX كمستندات PDF عالمية لسهولة المشاركة والطباعة دون تحميلات على الخادم.
تحويل PowerPoint إلى PDF - شرائح PPTX إلى PDF محليًا | HandleMyFile
/logo.png
https://handlemyfile.com/
website",0,true,29
21,https://handlemyfile.com/ar/tdrj-lrmdy-pdf,تحويل ملف PDF إلى تدرج الرمادي - ملف PDF بالأبيض والأسود عبر الإنترنت | HandleMyFile,text/html; charset=utf-8,false,200,0,https://handlemyfile.com/,https://handlemyfile.com/ar/tdrj-lrmdy-pdf,200,,,true,"og:description
og:title
og:image
og:url
og:type","قم بتحويل مستندات PDF الملونة إلى التدرج الرمادي على الفور في متصفحك لحفظ حبر الطباعة.
تحويل ملف PDF إلى تدرج الرمادي - ملف PDF بالأبيض والأسود عبر الإنترنت | HandleMyFile
/logo.png
https://handlemyfile.com/
website",0,true,29
21,https://handlemyfile.com/vi/dao-nguoc-pdf,Đảo ngược các trang PDF - Thay đổi thứ tự trang PDF ngược | HandleMyFile,text/html; charset=utf-8,false,200,0,https://handlemyfile.com/,https://handlemyfile.com/vi/dao-nguoc-pdf,200,,,true,"og:description
og:title
og:image
og:url
og:type","Đảo ngược ngay lập tức trình tự các trang trong tài liệu PDF của bạn từ trang cuối đến trang đầu tiên một cách an toàn trong trình duyệt của bạn.
Đảo ngược các trang PDF - Thay đổi thứ tự trang PDF ngược | HandleMyFile
/logo.png
https://handlemyfile.com/
website",0,true,29
21,https://handlemyfile.com/vi/gi-m-k-ch-th-c-pdf-ngo-i-tuy-n,Reduce PDF Size Offline | HandleMyFile,text/html; charset=utf-8,false,200,0,https://handlemyfile.com/,https://handlemyfile.com/vi/gi-m-k-ch-th-c-pdf-ngo-i-tuy-n,200,,,true,"og:description
og:title
og:image
og:url
og:type","Reduce the size of your PDF documents offline directly in your browser without any server uploads. 100% secure.
Reduce PDF Size Offline | HandleMyFile
/logo.png
https://handlemyfile.com/
website",0,true,29
21,https://handlemyfile.com/ja/gazo-kara-pdf,オンラインで JPG および PNG を PDF に変換 - 画像をローカルで PDF に | HandleMyFile,text/html; charset=utf-8,false,200,0,https://handlemyfile.com/,https://handlemyfile.com/ja/gazo-kara-pdf,200,,,true,"og:description
og:title
og:image
og:url
og:type","写真、スクリーンショット、または PNG/JPG 画像を、アップロードせずにローカルで 1 つのクリーンな PDF ドキュメントに結合します。
オンラインで JPG および PNG を PDF に変換 - 画像をローカルで PDF に | HandleMyFile
/logo.png
https://handlemyfile.com/
website",0,true,29
21,https://handlemyfile.com/ja/pdf-hanten,PDF ページを反転 - PDF ページの順序を逆に変更します | HandleMyFile,text/html; charset=utf-8,false,200,0,https://handlemyfile.com/,https://handlemyfile.com/ja/pdf-hanten,200,,,true,"og:description
og:title
og:image
og:url
og:type","ブラウザーで PDF ドキュメント内のページの順序を最後から最初に瞬時に安全に反転します。
PDF ページを反転 - PDF ページの順序を逆に変更します | HandleMyFile
/logo.png
https://handlemyfile.com/
website",0,true,29
21,https://handlemyfile.com/tr/pdf-sayfalar-n-s-r-kleyip-b-rakarak-yeniden-s-ralama,Reorder PDF Pages Drag and Drop Free | HandleMyFile,text/html; charset=utf-8,false,200,0,https://handlemyfile.com/,https://handlemyfile.com/tr/pdf-sayfalar-n-s-r-kleyip-b-rakarak-yeniden-s-ralama,200,,,true,"og:description
og:title
og:image
og:url
og:type","Organize and reorder pages in your PDF document visually by dragging and dropping thumbnails. 100% free and local.
Reorder PDF Pages Drag and Drop Free | HandleMyFile
/logo.png
https://handlemyfile.com/
website",0,true,29
21,https://handlemyfile.com/pl/odblokuj-pdf,Odblokuj plik PDF online — usuń hasło z pliku PDF lokalnie | HandleMyFile,text/html; charset=utf-8,false,200,0,https://handlemyfile.com/,https://handlemyfile.com/pl/odblokuj-pdf,200,,,true,"og:description
og:title
og:image
og:url
og:type","Natychmiast usuń hasło i szyfrowanie z plików PDF w przeglądarce.
Odblokuj plik PDF online — usuń hasło z pliku PDF lokalnie | HandleMyFile
/logo.png
https://handlemyfile.com/
website",0,true,29
21,https://handlemyfile.com/he/svbb-pdf,סובב דפי PDF באינטרנט - הפוך את PDF ל-90/180/270 מעלות באופן מקומי | HandleMyFile,text/html; charset=utf-8,false,200,0,https://handlemyfile.com/,https://handlemyfile.com/he/svbb-pdf,200,,,true,"og:description
og:title
og:image
og:url
og:type","סובב עמודים בודדים או כל העמודים במסמך ה-PDF שלך באופן מקומי תוך שניות. נדרשות אפס העלאות.
סובב דפי PDF באינטרנט - הפוך את PDF ל-90/180/270 מעלות באופן מקומי | HandleMyFile
/logo.png
https://handlemyfile.com/
website",0,true,29
21,https://handlemyfile.com/tr/bi-imlendirmeyi-kaybetmeden-pdf-yi-word-e-d-n-t-rme,Free PDF to Word Converter (.docx) Without Losing Formatting | HandleMyFile,text/html; charset=utf-8,false,200,0,https://handlemyfile.com/,https://handlemyfile.com/tr/bi-imlendirmeyi-kaybetmeden-pdf-yi-word-e-d-n-t-rme,200,,,true,"og:description
og:title
og:image
og:url
og:type","Extract exact text, layout runs, and paragraphs from any PDF into a clean Microsoft Word (.docx) file directly inside browser memory.
Free PDF to Word Converter (.docx) Without Losing Formatting | HandleMyFile
/logo.png
https://handlemyfile.com/
website",0,true,29
21,https://handlemyfile.com/ms/mengurangkan-saiz-pdf-di-luar-talian,Reduce PDF Size Offline | HandleMyFile,text/html; charset=utf-8,false,200,0,https://handlemyfile.com/,https://handlemyfile.com/ms/mengurangkan-saiz-pdf-di-luar-talian,200,,,true,"og:description
og:title
og:image
og:url
og:type","Reduce the size of your PDF documents offline directly in your browser without any server uploads. 100% secure.
Reduce PDF Size Offline | HandleMyFile
/logo.png
https://handlemyfile.com/
website",0,true,29
21,https://handlemyfile.com/hi/piiddiieph-ko-surkssit-rkhen,पीडीएफ को ऑनलाइन सुरक्षित रखें - पासवर्ड पीडीएफ को स्थानीय रूप से सुरक्षित रखें | HandleMyFile,text/html; charset=utf-8,false,200,0,https://handlemyfile.com/,https://handlemyfile.com/hi/piiddiieph-ko-surkssit-rkhen,200,,,true,"og:description
og:title
og:image
og:url
og:type","अपने ब्राउज़र में स्थानीय रूप से AES-256 एन्क्रिप्शन और पासवर्ड सुरक्षा के साथ अपनी पीडीएफ फाइलों को सुरक्षित करें।
पीडीएफ को ऑनलाइन सुरक्षित रखें - पासवर्ड पीडीएफ को स्थानीय रूप से सुरक्षित रखें | HandleMyFile
/logo.png
https://handlemyfile.com/
website",0,true,29
21,https://handlemyfile.com/tr/gri-tonlamali-pdf,PDF'yi Gri Tonlamaya Dönüştürme - Çevrimiçi Siyah Beyaz PDF | HandleMyFile,text/html; charset=utf-8,false,200,0,https://handlemyfile.com/,https://handlemyfile.com/tr/gri-tonlamali-pdf,200,,,true,"og:description
og:title
og:image
og:url
og:type","Baskı mürekkebinden tasarruf etmek için renkli PDF belgelerini tarayıcınızda anında gri tonlamaya dönüştürün.
PDF'yi Gri Tonlamaya Dönüştürme - Çevrimiçi Siyah Beyaz PDF | HandleMyFile
/logo.png
https://handlemyfile.com/
website",0,true,29
21,https://handlemyfile.com/he/excel-l-pdf,המר את Excel ל-PDF באינטרנט - XLSX ו-XLS ל-PDF באופן מקומי | HandleMyFile,text/html; charset=utf-8,false,200,0,https://handlemyfile.com/,https://handlemyfile.com/he/excel-l-pdf,200,,,true,"og:description
og:title
og:image
og:url
og:type","הפוך גיליונות אלקטרוניים ונתונים פיננסיים לטבלאות PDF נקיות וניתנות להדפסה במצב לא מקוון בדפדפן שלך.
המר את Excel ל-PDF באינטרנט - XLSX ו-XLS ל-PDF באופן מקומי | HandleMyFile
/logo.png
https://handlemyfile.com/
website",0,true,29
21,https://handlemyfile.com/da/signer-pdf,Signer PDF online - Føj elektronisk signatur til PDF | HandleMyFile,text/html; charset=utf-8,false,200,0,https://handlemyfile.com/,https://handlemyfile.com/da/signer-pdf,200,,,true,"og:description
og:title
og:image
og:url
og:type","Tegn, upload eller generer en elektronisk signatur og føj den til din PDF.
Signer PDF online - Føj elektronisk signatur til PDF | HandleMyFile
/logo.png
https://handlemyfile.com/
website",0,true,29
21,https://handlemyfile.com/pl/pdf-na-s-owo-bez-utraty-formatowania,Free PDF to Word Converter (.docx) Without Losing Formatting | HandleMyFile,text/html; charset=utf-8,false,200,0,https://handlemyfile.com/,https://handlemyfile.com/pl/pdf-na-s-owo-bez-utraty-formatowania,200,,,true,"og:description
og:title
og:image
og:url
og:type","Extract exact text, layout runs, and paragraphs from any PDF into a clean Microsoft Word (.docx) file directly inside browser memory.
Free PDF to Word Converter (.docx) Without Losing Formatting | HandleMyFile
/logo.png
https://handlemyfile.com/
website",0,true,29
21,https://handlemyfile.com/sk/skenovanie-do-pdf,Skenovanie do PDF – urobte PDF neupraviteľným a rastrujte online | HandleMyFile,text/html; charset=utf-8,false,200,0,https://handlemyfile.com/,https://handlemyfile.com/sk/skenovanie-do-pdf,200,,,true,"og:description
og:title
og:image
og:url
og:type","Rastrujte svoje dokumenty PDF do plochých obrázkov vo vnútri PDF. Zabraňuje bezpečnému kopírovaniu a úpravám vo vašom prehliadači.
Skenovanie do PDF – urobte PDF neupraviteľným a rastrujte online | HandleMyFile
/logo.png
https://handlemyfile.com/
website",0,true,29
21,https://handlemyfile.com/sv/excel-till-csv,Gratis Excel till CSV-konverterare (.xlsx till .csv) - Noll uppladdningar | HandleMyFile,text/html; charset=utf-8,false,200,0,https://handlemyfile.com/,https://handlemyfile.com/sv/excel-till-csv,200,,,true,"og:description
og:title
og:image
og:url
og:type","Exportera snabbt data från Microsoft Excel-kalkylblad (.xlsx, .xls) till universellt CSV-format helt i din webbläsare.
Gratis Excel till CSV-konverterare (.xlsx till .csv) - Noll uppladdningar | HandleMyFile
/logo.png
https://handlemyfile.com/
website",0,true,29
21,https://handlemyfile.com/hi/remove-pdf-password-without-password,Remove PDF Password Without Password | HandleMyFile,text/html; charset=utf-8,false,200,0,https://handlemyfile.com/,https://handlemyfile.com/hi/remove-pdf-password-without-password,200,,,true,"og:description
og:title
og:image
og:url
og:type","Remove password protection from your PDF files without needing the original password using our advanced unlock tool.
Remove PDF Password Without Password | HandleMyFile
/logo.png
https://handlemyfile.com/
website",0,true,29
21,https://handlemyfile.com/hi/chviyaan-nikaalen,पीडीएफ से छवियाँ निकालें - पीडीएफ से सभी चित्र सहेजें | HandleMyFile,text/html; charset=utf-8,false,200,0,https://handlemyfile.com/,https://handlemyfile.com/hi/chviyaan-nikaalen,200,,,true,"og:description
og:title
og:image
og:url
og:type","तुरंत अपने पीडीएफ को स्कैन करें और सभी एम्बेडेड छवियों को स्थानीय रूप से उच्च गुणवत्ता वाली जेपीजी/पीएनजी फाइलों के रूप में निकालें।
पीडीएफ से छवियाँ निकालें - पीडीएफ से सभी चित्र सहेजें | HandleMyFile
/logo.png
https://handlemyfile.com/
website",0,true,29
21,https://handlemyfile.com/el/sympiesi-pdf,Συμπίεση PDF Online - Μειώστε το μέγεθος του αρχείου κατά 60-90% τοπικά | HandleMyFile,text/html; charset=utf-8,false,200,0,https://handlemyfile.com/,https://handlemyfile.com/el/sympiesi-pdf,200,,,true,"og:description
og:title
og:image
og:url
og:type","Συρρικνώστε μεγάλα αρχεία PDF έως και 90% χρησιμοποιώντας προσαρμοστικές τεχνικές ραστεροποίησης χωρίς απώλειες και DPI απευθείας στο WebAssembly.
Συμπίεση PDF Online - Μειώστε το μέγεθος του αρχείου κατά 60-90% τοπικά | HandleMyFile
/logo.png
https://handlemyfile.com/
website",0,true,29
21,https://handlemyfile.com/fi/csv-sta-exceliin,Ilmainen CSV to Excel Converter (.xlsx) - Instant Browser Engine | HandleMyFile,text/html; charset=utf-8,false,200,0,https://handlemyfile.com/,https://handlemyfile.com/fi/csv-sta-exceliin,200,,,true,"og:description
og:title
og:image
og:url
og:type","Muuta raaka-CSV-tiedostot oikein muotoilluiksi Excel-laskentataulukoiksi, joissa on moniarkkituki ja ilman tietojen menetystä offline-tilassa.
Ilmainen CSV to Excel Converter (.xlsx) - Instant Browser Engine | HandleMyFile
/logo.png
https://handlemyfile.com/
website",0,true,29
21,https://handlemyfile.com/de/pdf-gr-e-offline-reduzieren,Reduce PDF Size Offline | HandleMyFile,text/html; charset=utf-8,false,200,0,https://handlemyfile.com/,https://handlemyfile.com/de/pdf-gr-e-offline-reduzieren,200,,,true,"og:description
og:title
og:image
og:url
og:type","Reduce the size of your PDF documents offline directly in your browser without any server uploads. 100% secure.
Reduce PDF Size Offline | HandleMyFile
/logo.png
https://handlemyfile.com/
website",0,true,29
21,https://handlemyfile.com/ko/pdf-jeongri,PDF를 온라인으로 구성 - 로컬에서 PDF에 페이지 삽입 | HandleMyFile,text/html; charset=utf-8,false,200,0,https://handlemyfile.com/,https://handlemyfile.com/ko/pdf-jeongri,200,,,true,"og:description
og:title
og:image
og:url
og:type","브라우저 내부의 특정 페이지 색인에 다른 PDF 파일을 안전하게 삽입하세요.
PDF를 온라인으로 구성 - 로컬에서 PDF에 페이지 삽입 | HandleMyFile
/logo.png
https://handlemyfile.com/
website",0,true,29
21,https://handlemyfile.com/hi/piiddiieph-kaatten,पीडीएफ को ऑनलाइन क्रॉप करें - स्थानीय रूप से पीडीएफ से मार्जिन हटाएं | HandleMyFile,text/html; charset=utf-8,false,200,0,https://handlemyfile.com/,https://handlemyfile.com/hi/piiddiieph-kaatten,200,,,true,"og:description
og:title
og:image
og:url
og:type","अपने ब्राउज़र में स्थानीय स्तर पर सफेद हाशिए हटा दें या पीडीएफ पृष्ठों को एक विशिष्ट आकार में काट लें।
पीडीएफ को ऑनलाइन क्रॉप करें - स्थानीय रूप से पीडीएफ से मार्जिन हटाएं | HandleMyFile
/logo.png
https://handlemyfile.com/
website",0,true,29
21,https://handlemyfile.com/cs/upravit-pdf,Upravit PDF – Bezpečně zatemnit text a obrázky | HandleMyFile,text/html; charset=utf-8,false,200,0,https://handlemyfile.com/,https://handlemyfile.com/cs/upravit-pdf,200,,,true,"og:description
og:title
og:image
og:url
og:type","Nakreslete redakční rámečky přes soukromé informace. Redigované stránky jsou plně rastrované, aby se trvale zničil skrytý text.
Upravit PDF – Bezpečně zatemnit text a obrázky | HandleMyFile
/logo.png
https://handlemyfile.com/
website",0,true,48
21,https://handlemyfile.com/ocr-pdf,Free Browser OCR - Extract Text from Scanned PDF & Images | HandleMyFile,text/html; charset=utf-8,false,200,0,https://handlemyfile.com/,https://handlemyfile.com/ocr-pdf,200,,,true,"og:description
og:title
og:image
og:url
og:type","Turn non-searchable scanned PDFs and images into editable plain text locally using multi-language WebAssembly OCR workers.
Free Browser OCR - Extract Text from Scanned PDF & Images | HandleMyFile
/logo.png
https://handlemyfile.com/
website",0,true,58
21,https://handlemyfile.com/zh/excel-dao-csv,免费 Excel 到 CSV 转换器（.xlsx 到 .csv）- 零上传 | HandleMyFile,text/html; charset=utf-8,false,200,0,https://handlemyfile.com/,https://handlemyfile.com/zh/excel-dao-csv,200,,,true,"og:description
og:title
og:image
og:url
og:type","完全在浏览器中将数据从 Microsoft Excel 电子表格（.xlsx、.xls）快速导出为通用 CSV 格式。
免费 Excel 到 CSV 转换器（.xlsx 到 .csv）- 零上传 | HandleMyFile
/logo.png
https://handlemyfile.com/
website",0,true,29
21,https://handlemyfile.com/pl/organizuj-pdf,Organizuj pliki PDF online — wstawiaj strony do plików PDF lokalnie | HandleMyFile,text/html; charset=utf-8,false,200,0,https://handlemyfile.com/,https://handlemyfile.com/pl/organizuj-pdf,200,,,true,"og:description
og:title
og:image
og:url
og:type","Wstaw bezpiecznie inny plik PDF w określonym indeksie strony w przeglądarce.
Organizuj pliki PDF online — wstawiaj strony do plików PDF lokalnie | HandleMyFile
/logo.png
https://handlemyfile.com/
website",0,true,29
21,https://handlemyfile.com/sk/podpisat-pdf,Podpísať PDF online – Pridať elektronický podpis do PDF | HandleMyFile,text/html; charset=utf-8,false,200,0,https://handlemyfile.com/,https://handlemyfile.com/sk/podpisat-pdf,200,,,true,"og:description
og:title
og:image
og:url
og:type","Nakreslite, nahrajte alebo vygenerujte elektronický podpis a pridajte ho do svojho PDF.
Podpísať PDF online – Pridať elektronický podpis do PDF | HandleMyFile
/logo.png
https://handlemyfile.com/
website",0,true,29
21,https://handlemyfile.com/ja/pdf-word,Free PDF to Word Converter (.docx) Without Losing Formatting | HandleMyFile,text/html; charset=utf-8,false,200,0,https://handlemyfile.com/,https://handlemyfile.com/ja/pdf-word,200,,,true,"og:description
og:title
og:image
og:url
og:type","Extract exact text, layout runs, and paragraphs from any PDF into a clean Microsoft Word (.docx) file directly inside browser memory.
Free PDF to Word Converter (.docx) Without Losing Formatting | HandleMyFile
/logo.png
https://handlemyfile.com/
website",0,true,29
21,https://handlemyfile.com/ar/ksl-l~-csv,محول مجاني من Excel إلى CSV (.xlsx إلى .csv) - صفر تحميلات | HandleMyFile,text/html; charset=utf-8,false,200,0,https://handlemyfile.com/,https://handlemyfile.com/ar/ksl-l~-csv,200,,,true,"og:description
og:title
og:image
og:url
og:type","قم بتصدير البيانات بسرعة من جداول بيانات Microsoft Excel (.xlsx، .xls) إلى تنسيق CSV العالمي بالكامل في متصفحك.
محول مجاني من Excel إلى CSV (.xlsx إلى .csv) - صفر تحميلات | HandleMyFile
/logo.png
https://handlemyfile.com/
website",0,true,29
21,https://handlemyfile.com/de/seitenzahlen,Seitenzahlen zu PDF hinzufügen – Lokale benutzerdefinierte Kopf- und Fußzeile | HandleMyFile,text/html; charset=utf-8,false,200,0,https://handlemyfile.com/,https://handlemyfile.com/de/seitenzahlen,200,,,true,"og:description
og:title
og:image
og:url
og:type","Fügen Sie ganz einfach saubere, anpassbare Seitenzahlen zu Ihrer PDF-Kopf- oder -Fußzeile hinzu, mit vollständiger Stilkontrolle in Ihrem Browser.
Seitenzahlen zu PDF hinzufügen – Lokale benutzerdefinierte Kopf- und Fußzeile | HandleMyFile
/logo.png
https://handlemyfile.com/
website",0,true,29
21,https://handlemyfile.com/ja/scanned-pdf-to-text-ocr,Convert Scanned PDF to Text | HandleMyFile,text/html; charset=utf-8,false,200,0,https://handlemyfile.com/,https://handlemyfile.com/ja/scanned-pdf-to-text-ocr,200,,,true,"og:description
og:title
og:image
og:url
og:type","Turn non-searchable scanned PDFs and images into editable plain text locally using multi-language WebAssembly OCR workers.
Convert Scanned PDF to Text | HandleMyFile
/logo.png
https://handlemyfile.com/
website",0,true,29
21,https://handlemyfile.com/el/exagogi-eikonon,Εξαγωγή εικόνων από PDF - Αποθήκευση όλων των εικόνων από PDF | HandleMyFile,text/html; charset=utf-8,false,200,0,https://handlemyfile.com/,https://handlemyfile.com/el/exagogi-eikonon,200,,,true,"og:description
og:title
og:image
og:url
og:type","Σαρώστε άμεσα το PDF σας και εξαγάγετε όλες τις ενσωματωμένες εικόνες ως αρχεία JPG/PNG υψηλής ποιότητας τοπικά.
Εξαγωγή εικόνων από PDF - Αποθήκευση όλων των εικόνων από PDF | HandleMyFile
/logo.png
https://handlemyfile.com/
website",0,true,29
21,https://handlemyfile.com/uk/povernuti-pdf,Повертайте PDF-сторінки в Інтернеті - локально повертайте PDF-файли на 90/180/270 градусів | HandleMyFile,text/html; charset=utf-8,false,200,0,https://handlemyfile.com/,https://handlemyfile.com/uk/povernuti-pdf,200,,,true,"og:description
og:title
og:image
og:url
og:type","Обертайте окремі сторінки або всі сторінки у своєму PDF-документі локально за лічені секунди. Не потрібно завантажувати.
Повертайте PDF-сторінки в Інтернеті - локально повертайте PDF-файли на 90/180/270 градусів | HandleMyFile
/logo.png
https://handlemyfile.com/
website",0,true,29
21,https://handlemyfile.com/he/khlts-tmvnvt,חלץ תמונות מ-PDF - שמור את כל התמונות מ-PDF | HandleMyFile,text/html; charset=utf-8,false,200,0,https://handlemyfile.com/,https://handlemyfile.com/he/khlts-tmvnvt,200,,,true,"og:description
og:title
og:image
og:url
og:type","סרוק באופן מיידי את ה-PDF שלך וחלץ את כל התמונות המוטבעות כקבצי JPG/PNG באיכות גבוהה באופן מקומי.
חלץ תמונות מ-PDF - שמור את כל התמונות מ-PDF | HandleMyFile
/logo.png
https://handlemyfile.com/
website",0,true,29
21,https://handlemyfile.com/sk/ppt-do-pdf,Konvertovať PowerPoint do PDF – PPTX Slides to PDF lokálne | HandleMyFile,text/html; charset=utf-8,false,200,0,https://handlemyfile.com/,https://handlemyfile.com/sk/ppt-do-pdf,200,,,true,"og:description
og:title
og:image
og:url
og:type","Uložte prezentačné snímky PPTX ako univerzálne dokumenty PDF pre jednoduché zdieľanie a tlač bez nahrávania na server.
Konvertovať PowerPoint do PDF – PPTX Slides to PDF lokálne | HandleMyFile
/logo.png
https://handlemyfile.com/
website",0,true,29
21,https://handlemyfile.com/nl/pdf-bijsnijden,PDF online bijsnijden - Marges lokaal uit PDF verwijderen | HandleMyFile,text/html; charset=utf-8,false,200,0,https://handlemyfile.com/,https://handlemyfile.com/nl/pdf-bijsnijden,200,,,true,"og:description
og:title
og:image
og:url
og:type","Verwijder witte marges of knip PDF-pagina's lokaal in uw browser op een specifiek formaat.
PDF online bijsnijden - Marges lokaal uit PDF verwijderen | HandleMyFile
/logo.png
https://handlemyfile.com/
website",0,true,29
21,https://handlemyfile.com/hi/mettaaddettaa-httaaen,पीडीएफ मेटाडेटा हटाएं - संपत्तियों को ऑनलाइन सैनिटाइज करें | HandleMyFile,text/html; charset=utf-8,false,200,0,https://handlemyfile.com/,https://handlemyfile.com/hi/mettaaddettaa-httaaen,200,,,true,"og:description
og:title
og:image
og:url
og:type","बेहतर गोपनीयता के लिए अपनी पीडीएफ फाइलों से लेखक, निर्माता और अन्य छिपे हुए डिजिटल फ़ुटप्रिंट गुणों को ऑफ़लाइन हटा दें।
पीडीएफ मेटाडेटा हटाएं - संपत्तियों को ऑनलाइन सैनिटाइज करें | HandleMyFile
/logo.png
https://handlemyfile.com/
website",0,true,29
21,https://handlemyfile.com/nl/excel-naar-pdf,Converteer Excel online naar PDF - XLSX en XLS lokaal naar PDF | HandleMyFile,text/html; charset=utf-8,false,200,0,https://handlemyfile.com/,https://handlemyfile.com/nl/excel-naar-pdf,200,,,true,"og:description
og:title
og:image
og:url
og:type","Transformeer spreadsheets en financiële gegevens offline in uw browser naar schone, afdrukbare PDF-tabellen.
Converteer Excel online naar PDF - XLSX en XLS lokaal naar PDF | HandleMyFile
/logo.png
https://handlemyfile.com/
website",0,true,29
21,https://handlemyfile.com/no/pdf-til-ppt,Gratis PDF til PowerPoint Converter (.pptx) - Null opplastinger | HandleMyFile,text/html; charset=utf-8,false,200,0,https://handlemyfile.com/,https://handlemyfile.com/no/pdf-til-ppt,200,,,true,"og:description
og:title
og:image
og:url
og:type","Gjør dine flersidede PDF-dokumenter til redigerbare PowerPoint (.pptx)-lysbilder med høy kvalitet i nettleserens RAM.
Gratis PDF til PowerPoint Converter (.pptx) - Null opplastinger | HandleMyFile
/logo.png
https://handlemyfile.com/
website",0,true,29
21,https://handlemyfile.com/ms/pdf-ke-perkataan-tanpa-kehilangan-pemformatan,Free PDF to Word Converter (.docx) Without Losing Formatting | HandleMyFile,text/html; charset=utf-8,false,200,0,https://handlemyfile.com/,https://handlemyfile.com/ms/pdf-ke-perkataan-tanpa-kehilangan-pemformatan,200,,,true,"og:description
og:title
og:image
og:url
og:type","Extract exact text, layout runs, and paragraphs from any PDF into a clean Microsoft Word (.docx) file directly inside browser memory.
Free PDF to Word Converter (.docx) Without Losing Formatting | HandleMyFile
/logo.png
https://handlemyfile.com/
website",0,true,29
21,https://handlemyfile.com/reorder-pdf-pages-drag-and-drop,Reorder PDF Pages Drag and Drop Free | HandleMyFile,text/html; charset=utf-8,false,200,0,https://handlemyfile.com/,https://handlemyfile.com/reorder-pdf-pages-drag-and-drop,200,,,true,"og:description
og:title
og:image
og:url
og:type","Organize and reorder pages in your PDF document visually by dragging and dropping thumbnails. 100% free and local.
Reorder PDF Pages Drag and Drop Free | HandleMyFile
/logo.png
https://handlemyfile.com/
website",0,true,58
21,https://handlemyfile.com/csv-to-excel,Free CSV to Excel Converter (.xlsx) - Instant Browser Engine | HandleMyFile,text/html; charset=utf-8,false,200,0,https://handlemyfile.com/,https://handlemyfile.com/csv-to-excel,200,,,true,"og:description
og:title
og:image
og:url
og:type","Turn raw CSV files into properly formatted Excel spreadsheets with multi-sheet support and zero data loss offline.
Free CSV to Excel Converter (.xlsx) - Instant Browser Engine | HandleMyFile
/logo.png
https://handlemyfile.com/
website",0,true,58
21,https://handlemyfile.com/pl/podpisz-pdf,Podpisz PDF online — dodaj podpis elektroniczny do pliku PDF | HandleMyFile,text/html; charset=utf-8,false,200,0,https://handlemyfile.com/,https://handlemyfile.com/pl/podpisz-pdf,200,,,true,"og:description
og:title
og:image
og:url
og:type","Narysuj, prześlij lub wygeneruj podpis elektroniczny i dodaj go do pliku PDF.
Podpisz PDF online — dodaj podpis elektroniczny do pliku PDF | HandleMyFile
/logo.png
https://handlemyfile.com/
website",0,true,29
21,https://handlemyfile.com/ms/ekstrak-imej,Ekstrak Imej daripada PDF - Simpan Semua Gambar daripada PDF | HandleMyFile,text/html; charset=utf-8,false,200,0,https://handlemyfile.com/,https://handlemyfile.com/ms/ekstrak-imej,200,,,true,"og:description
og:title
og:image
og:url
og:type","Imbas serta-merta PDF anda dan ekstrak semua imej terbenam sebagai fail JPG/PNG berkualiti tinggi secara setempat.
Ekstrak Imej daripada PDF - Simpan Semua Gambar daripada PDF | HandleMyFile
/logo.png
https://handlemyfile.com/
website",0,true,29
21,https://handlemyfile.com/ar/tgyyr-hjm-qwt-ldfaa-lshaaby,تغيير حجم صفحات PDF - تغيير حجم صفحة PDF والهوامش | HandleMyFile,text/html; charset=utf-8,false,200,0,https://handlemyfile.com/,https://handlemyfile.com/ar/tgyyr-hjm-qwt-ldfaa-lshaaby,200,,,true,"og:description
og:title
og:image
og:url
og:type","قم بتغيير حجم صفحات PDF الخاصة بك إلى أحجام قياسية مثل A4 أو Letter، وأضف الهوامش، وقم بتوسيط المحتوى الخاص بك بشكل مثالي.
تغيير حجم صفحات PDF - تغيير حجم صفحة PDF والهوامش | HandleMyFile
/logo.png
https://handlemyfile.com/
website",0,true,29
21,https://handlemyfile.com/hu/vizjel-pdf,Vízjel hozzáadása a PDF-hez – Egyéni szöveg vagy kép bélyegzése helyileg | HandleMyFile,text/html; charset=utf-8,false,200,0,https://handlemyfile.com/,https://handlemyfile.com/hu/vizjel-pdf,200,,,true,"og:description
og:title
og:image
og:url
og:type","Védje szellemi tulajdonát azáltal, hogy átlátszó szöveget vagy képet vízjeleket bélyegz PDF-oldalaira offline módban.
Vízjel hozzáadása a PDF-hez – Egyéni szöveg vagy kép bélyegzése helyileg | HandleMyFile
/logo.png
https://handlemyfile.com/
website",0,true,29
21,https://handlemyfile.com/compare-pdf,Compare PDF - Find Differences Between Two PDFs | HandleMyFile,text/html; charset=utf-8,false,200,0,https://handlemyfile.com/,https://handlemyfile.com/compare-pdf,200,,,true,"og:description
og:title
og:image
og:url
og:type","Upload two PDF files and highlight the visual differences between them pixel-by-pixel locally.
Compare PDF - Find Differences Between Two PDFs | HandleMyFile
/logo.png
https://handlemyfile.com/
website",0,true,58
21,https://handlemyfile.com/el/ocr-pdf,Δωρεάν OCR προγράμματος περιήγησης - Εξαγωγή κειμένου από σαρωμένο PDF & εικόνες | HandleMyFile,text/html; charset=utf-8,false,200,0,https://handlemyfile.com/,https://handlemyfile.com/el/ocr-pdf,200,,,true,"og:description
og:title
og:image
og:url
og:type","Μετατρέψτε τα σαρωμένα PDF και τις εικόνες που δεν μπορούν να αναζητηθούν σε επεξεργάσιμο απλό κείμενο τοπικά χρησιμοποιώντας πολυγλωσσικά προγράμματα OCR WebAssembly.
Δωρεάν OCR προγράμματος περιήγησης - Εξαγωγή κειμένου από σαρωμένο PDF & εικόνες | HandleMyFile
/logo.png
https://handlemyfile.com/
website",0,true,29
21,https://handlemyfile.com/pl/excel-do-pdf,Konwertuj program Excel do formatu PDF online — XLSX i XLS do formatu PDF lokalnie | HandleMyFile,text/html; charset=utf-8,false,200,0,https://handlemyfile.com/,https://handlemyfile.com/pl/excel-do-pdf,200,,,true,"og:description
og:title
og:image
og:url
og:type","Przekształcaj arkusze kalkulacyjne i dane finansowe w przejrzyste tabele PDF, które można wydrukować w trybie offline w przeglądarce.
Konwertuj program Excel do formatu PDF online — XLSX i XLS do formatu PDF lokalnie | HandleMyFile
/logo.png
https://handlemyfile.com/
website",0,true,29
21,https://handlemyfile.com/uk/scanned-pdf-to-text-ocr,Convert Scanned PDF to Text | HandleMyFile,text/html; charset=utf-8,false,200,0,https://handlemyfile.com/,https://handlemyfile.com/uk/scanned-pdf-to-text-ocr,200,,,true,"og:description
og:title
og:image
og:url
og:type","Turn non-searchable scanned PDFs and images into editable plain text locally using multi-language WebAssembly OCR workers.
Convert Scanned PDF to Text | HandleMyFile
/logo.png
https://handlemyfile.com/
website",0,true,29
21,https://handlemyfile.com/zh/cai-jian-pdf,在线裁剪 PDF - 本地删除 PDF 的边距 | HandleMyFile,text/html; charset=utf-8,false,200,0,https://handlemyfile.com/,https://handlemyfile.com/zh/cai-jian-pdf,200,,,true,"og:description
og:title
og:image
og:url
og:type","在浏览器中本地删除白边距或将 PDF 页面剪切为特定尺寸。
在线裁剪 PDF - 本地删除 PDF 的边距 | HandleMyFile
/logo.png
https://handlemyfile.com/
website",0,true,29
21,https://handlemyfile.com/el/diorthosi-pdf,Redact PDF - Ασφαλής συσκότιση κειμένου και εικόνων | HandleMyFile,text/html; charset=utf-8,false,200,0,https://handlemyfile.com/,https://handlemyfile.com/el/diorthosi-pdf,200,,,true,"og:description
og:title
og:image
og:url
og:type","Σχεδιάστε πλαίσια διόρθωσης πάνω από προσωπικές πληροφορίες. Οι σελίδες που έχουν υποστεί επεξεργασία είναι πλήρως ραστεροποιημένες για να καταστρέψουν οριστικά το κρυφό κείμενο.
Redact PDF - Ασφαλής συσκότιση κειμένου και εικόνων | HandleMyFile
/logo.png
https://handlemyfile.com/
website",0,true,29
21,https://handlemyfile.com/ar/tdwyr-pdf,تدوير صفحات PDF عبر الإنترنت - تحويل PDF إلى 90/180/270 درجة محليًا | HandleMyFile,text/html; charset=utf-8,false,200,0,https://handlemyfile.com/,https://handlemyfile.com/ar/tdwyr-pdf,200,,,true,"og:description
og:title
og:image
og:url
og:type","قم بتدوير الصفحات الفردية أو جميع الصفحات في مستند PDF الخاص بك محليًا في ثوانٍ. التحميلات صفر المطلوبة.
تدوير صفحات PDF عبر الإنترنت - تحويل PDF إلى 90/180/270 درجة محليًا | HandleMyFile
/logo.png
https://handlemyfile.com/
website",0,true,29
21,https://handlemyfile.com/nl/pdf-pagina-s-opnieuw-ordenen-slepen-en-neerzetten,Reorder PDF Pages Drag and Drop Free | HandleMyFile,text/html; charset=utf-8,false,200,0,https://handlemyfile.com/,https://handlemyfile.com/nl/pdf-pagina-s-opnieuw-ordenen-slepen-en-neerzetten,200,,,true,"og:description
og:title
og:image
og:url
og:type","Organize and reorder pages in your PDF document visually by dragging and dropping thumbnails. 100% free and local.
Reorder PDF Pages Drag and Drop Free | HandleMyFile
/logo.png
https://handlemyfile.com/
website",0,true,29
21,https://handlemyfile.com/ja/peji-bango,PDF にページ番号を追加 - カスタム ヘッダーとフッターをローカルで | HandleMyFile,text/html; charset=utf-8,false,200,0,https://handlemyfile.com/,https://handlemyfile.com/ja/peji-bango,200,,,true,"og:description
og:title
og:image
og:url
og:type","ブラウザで完全なスタイル コントロールを使用して、きれいでカスタマイズ可能なページ番号を PDF ヘッダーまたはフッターに簡単に追加できます。
PDF にページ番号を追加 - カスタム ヘッダーとフッターをローカルで | HandleMyFile
/logo.png
https://handlemyfile.com/
website",0,true,29
21,https://handlemyfile.com/es/comprimir-pdf,Comprima PDF en línea: reduzca el tamaño del archivo entre un 60 y un 90 % localmente | HandleMyFile,text/html; charset=utf-8,false,200,0,https://handlemyfile.com/,https://handlemyfile.com/es/comprimir-pdf,200,,,true,"og:description
og:title
og:image
og:url
og:type","Reduzca archivos PDF de gran tamaño hasta un 90 % utilizando técnicas adaptativas de rasterización sin pérdidas y de DPI directamente en WebAssembly.
Comprima PDF en línea: reduzca el tamaño del archivo entre un 60 y un 90 % localmente | HandleMyFile
/logo.png
https://handlemyfile.com/
website",0,true,29
21,https://handlemyfile.com/ro/rotiti-pdf,Rotiți paginile PDF online - Rotiți PDF-ul la 90/180/270 de grade local | HandleMyFile,text/html; charset=utf-8,false,200,0,https://handlemyfile.com/,https://handlemyfile.com/ro/rotiti-pdf,200,,,true,"og:description
og:title
og:image
og:url
og:type","Rotiți local paginile individuale sau toate paginile din documentul PDF în câteva secunde. Nu sunt necesare încărcări.
Rotiți paginile PDF online - Rotiți PDF-ul la 90/180/270 de grade local | HandleMyFile
/logo.png
https://handlemyfile.com/
website",0,true,29
21,https://handlemyfile.com/hi/osiiaar-piiddiieph,मुफ़्त ब्राउज़र ओसीआर - स्कैन की गई पीडीएफ और छवियों से टेक्स्ट निकालें | HandleMyFile,text/html; charset=utf-8,false,200,0,https://handlemyfile.com/,https://handlemyfile.com/hi/osiiaar-piiddiieph,200,,,true,"og:description
og:title
og:image
og:url
og:type","बहु-भाषा वेबअसेंबली ओसीआर कार्यकर्ताओं का उपयोग करके स्थानीय रूप से गैर-खोज योग्य स्कैन की गई पीडीएफ और छवियों को संपादन योग्य सादे पाठ में बदलें।
मुफ़्त ब्राउज़र ओसीआर - स्कैन की गई पीडीएफ और छवियों से टेक्स्ट निकालें | HandleMyFile
/logo.png
https://handlemyfile.com/
website",0,true,29
21,https://handlemyfile.com/nl/pdf-naar-afbeelding,Converteer PDF naar JPG/PNG-afbeeldingen online - Pagina's uitpakken naar ZIP | HandleMyFile,text/html; charset=utf-8,false,200,0,https://handlemyfile.com/,https://handlemyfile.com/nl/pdf-naar-afbeelding,200,,,true,"og:description
og:title
og:image
og:url
og:type","Raster PDF-pagina's lokaal in kristalheldere PNG/JPG-afbeeldingen. Afzonderlijk downloaden of als snel ZIP-archief.
Converteer PDF naar JPG/PNG-afbeeldingen online - Pagina's uitpakken naar ZIP | HandleMyFile
/logo.png
https://handlemyfile.com/
website",0,true,29
21,https://handlemyfile.com/th/lbhnaa,ลบหน้า PDF ออนไลน์ - ลบหน้าออกจาก PDF ในเครื่อง | HandleMyFile,text/html; charset=utf-8,false,200,0,https://handlemyfile.com/,https://handlemyfile.com/th/lbhnaa,200,,,true,"og:description
og:title
og:image
og:url
og:type","ลบหน้าที่ไม่ต้องการออกจากไฟล์ PDF ของคุณอย่างปลอดภัยภายในเบราว์เซอร์ของคุณ
ลบหน้า PDF ออนไลน์ - ลบหน้าออกจาก PDF ในเครื่อง | HandleMyFile
/logo.png
https://handlemyfile.com/
website",0,true,29
21,https://handlemyfile.com/sk/excel-do-pdf,Prevod Excelu do PDF online – XLSX a XLS do PDF lokálne | HandleMyFile,text/html; charset=utf-8,false,200,0,https://handlemyfile.com/,https://handlemyfile.com/sk/excel-do-pdf,200,,,true,"og:description
og:title
og:image
og:url
og:type","Transformujte tabuľky a finančné údaje na čisté, tlačiteľné PDF tabuľky offline vo vašom prehliadači.
Prevod Excelu do PDF online – XLSX a XLS do PDF lokálne | HandleMyFile
/logo.png
https://handlemyfile.com/
website",0,true,29
21,https://handlemyfile.com/es/csv-a-excel,Convertidor gratuito de CSV a Excel (.xlsx) - Motor de navegador instantáneo | HandleMyFile,text/html; charset=utf-8,false,200,0,https://handlemyfile.com/,https://handlemyfile.com/es/csv-a-excel,200,,,true,"og:description
og:title
og:image
og:url
og:type","Convierta archivos CSV sin formato en hojas de cálculo de Excel con el formato adecuado, con soporte para varias hojas y sin pérdida de datos sin conexión.
Convertidor gratuito de CSV a Excel (.xlsx) - Motor de navegador instantáneo | HandleMyFile
/logo.png
https://handlemyfile.com/
website",0,true,29
21,https://handlemyfile.com/th/lbkh-muulemtaa,ลบข้อมูลเมตา PDF - ฆ่าเชื้อคุณสมบัติออนไลน์ | HandleMyFile,text/html; charset=utf-8,false,200,0,https://handlemyfile.com/,https://handlemyfile.com/th/lbkh-muulemtaa,200,,,true,"og:description
og:title
og:image
og:url
og:type","ลบผู้เขียน ผู้สร้าง และคุณสมบัติรอยเท้าดิจิทัลที่ซ่อนอยู่ออกจากไฟล์ PDF ของคุณแบบออฟไลน์เพื่อความเป็นส่วนตัวที่ดีขึ้น
ลบข้อมูลเมตา PDF - ฆ่าเชื้อคุณสมบัติออนไลน์ | HandleMyFile
/logo.png
https://handlemyfile.com/
website",0,true,29
21,https://handlemyfile.com/ro/redimensionati-pdf,Redimensionați paginile PDF - Schimbați dimensiunea paginii PDF și marginile | HandleMyFile,text/html; charset=utf-8,false,200,0,https://handlemyfile.com/,https://handlemyfile.com/ro/redimensionati-pdf,200,,,true,"og:description
og:title
og:image
og:url
og:type","Redimensionați paginile PDF la dimensiuni standard, cum ar fi A4 sau Letter, adăugați margini și centrați perfect conținutul.
Redimensionați paginile PDF - Schimbați dimensiunea paginii PDF și marginile | HandleMyFile
/logo.png
https://handlemyfile.com/
website",0,true,29
21,https://handlemyfile.com/da/sammenlign-pdf,Sammenlign PDF - Find forskelle mellem to PDF'er | HandleMyFile,text/html; charset=utf-8,false,200,0,https://handlemyfile.com/,https://handlemyfile.com/da/sammenlign-pdf,200,,,true,"og:description
og:title
og:image
og:url
og:type","Upload to PDF-filer, og fremhæv de visuelle forskelle mellem dem pixel-for-pixel lokalt.
Sammenlign PDF - Find forskelle mellem to PDF'er | HandleMyFile
/logo.png
https://handlemyfile.com/
website",0,true,29
21,https://handlemyfile.com/ru/udalit-metadannye,Удаление метаданных PDF — очистка свойств онлайн | HandleMyFile,text/html; charset=utf-8,false,200,0,https://handlemyfile.com/,https://handlemyfile.com/ru/udalit-metadannye,200,,,true,"og:description
og:title
og:image
og:url
og:type","Удалите автора, создателя и другие скрытые свойства цифрового следа из ваших PDF-файлов в автономном режиме, чтобы повысить конфиденциальность.
Удаление метаданных PDF — очистка свойств онлайн | HandleMyFile
/logo.png
https://handlemyfile.com/
website",0,true,29
21,https://handlemyfile.com/id/kurangi-ukuran-pdf-secara-offline,Kurangi Ukuran PDF Offline | HandleMyFile,text/html; charset=utf-8,false,200,0,https://handlemyfile.com/,https://handlemyfile.com/id/kurangi-ukuran-pdf-secara-offline,200,,,true,"og:description
og:title
og:image
og:url
og:type","Kompres dokumen PDF Anda secara lokal langsung di memori browser Anda, tanpa internet, tanpa unggahan ke server.
Kurangi Ukuran PDF Offline | HandleMyFile
/logo.png
https://handlemyfile.com/
website",0,true,29
21,https://handlemyfile.com/compress-pdf,Compress PDF Online - Reduce File Size by 60-90% Locally | HandleMyFile,text/html; charset=utf-8,false,200,0,https://handlemyfile.com/,https://handlemyfile.com/compress-pdf,200,,,true,"og:description
og:title
og:image
og:url
og:type","Shrink large PDF files up to 90% using adaptive lossless and DPI rasterization techniques directly in WebAssembly.
Compress PDF Online - Reduce File Size by 60-90% Locally | HandleMyFile
/logo.png
https://handlemyfile.com/
website",0,true,58
21,https://handlemyfile.com/ar/scanned-pdf-to-text-ocr,Convert Scanned PDF to Text | HandleMyFile,text/html; charset=utf-8,false,200,0,https://handlemyfile.com/,https://handlemyfile.com/ar/scanned-pdf-to-text-ocr,200,,,true,"og:description
og:title
og:image
og:url
og:type","Turn non-searchable scanned PDFs and images into editable plain text locally using multi-language WebAssembly OCR workers.
Convert Scanned PDF to Text | HandleMyFile
/logo.png
https://handlemyfile.com/
website",0,true,29
21,https://handlemyfile.com/sv/pdf-till-word-utan-att-f-rlora-formatering,Free PDF to Word Converter (.docx) Without Losing Formatting | HandleMyFile,text/html; charset=utf-8,false,200,0,https://handlemyfile.com/,https://handlemyfile.com/sv/pdf-till-word-utan-att-f-rlora-formatering,200,,,true,"og:description
og:title
og:image
og:url
og:type","Extract exact text, layout runs, and paragraphs from any PDF into a clean Microsoft Word (.docx) file directly inside browser memory.
Free PDF to Word Converter (.docx) Without Losing Formatting | HandleMyFile
/logo.png
https://handlemyfile.com/
website",0,true,29
21,https://handlemyfile.com/tr/evrimd-pdf-boyutunu-k-lt,Reduce PDF Size Offline | HandleMyFile,text/html; charset=utf-8,false,200,0,https://handlemyfile.com/,https://handlemyfile.com/tr/evrimd-pdf-boyutunu-k-lt,200,,,true,"og:description
og:title
og:image
og:url
og:type","Reduce the size of your PDF documents offline directly in your browser without any server uploads. 100% secure.
Reduce PDF Size Offline | HandleMyFile
/logo.png
https://handlemyfile.com/
website",0,true,29
21,https://handlemyfile.com/cs/usporadat-pdf,Uspořádejte PDF online – vložení stránek do PDF lokálně | HandleMyFile,text/html; charset=utf-8,false,200,0,https://handlemyfile.com/,https://handlemyfile.com/cs/usporadat-pdf,200,,,true,"og:description
og:title
og:image
og:url
og:type","Vložte další soubor PDF na konkrétní index stránky bezpečně do vašeho prohlížeče.
Uspořádejte PDF online – vložení stránek do PDF lokálně | HandleMyFile
/logo.png
https://handlemyfile.com/
website",0,true,29
21,https://handlemyfile.com/ko/reorder-pdf-pages-drag-and-drop,Reorder PDF Pages Drag and Drop Free | HandleMyFile,text/html; charset=utf-8,false,200,0,https://handlemyfile.com/,https://handlemyfile.com/ko/reorder-pdf-pages-drag-and-drop,200,,,true,"og:description
og:title
og:image
og:url
og:type","Organize and reorder pages in your PDF document visually by dragging and dropping thumbnails. 100% free and local.
Reorder PDF Pages Drag and Drop Free | HandleMyFile
/logo.png
https://handlemyfile.com/
website",0,true,29
21,https://handlemyfile.com/he/pdf-l-ppt,ממיר PDF ל-PowerPoint בחינם (.pptx) - אפס העלאות | HandleMyFile,text/html; charset=utf-8,false,200,0,https://handlemyfile.com/,https://handlemyfile.com/he/pdf-l-ppt,200,,,true,"og:description
og:title
og:image
og:url
og:type","הפוך את מסמכי ה-PDF מרובי העמודים שלך לשקופיות PowerPoint (.pptx) הניתנות לעריכה עם נאמנות גבוהה בתוך זיכרון ה-RAM של הדפדפן.
ממיר PDF ל-PowerPoint בחינם (.pptx) - אפס העלאות | HandleMyFile
/logo.png
https://handlemyfile.com/
website",0,true,29
21,https://handlemyfile.com/sk/komprimovat-pdf,Komprimujte PDF online – Znížte veľkosť súboru o 60 – 90 % lokálne | HandleMyFile,text/html; charset=utf-8,false,200,0,https://handlemyfile.com/,https://handlemyfile.com/sk/komprimovat-pdf,200,,,true,"og:description
og:title
og:image
og:url
og:type","Zmenšite veľké súbory PDF až o 90 % pomocou adaptívnych bezstratových techník a techník rasterizácie DPI priamo vo WebAssembly.
Komprimujte PDF online – Znížte veľkosť súboru o 60 – 90 % lokálne | HandleMyFile
/logo.png
https://handlemyfile.com/
website",0,true,29
21,https://handlemyfile.com/no/fjern-metadata,Fjern PDF-metadata - Sanitize Properties Online | HandleMyFile,text/html; charset=utf-8,false,200,0,https://handlemyfile.com/,https://handlemyfile.com/no/fjern-metadata,200,,,true,"og:description
og:title
og:image
og:url
og:type","Fjern forfatter, skaper og andre skjulte digitale fotavtrykksegenskaper fra PDF-filene dine offline for bedre personvern.
Fjern PDF-metadata - Sanitize Properties Online | HandleMyFile
/logo.png
https://handlemyfile.com/
website",0,true,29
21,https://handlemyfile.com/no/skann-til-pdf,Skann til PDF - Gjør PDF uredigerbar og rasteriser online | HandleMyFile,text/html; charset=utf-8,false,200,0,https://handlemyfile.com/,https://handlemyfile.com/no/skann-til-pdf,200,,,true,"og:description
og:title
og:image
og:url
og:type","Rasteriser PDF-dokumentene dine til flate bilder inne i en PDF. Forhindrer kopiering og liming og redigering sikkert i nettleseren din.
Skann til PDF - Gjør PDF uredigerbar og rasteriser online | HandleMyFile
/logo.png
https://handlemyfile.com/
website",0,true,29
21,https://handlemyfile.com/zh/remove-pdf-password-without-password,Remove PDF Password Without Password | HandleMyFile,text/html; charset=utf-8,false,200,0,https://handlemyfile.com/,https://handlemyfile.com/zh/remove-pdf-password-without-password,200,,,true,"og:description
og:title
og:image
og:url
og:type","Remove password protection from your PDF files without needing the original password using our advanced unlock tool.
Remove PDF Password Without Password | HandleMyFile
/logo.png
https://handlemyfile.com/
website",0,true,29
21,https://handlemyfile.com/zh/hui-du-pdf,将 PDF 转换为灰度 - 在线黑白 PDF | HandleMyFile,text/html; charset=utf-8,false,200,0,https://handlemyfile.com/,https://handlemyfile.com/zh/hui-du-pdf,200,,,true,"og:description
og:title
og:image
og:url
og:type","在浏览器中立即将彩色 PDF 文档转换为灰度以节省印刷墨水。
将 PDF 转换为灰度 - 在线黑白 PDF | HandleMyFile
/logo.png
https://handlemyfile.com/
website",0,true,29
21,https://handlemyfile.com/ko/pdfreul-boho,PDF를 온라인으로 보호 - 비밀번호로 PDF를 로컬로 보호 | HandleMyFile,text/html; charset=utf-8,false,200,0,https://handlemyfile.com/,https://handlemyfile.com/ko/pdfreul-boho,200,,,true,"og:description
og:title
og:image
og:url
og:type","브라우저에서 로컬로 AES-256 암호화 및 비밀번호 보호를 통해 PDF 파일을 보호하세요.
PDF를 온라인으로 보호 - 비밀번호로 PDF를 로컬로 보호 | HandleMyFile
/logo.png
https://handlemyfile.com/
website",0,true,29
21,https://handlemyfile.com/pt/remover-paginas,Remover páginas de PDF online - Excluir páginas de PDF localmente | HandleMyFile,text/html; charset=utf-8,false,200,0,https://handlemyfile.com/,https://handlemyfile.com/pt/remover-paginas,200,,,true,"og:description
og:title
og:image
og:url
og:type","Exclua páginas indesejadas do seu arquivo PDF com segurança dentro do seu navegador.
Remover páginas de PDF online - Excluir páginas de PDF localmente | HandleMyFile
/logo.png
https://handlemyfile.com/
website",0,true,29
21,https://handlemyfile.com/ro/pdf-n-word-f-r-a-pierde-formatarea,Free PDF to Word Converter (.docx) Without Losing Formatting | HandleMyFile,text/html; charset=utf-8,false,200,0,https://handlemyfile.com/,https://handlemyfile.com/ro/pdf-n-word-f-r-a-pierde-formatarea,200,,,true,"og:description
og:title
og:image
og:url
og:type","Extract exact text, layout runs, and paragraphs from any PDF into a clean Microsoft Word (.docx) file directly inside browser memory.
Free PDF to Word Converter (.docx) Without Losing Formatting | HandleMyFile
/logo.png
https://handlemyfile.com/
website",0,true,29
21,https://handlemyfile.com/hu/resize-pdf,PDF-oldalak átméretezése – PDF-oldalméret és margók módosítása | HandleMyFile,text/html; charset=utf-8,false,200,0,https://handlemyfile.com/,https://handlemyfile.com/hu/resize-pdf,200,,,true,"og:description
og:title
og:image
og:url
og:type","Méretezze át PDF-oldalait szabványos méretűre, például A4-re vagy Letterre, adjon hozzá margót, és állítsa tökéletesen középre a tartalmat.
PDF-oldalak átméretezése – PDF-oldalméret és margók módosítása | HandleMyFile
/logo.png
https://handlemyfile.com/
website",0,true,29
21,https://handlemyfile.com/ko/ocr-pdf,무료 브라우저 OCR - 스캔한 PDF 및 이미지에서 텍스트 추출 | HandleMyFile,text/html; charset=utf-8,false,200,0,https://handlemyfile.com/,https://handlemyfile.com/ko/ocr-pdf,200,,,true,"og:description
og:title
og:image
og:url
og:type","다국어 WebAssembly OCR 작업자를 사용하여 검색 불가능한 스캔 PDF 및 이미지를 로컬에서 편집 가능한 일반 텍스트로 변환합니다.
무료 브라우저 OCR - 스캔한 PDF 및 이미지에서 텍스트 추출 | HandleMyFile
/logo.png
https://handlemyfile.com/
website",0,true,29
21,https://handlemyfile.com/es/proteger-pdf,Proteger PDF en línea - Proteger PDF con contraseña localmente | HandleMyFile,text/html; charset=utf-8,false,200,0,https://handlemyfile.com/,https://handlemyfile.com/es/proteger-pdf,200,,,true,"og:description
og:title
og:image
og:url
og:type","Proteja sus archivos PDF con cifrado AES-256 y protección con contraseña localmente en su navegador.
Proteger PDF en línea - Proteger PDF con contraseña localmente | HandleMyFile
/logo.png
https://handlemyfile.com/
website",0,true,29
21,https://handlemyfile.com/fi/pdf-to-ppt,Ilmainen PDF to PowerPoint Converter (.pptx) - Nolla latausta | HandleMyFile,text/html; charset=utf-8,false,200,0,https://handlemyfile.com/,https://handlemyfile.com/fi/pdf-to-ppt,200,,,true,"og:description
og:title
og:image
og:url
og:type","Muuta monisivuiset PDF-asiakirjasi muokattaviksi PowerPoint (.pptx) -dioiksi erittäin tarkasti selaimen RAM-muistissa.
Ilmainen PDF to PowerPoint Converter (.pptx) - Nolla latausta | HandleMyFile
/logo.png
https://handlemyfile.com/
website",0,true,29
21,https://handlemyfile.com/ar/zl-lsfht,إزالة صفحات PDF عبر الإنترنت - حذف الصفحات من PDF محليًا | HandleMyFile,text/html; charset=utf-8,false,200,0,https://handlemyfile.com/,https://handlemyfile.com/ar/zl-lsfht,200,,,true,"og:description
og:title
og:image
og:url
og:type","احذف الصفحات غير المرغوب فيها من ملف PDF الخاص بك بشكل آمن داخل متصفحك.
إزالة صفحات PDF عبر الإنترنت - حذف الصفحات من PDF محليًا | HandleMyFile
/logo.png
https://handlemyfile.com/
website",0,true,29
21,https://handlemyfile.com/sv/ta-bort-sidor,Ta bort PDF-sidor online - Ta bort sidor från PDF lokalt | HandleMyFile,text/html; charset=utf-8,false,200,0,https://handlemyfile.com/,https://handlemyfile.com/sv/ta-bort-sidor,200,,,true,"og:description
og:title
og:image
og:url
og:type","Ta bort oönskade sidor från din PDF-fil säkert i din webbläsare.
Ta bort PDF-sidor online - Ta bort sidor från PDF lokalt | HandleMyFile
/logo.png
https://handlemyfile.com/
website",0,true,29
21,https://handlemyfile.com/no/ppt-til-pdf,Konverter PowerPoint til PDF - PPTX-lysbilder til PDF lokalt | HandleMyFile,text/html; charset=utf-8,false,200,0,https://handlemyfile.com/,https://handlemyfile.com/no/ppt-til-pdf,200,,,true,"og:description
og:title
og:image
og:url
og:type","Lagre PPTX presentasjonslysbilder som universelle PDF-dokumenter for enkel deling og utskrift uten serveropplastinger.
Konverter PowerPoint til PDF - PPTX-lysbilder til PDF lokalt | HandleMyFile
/logo.png
https://handlemyfile.com/
website",0,true,29
21,https://handlemyfile.com/th/aeykruupphaaph,แยกรูปภาพจาก PDF - บันทึกรูปภาพทั้งหมดจาก PDF | HandleMyFile,text/html; charset=utf-8,false,200,0,https://handlemyfile.com/,https://handlemyfile.com/th/aeykruupphaaph,200,,,true,"og:description
og:title
og:image
og:url
og:type","สแกน PDF ของคุณทันทีและแยกรูปภาพที่ฝังไว้ทั้งหมดเป็นไฟล์ JPG/PNG คุณภาพสูงในเครื่อง
แยกรูปภาพจาก PDF - บันทึกรูปภาพทั้งหมดจาก PDF | HandleMyFile
/logo.png
https://handlemyfile.com/
website",0,true,29
21,https://handlemyfile.com/th/txt-epn-pdf,แปลง TXT เป็น PDF ออนไลน์ - ข้อความธรรมดาเป็นเอกสาร PDF | HandleMyFile,text/html; charset=utf-8,false,200,0,https://handlemyfile.com/,https://handlemyfile.com/th/txt-epn-pdf,200,,,true,"og:description
og:title
og:image
og:url
og:type","เปลี่ยนไฟล์ข้อความธรรมดาหรือบันทึกโค้ดให้เป็นเอกสาร PDF ที่มีโครงสร้างดีและอ่านง่ายได้อย่างรวดเร็วในเบราว์เซอร์ของคุณ
แปลง TXT เป็น PDF ออนไลน์ - ข้อความธรรมดาเป็นเอกสาร PDF | HandleMyFile
/logo.png
https://handlemyfile.com/
website",0,true,29
21,https://handlemyfile.com/pl/usun-metadane,Usuń metadane PDF — oczyść właściwości online | HandleMyFile,text/html; charset=utf-8,false,200,0,https://handlemyfile.com/,https://handlemyfile.com/pl/usun-metadane,200,,,true,"og:description
og:title
og:image
og:url
og:type","Usuń autora, twórcę i inne ukryte właściwości śladu cyfrowego z plików PDF w trybie offline, aby zapewnić lepszą prywatność.
Usuń metadane PDF — oczyść właściwości online | HandleMyFile
/logo.png
https://handlemyfile.com/
website",0,true,29
21,https://handlemyfile.com/el/katargisi-selidon,Κατάργηση σελίδων PDF Online - Διαγραφή σελίδων από PDF Τοπικά | HandleMyFile,text/html; charset=utf-8,false,200,0,https://handlemyfile.com/,https://handlemyfile.com/el/katargisi-selidon,200,,,true,"og:description
og:title
og:image
og:url
og:type","Διαγράψτε τις ανεπιθύμητες σελίδες από το αρχείο PDF σας με ασφάλεια μέσα στο πρόγραμμα περιήγησής σας.
Κατάργηση σελίδων PDF Online - Διαγραφή σελίδων από PDF Τοπικά | HandleMyFile
/logo.png
https://handlemyfile.com/
website",0,true,29
21,https://handlemyfile.com/he/remove-pdf-password-without-password,Remove PDF Password Without Password | HandleMyFile,text/html; charset=utf-8,false,200,0,https://handlemyfile.com/,https://handlemyfile.com/he/remove-pdf-password-without-password,200,,,true,"og:description
og:title
og:image
og:url
og:type","Remove password protection from your PDF files without needing the original password using our advanced unlock tool.
Remove PDF Password Without Password | HandleMyFile
/logo.png
https://handlemyfile.com/
website",0,true,29
21,https://handlemyfile.com/vi/pdf-thang-do-xam,Chuyển đổi PDF sang thang độ xám - PDF đen trắng trực tuyến | HandleMyFile,text/html; charset=utf-8,false,200,0,https://handlemyfile.com/,https://handlemyfile.com/vi/pdf-thang-do-xam,200,,,true,"og:description
og:title
og:image
og:url
og:type","Chuyển đổi tài liệu PDF màu sang thang độ xám ngay lập tức trong trình duyệt của bạn để tiết kiệm mực in.
Chuyển đổi PDF sang thang độ xám - PDF đen trắng trực tuyến | HandleMyFile
/logo.png
https://handlemyfile.com/
website",0,true,29
21,https://handlemyfile.com/vi/cat-pdf,Cắt PDF trực tuyến - Xóa lề khỏi PDF cục bộ | HandleMyFile,text/html; charset=utf-8,false,200,0,https://handlemyfile.com/,https://handlemyfile.com/vi/cat-pdf,200,,,true,"og:description
og:title
og:image
og:url
og:type","Xóa lề trắng hoặc cắt các trang PDF theo kích thước cụ thể cục bộ trong trình duyệt của bạn.
Cắt PDF trực tuyến - Xóa lề khỏi PDF cục bộ | HandleMyFile
/logo.png
https://handlemyfile.com/
website",0,true,29
21,https://handlemyfile.com/fi/vesileima-pdf,Lisää vesileima PDF-tiedostoon - leimaa mukautettu teksti tai kuva paikallisesti | HandleMyFile,text/html; charset=utf-8,false,200,0,https://handlemyfile.com/,https://handlemyfile.com/fi/vesileima-pdf,200,,,true,"og:description
og:title
og:image
og:url
og:type","Suojaa immateriaaliomaisuuttasi leimaamalla läpinäkyviä teksti- tai kuvavesileimoja PDF-sivuillesi offline-tilassa.
Lisää vesileima PDF-tiedostoon - leimaa mukautettu teksti tai kuva paikallisesti | HandleMyFile
/logo.png
https://handlemyfile.com/
website",0,true,29
21,https://handlemyfile.com/ms/alih-keluar-metadata,Alih Keluar Metadata PDF - Bersihkan Hartanah Dalam Talian | HandleMyFile,text/html; charset=utf-8,false,200,0,https://handlemyfile.com/,https://handlemyfile.com/ms/alih-keluar-metadata,200,,,true,"og:description
og:title
og:image
og:url
og:type","Alih keluar pengarang, pencipta dan sifat jejak digital tersembunyi lain daripada fail PDF anda di luar talian untuk privasi yang lebih baik.
Alih Keluar Metadata PDF - Bersihkan Hartanah Dalam Talian | HandleMyFile
/logo.png
https://handlemyfile.com/
website",0,true,29
21,https://handlemyfile.com/da/ppt-til-pdf,Konverter PowerPoint til PDF - PPTX Slides til PDF lokalt | HandleMyFile,text/html; charset=utf-8,false,200,0,https://handlemyfile.com/,https://handlemyfile.com/da/ppt-til-pdf,200,,,true,"og:description
og:title
og:image
og:url
og:type","Gem PPTX-præsentationsdias som universelle PDF-dokumenter for nem deling og udskrivning uden serverupload.
Konverter PowerPoint til PDF - PPTX Slides til PDF lokalt | HandleMyFile
/logo.png
https://handlemyfile.com/
website",0,true,29
21,https://handlemyfile.com/ms/pdf-tera-air,Tambahkan Tera Air pada PDF - Cop Teks atau Imej Tersuai Secara Setempat | HandleMyFile,text/html; charset=utf-8,false,200,0,https://handlemyfile.com/,https://handlemyfile.com/ms/pdf-tera-air,200,,,true,"og:description
og:title
og:image
og:url
og:type","Lindungi harta intelek anda dengan mengecop teks lutsinar atau tera air imej merentasi halaman PDF anda di luar talian.
Tambahkan Tera Air pada PDF - Cop Teks atau Imej Tersuai Secara Setempat | HandleMyFile
/logo.png
https://handlemyfile.com/
website",0,true,29
21,https://handlemyfile.com/sk/odstr-ni-heslo-pdf-bez-hesla,Remove PDF Password Without Password | HandleMyFile,text/html; charset=utf-8,false,200,0,https://handlemyfile.com/,https://handlemyfile.com/sk/odstr-ni-heslo-pdf-bez-hesla,200,,,true,"og:description
og:title
og:image
og:url
og:type","Remove password protection from your PDF files without needing the original password using our advanced unlock tool.
Remove PDF Password Without Password | HandleMyFile
/logo.png
https://handlemyfile.com/
website",0,true,29
21,https://handlemyfile.com/th/laaynam-pdf,เพิ่มลายน้ำลงใน PDF - ประทับตราข้อความหรือรูปภาพที่กำหนดเองในเครื่อง | HandleMyFile,text/html; charset=utf-8,false,200,0,https://handlemyfile.com/,https://handlemyfile.com/th/laaynam-pdf,200,,,true,"og:description
og:title
og:image
og:url
og:type","ปกป้องทรัพย์สินทางปัญญาของคุณด้วยการประทับตราข้อความโปร่งใสหรือลายน้ำรูปภาพในหน้า PDF ของคุณแบบออฟไลน์
เพิ่มลายน้ำลงใน PDF - ประทับตราข้อความหรือรูปภาพที่กำหนดเองในเครื่อง | HandleMyFile
/logo.png
https://handlemyfile.com/
website",0,true,29
21,https://handlemyfile.com/ms/pdf-ke-imej,Tukar Imej PDF kepada JPG/PNG Dalam Talian - Ekstrak Halaman ke ZIP | HandleMyFile,text/html; charset=utf-8,false,200,0,https://handlemyfile.com/,https://handlemyfile.com/ms/pdf-ke-imej,200,,,true,"og:description
og:title
og:image
og:url
og:type","Rasterize halaman PDF ke dalam imej PNG/JPG sejernih kristal secara setempat. Muat turun secara individu atau sebagai arkib ZIP berkelajuan tinggi.
Tukar Imej PDF kepada JPG/PNG Dalam Talian - Ekstrak Halaman ke ZIP | HandleMyFile
/logo.png
https://handlemyfile.com/
website",0,true,29
21,https://handlemyfile.com/fr/redimensionner-le-pdf,Redimensionner les pages PDF - Modifier la taille et les marges des pages PDF | HandleMyFile,text/html; charset=utf-8,false,200,0,https://handlemyfile.com/,https://handlemyfile.com/fr/redimensionner-le-pdf,200,,,true,"og:description
og:title
og:image
og:url
og:type","Redimensionnez vos pages PDF aux formats standard comme A4 ou Letter, ajoutez des marges et centrez parfaitement votre contenu.
Redimensionner les pages PDF - Modifier la taille et les marges des pages PDF | HandleMyFile
/logo.png
https://handlemyfile.com/
website",0,true,29
21,https://handlemyfile.com/no/omorganisere-pdf-sider-dra-og-slipp,Reorder PDF Pages Drag and Drop Free | HandleMyFile,text/html; charset=utf-8,false,200,0,https://handlemyfile.com/,https://handlemyfile.com/no/omorganisere-pdf-sider-dra-og-slipp,200,,,true,"og:description
og:title
og:image
og:url
og:type","Organize and reorder pages in your PDF document visually by dragging and dropping thumbnails. 100% free and local.
Reorder PDF Pages Drag and Drop Free | HandleMyFile
/logo.png
https://handlemyfile.com/
website",0,true,29
21,https://handlemyfile.com/de/pdf-grosse-andern,Größe von PDF-Seiten ändern – Größe und Ränder von PDF-Seiten ändern | HandleMyFile,text/html; charset=utf-8,false,200,0,https://handlemyfile.com/,https://handlemyfile.com/de/pdf-grosse-andern,200,,,true,"og:description
og:title
og:image
og:url
og:type","Passen Sie die Größe Ihrer PDF-Seiten an Standardgrößen wie A4 oder Letter an, fügen Sie Ränder hinzu und zentrieren Sie Ihre Inhalte perfekt.
Größe von PDF-Seiten ändern – Größe und Ränder von PDF-Seiten ändern | HandleMyFile
/logo.png
https://handlemyfile.com/
website",0,true,29
21,https://handlemyfile.com/fi/pdf-kuvaksi,Muunna PDF JPG/PNG-kuviksi verkossa - Pura sivut ZIP-muotoon | HandleMyFile,text/html; charset=utf-8,false,200,0,https://handlemyfile.com/,https://handlemyfile.com/fi/pdf-kuvaksi,200,,,true,"og:description
og:title
og:image
og:url
og:type","Rasteroi PDF-sivut paikallisesti kristallinkirkkaiksi PNG/JPG-kuviksi. Lataa yksitellen tai nopeana ZIP-arkistona.
Muunna PDF JPG/PNG-kuviksi verkossa - Pura sivut ZIP-muotoon | HandleMyFile
/logo.png
https://handlemyfile.com/
website",0,true,29
21,https://handlemyfile.com/no/komprimer-pdf,Komprimer PDF på nett – Reduser filstørrelsen med 60-90 % lokalt | HandleMyFile,text/html; charset=utf-8,false,200,0,https://handlemyfile.com/,https://handlemyfile.com/no/komprimer-pdf,200,,,true,"og:description
og:title
og:image
og:url
og:type","Krymp store PDF-filer med opptil 90 % ved hjelp av adaptive tapsfrie og DPI-rasteriseringsteknikker direkte i WebAssembly.
Komprimer PDF på nett – Reduser filstørrelsen med 60-90 % lokalt | HandleMyFile
/logo.png
https://handlemyfile.com/
website",0,true,29
21,https://handlemyfile.com/ru/remove-pdf-password-without-password,Remove PDF Password Without Password | HandleMyFile,text/html; charset=utf-8,false,200,0,https://handlemyfile.com/,https://handlemyfile.com/ru/remove-pdf-password-without-password,200,,,true,"og:description
og:title
og:image
og:url
og:type","Remove password protection from your PDF files without needing the original password using our advanced unlock tool.
Remove PDF Password Without Password | HandleMyFile
/logo.png
https://handlemyfile.com/
website",0,true,29
21,https://handlemyfile.com/sk/naskenovan-pdf-do-textu-ocr,Convert Scanned PDF to Text | HandleMyFile,text/html; charset=utf-8,false,200,0,https://handlemyfile.com/,https://handlemyfile.com/sk/naskenovan-pdf-do-textu-ocr,200,,,true,"og:description
og:title
og:image
og:url
og:type","Turn non-searchable scanned PDFs and images into editable plain text locally using multi-language WebAssembly OCR workers.
Convert Scanned PDF to Text | HandleMyFile
/logo.png
https://handlemyfile.com/
website",0,true,29
21,https://handlemyfile.com/ru/razdelit-pdf,Разделить PDF онлайн — извлечь страницы отдельно | Конфиденциальность на стороне клиента | HandleMyFile,text/html; charset=utf-8,false,200,0,https://handlemyfile.com/,https://handlemyfile.com/ru/razdelit-pdf,200,,,true,"og:description
og:title
og:image
og:url
og:type","Разделите одну или несколько страниц PDF на независимые PDF-файлы или локальный ZIP-архив. Быстрый, безопасный и 100% браузерный.
Разделить PDF онлайн — извлечь страницы отдельно | Конфиденциальность на стороне клиента | HandleMyFile
/logo.png
https://handlemyfile.com/
website",0,true,29
21,https://handlemyfile.com/sv/csv-till-excel,Gratis CSV till Excel Converter (.xlsx) - Instant Browser Engine | HandleMyFile,text/html; charset=utf-8,false,200,0,https://handlemyfile.com/,https://handlemyfile.com/sv/csv-till-excel,200,,,true,"og:description
og:title
og:image
og:url
og:type","Förvandla råa CSV-filer till korrekt formaterade Excel-kalkylblad med stöd för flera ark och ingen dataförlust offline.
Gratis CSV till Excel Converter (.xlsx) - Instant Browser Engine | HandleMyFile
/logo.png
https://handlemyfile.com/
website",0,true,29
21,https://handlemyfile.com/ko/pdfreul-imijiro,온라인에서 PDF를 JPG/PNG 이미지로 변환 - 페이지를 ZIP으로 추출 | HandleMyFile,text/html; charset=utf-8,false,200,0,https://handlemyfile.com/,https://handlemyfile.com/ko/pdfreul-imijiro,200,,,true,"og:description
og:title
og:image
og:url
og:type","PDF 페이지를 로컬에서 선명한 PNG/JPG 이미지로 래스터화합니다. 개별적으로 다운로드하거나 고속 ZIP 아카이브로 다운로드하세요.
온라인에서 PDF를 JPG/PNG 이미지로 변환 - 페이지를 ZIP으로 추출 | HandleMyFile
/logo.png
https://handlemyfile.com/
website",0,true,29
21,https://handlemyfile.com/pl/obraz-do-pliku-pdf,Konwertuj pliki JPG i PNG do formatu PDF online — obrazy do formatu PDF lokalnie | HandleMyFile,text/html; charset=utf-8,false,200,0,https://handlemyfile.com/,https://handlemyfile.com/pl/obraz-do-pliku-pdf,200,,,true,"og:description
og:title
og:image
og:url
og:type","Połącz zdjęcia, zrzuty ekranu lub obrazy PNG/JPG w jeden czysty dokument PDF lokalnie, bez przesyłania.
Konwertuj pliki JPG i PNG do formatu PDF online — obrazy do formatu PDF lokalnie | HandleMyFile
/logo.png
https://handlemyfile.com/
website",0,true,29
21,https://handlemyfile.com/pl/ppt-do-pdf,Konwertuj program PowerPoint do formatu PDF — slajdy PPTX do formatu PDF lokalnie | HandleMyFile,text/html; charset=utf-8,false,200,0,https://handlemyfile.com/,https://handlemyfile.com/pl/ppt-do-pdf,200,,,true,"og:description
og:title
og:image
og:url
og:type","Zapisz slajdy prezentacji PPTX jako uniwersalne dokumenty PDF, aby ułatwić udostępnianie i drukowanie bez przesyłania na serwer.
Konwertuj program PowerPoint do formatu PDF — slajdy PPTX do formatu PDF lokalnie | HandleMyFile
/logo.png
https://handlemyfile.com/
website",0,true,29
21,https://handlemyfile.com/el/eikona-se-pdf,Μετατροπή JPG & PNG σε PDF Online - Εικόνες σε PDF Τοπικά | HandleMyFile,text/html; charset=utf-8,false,200,0,https://handlemyfile.com/,https://handlemyfile.com/el/eikona-se-pdf,200,,,true,"og:description
og:title
og:image
og:url
og:type","Συνδυάστε φωτογραφίες, στιγμιότυπα οθόνης ή εικόνες PNG/JPG σε ένα καθαρό έγγραφο PDF τοπικά χωρίς μεταφόρτωση.
Μετατροπή JPG & PNG σε PDF Online - Εικόνες σε PDF Τοπικά | HandleMyFile
/logo.png
https://handlemyfile.com/
website",0,true,29
21,https://handlemyfile.com/th/reduce-pdf-size-offline,Reduce PDF Size Offline | HandleMyFile,text/html; charset=utf-8,false,200,0,https://handlemyfile.com/,https://handlemyfile.com/th/reduce-pdf-size-offline,200,,,true,"og:description
og:title
og:image
og:url
og:type","Reduce the size of your PDF documents offline directly in your browser without any server uploads. 100% secure.
Reduce PDF Size Offline | HandleMyFile
/logo.png
https://handlemyfile.com/
website",0,true,29
21,https://handlemyfile.com/no/ocr-pdf,Gratis nettleser OCR - Trekk ut tekst fra skannede PDF og bilder | HandleMyFile,text/html; charset=utf-8,false,200,0,https://handlemyfile.com/,https://handlemyfile.com/no/ocr-pdf,200,,,true,"og:description
og:title
og:image
og:url
og:type","Gjør ikke-søkbare skannede PDF-er og bilder til redigerbar ren tekst lokalt ved hjelp av flerspråklige WebAssembly OCR-arbeidere.
Gratis nettleser OCR - Trekk ut tekst fra skannede PDF og bilder | HandleMyFile
/logo.png
https://handlemyfile.com/
website",0,true,29
21,https://handlemyfile.com/pl/csv-do-excela,Darmowy konwerter plików CSV na Excel (.xlsx) — silnik przeglądarki błyskawicznej | HandleMyFile,text/html; charset=utf-8,false,200,0,https://handlemyfile.com/,https://handlemyfile.com/pl/csv-do-excela,200,,,true,"og:description
og:title
og:image
og:url
og:type","Zamień surowe pliki CSV w odpowiednio sformatowane arkusze kalkulacyjne Excel z obsługą wielu arkuszy i zerową utratą danych w trybie offline.
Darmowy konwerter plików CSV na Excel (.xlsx) — silnik przeglądarki błyskawicznej | HandleMyFile
/logo.png
https://handlemyfile.com/
website",0,true,29
21,https://handlemyfile.com/ppt-to-pdf,Convert PowerPoint to PDF - PPTX Slides to PDF Locally | HandleMyFile,text/html; charset=utf-8,false,200,0,https://handlemyfile.com/,https://handlemyfile.com/ppt-to-pdf,200,,,true,"og:description
og:title
og:image
og:url
og:type","Save PPTX presentation slides as universal PDF documents for easy sharing and printing without server uploads.
Convert PowerPoint to PDF - PPTX Slides to PDF Locally | HandleMyFile
/logo.png
https://handlemyfile.com/
website",0,true,58
21,https://handlemyfile.com/ko/pdf-jareugi,온라인으로 PDF 자르기 - PDF에서 로컬로 여백 제거 | HandleMyFile,text/html; charset=utf-8,false,200,0,https://handlemyfile.com/,https://handlemyfile.com/ko/pdf-jareugi,200,,,true,"og:description
og:title
og:image
og:url
og:type","흰색 여백을 제거하거나 브라우저에서 로컬로 PDF 페이지를 특정 크기로 자릅니다.
온라인으로 PDF 자르기 - PDF에서 로컬로 여백 제거 | HandleMyFile
/logo.png
https://handlemyfile.com/
website",0,true,29
21,https://handlemyfile.com/ro/scanati-in-pdf,Scanare în PDF - Faceți PDF needitabil și Rasterizați online | HandleMyFile,text/html; charset=utf-8,false,200,0,https://handlemyfile.com/,https://handlemyfile.com/ro/scanati-in-pdf,200,,,true,"og:description
og:title
og:image
og:url
og:type","Rasterizați documentele PDF în imagini plate în interiorul unui PDF. Împiedică copierea-lipirea și editarea în siguranță în browser.
Scanare în PDF - Faceți PDF needitabil și Rasterizați online | HandleMyFile
/logo.png
https://handlemyfile.com/
website",0,true,29
21,https://handlemyfile.com/ru/ocr-pdf,Бесплатное распознавание текста в браузере — извлечение текста из отсканированных PDF-файлов и изображений | HandleMyFile,text/html; charset=utf-8,false,200,0,https://handlemyfile.com/,https://handlemyfile.com/ru/ocr-pdf,200,,,true,"og:description
og:title
og:image
og:url
og:type","Превращайте отсканированные PDF-файлы и изображения, не доступные для поиска, в редактируемый простой текст локально с помощью многоязычных программ OCR WebAssembly.
Бесплатное распознавание текста в браузере — извлечение текста из отсканированных PDF-файлов и изображений | HandleMyFile
/logo.png
https://handlemyfile.com/
website",0,true,29
21,https://handlemyfile.com/fi/allekirjoita-pdf,Allekirjoita PDF verkossa - Lisää sähköinen allekirjoitus PDF-tiedostoon | HandleMyFile,text/html; charset=utf-8,false,200,0,https://handlemyfile.com/,https://handlemyfile.com/fi/allekirjoita-pdf,200,,,true,"og:description
og:title
og:image
og:url
og:type","Piirrä, lataa tai luo sähköinen allekirjoitus ja lisää se PDF-tiedostoosi.
Allekirjoita PDF verkossa - Lisää sähköinen allekirjoitus PDF-tiedostoon | HandleMyFile
/logo.png
https://handlemyfile.com/
website",0,true,29
21,https://handlemyfile.com/es/organizar-pdf,Organice PDF en línea: inserte páginas en PDF localmente | HandleMyFile,text/html; charset=utf-8,false,200,0,https://handlemyfile.com/,https://handlemyfile.com/es/organizar-pdf,200,,,true,"og:description
og:title
og:image
og:url
og:type","Inserte otro archivo PDF en un índice de página específico de forma segura dentro de su navegador.
Organice PDF en línea: inserte páginas en PDF localmente | HandleMyFile
/logo.png
https://handlemyfile.com/
website",0,true,29
21,https://handlemyfile.com/da/ocr-pdf,Gratis browser OCR - Udtræk tekst fra scannede PDF og billeder | HandleMyFile,text/html; charset=utf-8,false,200,0,https://handlemyfile.com/,https://handlemyfile.com/da/ocr-pdf,200,,,true,"og:description
og:title
og:image
og:url
og:type","Gør ikke-søgbare scannede PDF'er og billeder til redigerbar almindelig tekst lokalt ved hjælp af flersprogede WebAssembly OCR-arbejdere.
Gratis browser OCR - Udtræk tekst fra scannede PDF og billeder | HandleMyFile
/logo.png
https://handlemyfile.com/
website",0,true,29
21,https://handlemyfile.com/de/als-pdf-scannen,In PDF scannen – PDF unbearbeitbar machen und online rastern | HandleMyFile,text/html; charset=utf-8,false,200,0,https://handlemyfile.com/,https://handlemyfile.com/de/als-pdf-scannen,200,,,true,"og:description
og:title
og:image
og:url
og:type","Rastern Sie Ihre PDF-Dokumente in flache Bilder innerhalb einer PDF-Datei. Verhindert das sichere Kopieren, Einfügen und Bearbeiten in Ihrem Browser.
In PDF scannen – PDF unbearbeitbar machen und online rastern | HandleMyFile
/logo.png
https://handlemyfile.com/
website",0,true,29
21,https://handlemyfile.com/cs/otocit-pdf,Otočit stránky PDF online – Otočit PDF o 90/180/270 stupňů lokálně | HandleMyFile,text/html; charset=utf-8,false,200,0,https://handlemyfile.com/,https://handlemyfile.com/cs/otocit-pdf,200,,,true,"og:description
og:title
og:image
og:url
og:type","Otočte jednotlivé stránky nebo všechny stránky v dokumentu PDF lokálně během několika sekund. Nevyžaduje se žádné nahrávání.
Otočit stránky PDF online – Otočit PDF o 90/180/270 stupňů lokálně | HandleMyFile
/logo.png
https://handlemyfile.com/
website",0,true,29
21,https://handlemyfile.com/zh/ti-qu-tu-xiang,从 PDF 中提取图像 - 保存 PDF 中的所有图片 | HandleMyFile,text/html; charset=utf-8,false,200,0,https://handlemyfile.com/,https://handlemyfile.com/zh/ti-qu-tu-xiang,200,,,true,"og:description
og:title
og:image
og:url
og:type","立即扫描您的 PDF 并将所有嵌入图像提取为本地高质量 JPG/PNG 文件。
从 PDF 中提取图像 - 保存 PDF 中的所有图片 | HandleMyFile
/logo.png
https://handlemyfile.com/
website",0,true,29
21,https://handlemyfile.com/th/saeknepn-pdf,สแกนเป็น PDF - ทำให้ PDF ไม่สามารถแก้ไขได้ & แรสเตอร์ออนไลน์ | HandleMyFile,text/html; charset=utf-8,false,200,0,https://handlemyfile.com/,https://handlemyfile.com/th/saeknepn-pdf,200,,,true,"og:description
og:title
og:image
og:url
og:type","แรสเตอร์เอกสาร PDF ของคุณให้เป็นภาพแบนภายใน PDF ป้องกันการคัดลอกและวางและแก้ไขอย่างปลอดภัยในเบราว์เซอร์ของคุณ
สแกนเป็น PDF - ทำให้ PDF ไม่สามารถแก้ไขได้ & แรสเตอร์ออนไลน์ | HandleMyFile
/logo.png
https://handlemyfile.com/
website",0,true,29
21,https://handlemyfile.com/merge-pdf,Free Online PDF Merger - Combine PDF Files Locally | Zero Upload | HandleMyFile,text/html; charset=utf-8,false,200,0,https://handlemyfile.com/,https://handlemyfile.com/merge-pdf,200,,,true,"og:description
og:title
og:image
og:url
og:type","Combine multiple PDF files into a single document using pure client-side WebAssembly. No file uploads, 100% privacy guaranteed, zero limits.
Free Online PDF Merger - Combine PDF Files Locally | Zero Upload | HandleMyFile
/logo.png
https://handlemyfile.com/
website",0,true,58
21,https://handlemyfile.com/es/pdf-escaneado-a-texto-ocr,Convert Scanned PDF to Text | HandleMyFile,text/html; charset=utf-8,false,200,0,https://handlemyfile.com/,https://handlemyfile.com/es/pdf-escaneado-a-texto-ocr,200,,,true,"og:description
og:title
og:image
og:url
og:type","Turn non-searchable scanned PDFs and images into editable plain text locally using multi-language WebAssembly OCR workers.
Convert Scanned PDF to Text | HandleMyFile
/logo.png
https://handlemyfile.com/
website",0,true,29
21,https://handlemyfile.com/tr/ifre-olmadan-pdf-ifresini-kald-r,Remove PDF Password Without Password | HandleMyFile,text/html; charset=utf-8,false,200,0,https://handlemyfile.com/,https://handlemyfile.com/tr/ifre-olmadan-pdf-ifresini-kald-r,200,,,true,"og:description
og:title
og:image
og:url
og:type","Remove password protection from your PDF files without needing the original password using our advanced unlock tool.
Remove PDF Password Without Password | HandleMyFile
/logo.png
https://handlemyfile.com/
website",0,true,29
21,https://handlemyfile.com/sv/ppt-till-pdf,Konvertera PowerPoint till PDF - PPTX-bilder till PDF lokalt | HandleMyFile,text/html; charset=utf-8,false,200,0,https://handlemyfile.com/,https://handlemyfile.com/sv/ppt-till-pdf,200,,,true,"og:description
og:title
og:image
og:url
og:type","Spara PPTX-presentationsbilder som universella PDF-dokument för enkel delning och utskrift utan serveruppladdningar.
Konvertera PowerPoint till PDF - PPTX-bilder till PDF lokalt | HandleMyFile
/logo.png
https://handlemyfile.com/
website",0,true,29
21,https://handlemyfile.com/de/bilder-extrahieren,Bilder aus PDF extrahieren – Alle Bilder aus PDF speichern | HandleMyFile,text/html; charset=utf-8,false,200,0,https://handlemyfile.com/,https://handlemyfile.com/de/bilder-extrahieren,200,,,true,"og:description
og:title
og:image
og:url
og:type","Scannen Sie Ihr PDF sofort und extrahieren Sie alle eingebetteten Bilder lokal als hochwertige JPG/PNG-Dateien.
Bilder aus PDF extrahieren – Alle Bilder aus PDF speichern | HandleMyFile
/logo.png
https://handlemyfile.com/
website",0,true,29
21,https://handlemyfile.com/no/las-opp-pdf,Lås opp PDF Online - Fjern PDF-passord lokalt | HandleMyFile,text/html; charset=utf-8,false,200,0,https://handlemyfile.com/,https://handlemyfile.com/no/las-opp-pdf,200,,,true,"og:description
og:title
og:image
og:url
og:type","Fjern passord og kryptering fra PDF-filene dine umiddelbart i nettleseren din.
Lås opp PDF Online - Fjern PDF-passord lokalt | HandleMyFile
/logo.png
https://handlemyfile.com/
website",0,true,29
21,https://handlemyfile.com/vi/pdf-sang-word-m-kh-ng-m-t-nh-d-ng,Free PDF to Word Converter (.docx) Without Losing Formatting | HandleMyFile,text/html; charset=utf-8,false,200,0,https://handlemyfile.com/,https://handlemyfile.com/vi/pdf-sang-word-m-kh-ng-m-t-nh-d-ng,200,,,true,"og:description
og:title
og:image
og:url
og:type","Extract exact text, layout runs, and paragraphs from any PDF into a clean Microsoft Word (.docx) file directly inside browser memory.
Free PDF to Word Converter (.docx) Without Losing Formatting | HandleMyFile
/logo.png
https://handlemyfile.com/
website",0,true,29
21,https://handlemyfile.com/tr/pdf-yi-duzenle,PDF'yi Çevrimiçi Düzenleyin - Sayfaları PDF'ye Yerel Olarak Ekle | HandleMyFile,text/html; charset=utf-8,false,200,0,https://handlemyfile.com/,https://handlemyfile.com/tr/pdf-yi-duzenle,200,,,true,"og:description
og:title
og:image
og:url
og:type","Belirli bir sayfa dizinine başka bir PDF dosyasını tarayıcınıza güvenli bir şekilde ekleyin.
PDF'yi Çevrimiçi Düzenleyin - Sayfaları PDF'ye Yerel Olarak Ekle | HandleMyFile
/logo.png
https://handlemyfile.com/
website",0,true,48
21,https://handlemyfile.com/no/organiser-pdf,Organiser PDF Online - Sett inn sider i PDF lokalt | HandleMyFile,text/html; charset=utf-8,false,200,0,https://handlemyfile.com/,https://handlemyfile.com/no/organiser-pdf,200,,,true,"og:description
og:title
og:image
og:url
og:type","Sett inn en annen PDF-fil på en bestemt sideindeks sikkert i nettleseren din.
Organiser PDF Online - Sett inn sider i PDF lokalt | HandleMyFile
/logo.png
https://handlemyfile.com/
website",0,true,29
21,https://handlemyfile.com/zh/qian-shu-pdf,在线签署 PDF - 将电子签名添加到 PDF | HandleMyFile,text/html; charset=utf-8,false,200,0,https://handlemyfile.com/,https://handlemyfile.com/zh/qian-shu-pdf,200,,,true,"og:description
og:title
og:image
og:url
og:type","绘制、上传或生成电子签名并将其添加到您的 PDF 中。
在线签署 PDF - 将电子签名添加到 PDF | HandleMyFile
/logo.png
https://handlemyfile.com/
website",0,true,29
21,https://handlemyfile.com/ko/pdfro-seukaen,PDF로 스캔 - PDF를 편집 불가능하게 만들고 온라인으로 래스터화 | HandleMyFile,text/html; charset=utf-8,false,200,0,https://handlemyfile.com/,https://handlemyfile.com/ko/pdfro-seukaen,200,,,true,"og:description
og:title
og:image
og:url
og:type","PDF 문서를 PDF 내의 평면 이미지로 래스터화하세요. 브라우저에서 안전하게 복사-붙여넣기 및 편집을 방지합니다.
PDF로 스캔 - PDF를 편집 불가능하게 만들고 온라인으로 래스터화 | HandleMyFile
/logo.png
https://handlemyfile.com/
website",0,true,29
21,https://handlemyfile.com/tr/excel-den-csv-ye,Ücretsiz Excel'den CSV'ye Dönüştürücü (.xlsx'ten .csv'ye) - Sıfır Yükleme | HandleMyFile,text/html; charset=utf-8,false,200,0,https://handlemyfile.com/,https://handlemyfile.com/tr/excel-den-csv-ye,200,,,true,"og:description
og:title
og:image
og:url
og:type","Verileri Microsoft Excel elektronik tablolarından (.xlsx, .xls) tamamen tarayıcınızda hızla evrensel CSV formatına aktarın.
Ücretsiz Excel'den CSV'ye Dönüştürücü (.xlsx'ten .csv'ye) - Sıfır Yükleme | HandleMyFile
/logo.png
https://handlemyfile.com/
website",0,true,29
21,https://handlemyfile.com/vi/ppt-sang-pdf,Chuyển PowerPoint sang PDF - PPTX Slides sang PDF cục bộ | HandleMyFile,text/html; charset=utf-8,false,200,0,https://handlemyfile.com/,https://handlemyfile.com/vi/ppt-sang-pdf,200,,,true,"og:description
og:title
og:image
og:url
og:type","Lưu các trang trình bày PPTX dưới dạng tài liệu PDF phổ quát để dễ dàng chia sẻ và in mà không cần tải lên máy chủ.
Chuyển PowerPoint sang PDF - PPTX Slides sang PDF cục bộ | HandleMyFile
/logo.png
https://handlemyfile.com/
website",0,true,29
21,https://handlemyfile.com/hu/pdf-osszehasonlitasa,PDF összehasonlítása – Keressen különbségeket két PDF között | HandleMyFile,text/html; charset=utf-8,false,200,0,https://handlemyfile.com/,https://handlemyfile.com/hu/pdf-osszehasonlitasa,200,,,true,"og:description
og:title
og:image
og:url
og:type","Töltsön fel két PDF-fájlt, és helyileg emelje ki a köztük lévő vizuális különbségeket pixelenként.
PDF összehasonlítása – Keressen különbségeket két PDF között | HandleMyFile
/logo.png
https://handlemyfile.com/
website",0,true,29
21,https://handlemyfile.com/sv/andra-storlek-pa-pdf,Ändra storlek på PDF-sidor - Ändra PDF-sidstorlek och marginaler | HandleMyFile,text/html; charset=utf-8,false,200,0,https://handlemyfile.com/,https://handlemyfile.com/sv/andra-storlek-pa-pdf,200,,,true,"og:description
og:title
og:image
og:url
og:type","Ändra storlek på dina PDF-sidor till standardstorlekar som A4 eller Letter, lägg till marginaler och centrera ditt innehåll perfekt.
Ändra storlek på PDF-sidor - Ändra PDF-sidstorlek och marginaler | HandleMyFile
/logo.png
https://handlemyfile.com/
website",0,true,29
21,https://handlemyfile.com/ms/pdf-skala-kelabu,Tukar PDF kepada Skala Kelabu - PDF Hitam Putih Dalam Talian | HandleMyFile,text/html; charset=utf-8,false,200,0,https://handlemyfile.com/,https://handlemyfile.com/ms/pdf-skala-kelabu,200,,,true,"og:description
og:title
og:image
og:url
og:type","Tukar dokumen PDF berwarna kepada skala kelabu serta-merta dalam penyemak imbas anda untuk menjimatkan dakwat percetakan.
Tukar PDF kepada Skala Kelabu - PDF Hitam Putih Dalam Talian | HandleMyFile
/logo.png
https://handlemyfile.com/
website",0,true,29
21,https://handlemyfile.com/de/seiten-entfernen,PDF-Seiten online entfernen – Seiten lokal aus PDF löschen | HandleMyFile,text/html; charset=utf-8,false,200,0,https://handlemyfile.com/,https://handlemyfile.com/de/seiten-entfernen,200,,,true,"og:description
og:title
og:image
og:url
og:type","Löschen Sie unerwünschte Seiten sicher aus Ihrer PDF-Datei in Ihrem Browser.
PDF-Seiten online entfernen – Seiten lokal aus PDF löschen | HandleMyFile
/logo.png
https://handlemyfile.com/
website",0,true,29
21,https://handlemyfile.com/th/cchadraebiiyb-pdf,จัดระเบียบ PDF ออนไลน์ - แทรกหน้าลงใน PDF ในเครื่อง | HandleMyFile,text/html; charset=utf-8,false,200,0,https://handlemyfile.com/,https://handlemyfile.com/th/cchadraebiiyb-pdf,200,,,true,"og:description
og:title
og:image
og:url
og:type","แทรกไฟล์ PDF อื่นที่ดัชนีหน้าเฉพาะอย่างปลอดภัยภายในเบราว์เซอร์ของคุณ
จัดระเบียบ PDF ออนไลน์ - แทรกหน้าลงใน PDF ในเครื่อง | HandleMyFile
/logo.png
https://handlemyfile.com/
website",0,true,29
21,https://handlemyfile.com/fr/pdf-num-ris-en-texte-ocr,Convert Scanned PDF to Text | HandleMyFile,text/html; charset=utf-8,false,200,0,https://handlemyfile.com/,https://handlemyfile.com/fr/pdf-num-ris-en-texte-ocr,200,,,true,"og:description
og:title
og:image
og:url
og:type","Turn non-searchable scanned PDFs and images into editable plain text locally using multi-language WebAssembly OCR workers.
Convert Scanned PDF to Text | HandleMyFile
/logo.png
https://handlemyfile.com/
website",0,true,29
21,https://handlemyfile.com/ms/tandatangan-pdf,Tandatangan PDF Dalam Talian - Tambahkan Tandatangan Elektronik pada PDF | HandleMyFile,text/html; charset=utf-8,false,200,0,https://handlemyfile.com/,https://handlemyfile.com/ms/tandatangan-pdf,200,,,true,"og:description
og:title
og:image
og:url
og:type","Lukis, muat naik atau jana tandatangan elektronik dan tambahkannya pada PDF anda.
Tandatangan PDF Dalam Talian - Tambahkan Tandatangan Elektronik pada PDF | HandleMyFile
/logo.png
https://handlemyfile.com/
website",0,true,29
21,https://handlemyfile.com/sk/porovnat-pdf,Porovnanie PDF – nájdite rozdiely medzi dvoma PDF | HandleMyFile,text/html; charset=utf-8,false,200,0,https://handlemyfile.com/,https://handlemyfile.com/sk/porovnat-pdf,200,,,true,"og:description
og:title
og:image
og:url
og:type","Nahrajte dva súbory PDF a lokálne zvýraznite vizuálne rozdiely medzi nimi pixel po pixeli.
Porovnanie PDF – nájdite rozdiely medzi dvoma PDF | HandleMyFile
/logo.png
https://handlemyfile.com/
website",0,true,29
21,https://handlemyfile.com/ar/zl-lbynt-ltaaryfy,إزالة البيانات التعريفية لملف PDF - تعقيم الخصائص عبر الإنترنت | HandleMyFile,text/html; charset=utf-8,false,200,0,https://handlemyfile.com/,https://handlemyfile.com/ar/zl-lbynt-ltaaryfy,200,,,true,"og:description
og:title
og:image
og:url
og:type","قم بإزالة المؤلف والمنشئ وخصائص البصمة الرقمية المخفية الأخرى من ملفات PDF الخاصة بك في وضع عدم الاتصال للحصول على خصوصية أفضل.
إزالة البيانات التعريفية لملف PDF - تعقيم الخصائص عبر الإنترنت | HandleMyFile
/logo.png
https://handlemyfile.com/
website",0,true,29
21,https://handlemyfile.com/pl/skanuj-do-pliku-pdf,Skanuj do pliku PDF — uniemożliwiaj edycję pliku PDF i rasteryzuj online | HandleMyFile,text/html; charset=utf-8,false,200,0,https://handlemyfile.com/,https://handlemyfile.com/pl/skanuj-do-pliku-pdf,200,,,true,"og:description
og:title
og:image
og:url
og:type","Rasteryzuj dokumenty PDF, tworząc płaskie obrazy w pliku PDF. Zapobiega bezpiecznemu kopiowaniu i edytowaniu w przeglądarce.
Skanuj do pliku PDF — uniemożliwiaj edycję pliku PDF i rasteryzuj online | HandleMyFile
/logo.png
https://handlemyfile.com/
website",0,true,29
21,https://handlemyfile.com/nl/pdf-roteren,PDF-pagina's online roteren - PDF lokaal 90/180/270 graden draaien | HandleMyFile,text/html; charset=utf-8,false,200,0,https://handlemyfile.com/,https://handlemyfile.com/nl/pdf-roteren,200,,,true,"og:description
og:title
og:image
og:url
og:type","Roteer individuele pagina's of alle pagina's in uw PDF-document lokaal in enkele seconden. Geen uploads vereist.
PDF-pagina's online roteren - PDF lokaal 90/180/270 graden draaien | HandleMyFile
/logo.png
https://handlemyfile.com/
website",0,true,29
21,https://handlemyfile.com/reverse-pdf,Reverse PDF Pages - Change PDF Page Order Backwards | HandleMyFile,text/html; charset=utf-8,false,200,0,https://handlemyfile.com/,https://handlemyfile.com/reverse-pdf,200,,,true,"og:description
og:title
og:image
og:url
og:type","Instantly reverse the sequence of pages in your PDF document from last to first securely in your browser.
Reverse PDF Pages - Change PDF Page Order Backwards | HandleMyFile
/logo.png
https://handlemyfile.com/
website",0,true,58
21,https://handlemyfile.com/sv/dela-pdf,Dela PDF Online - Extrahera sidor separat | Integritet på klientsidan | HandleMyFile,text/html; charset=utf-8,false,200,0,https://handlemyfile.com/,https://handlemyfile.com/sv/dela-pdf,200,,,true,"og:description
og:title
og:image
og:url
og:type","Separera en eller flera PDF-sidor till oberoende PDF-filer eller ett ZIP-arkiv lokalt. Snabbt, säkert och 100 % webbläsarbaserat.
Dela PDF Online - Extrahera sidor separat | Integritet på klientsidan | HandleMyFile
/logo.png
https://handlemyfile.com/
website",0,true,29
21,https://handlemyfile.com/el/scanned-pdf-to-text-ocr,Convert Scanned PDF to Text | HandleMyFile,text/html; charset=utf-8,false,200,0,https://handlemyfile.com/,https://handlemyfile.com/el/scanned-pdf-to-text-ocr,200,,,true,"og:description
og:title
og:image
og:url
og:type","Turn non-searchable scanned PDFs and images into editable plain text locally using multi-language WebAssembly OCR workers.
Convert Scanned PDF to Text | HandleMyFile
/logo.png
https://handlemyfile.com/
website",0,true,29
21,https://handlemyfile.com/fi/skannaa-pdf-muotoon,Skannaa PDF-muotoon - Tee PDF-tiedostosta muokkauskelvoton ja rasteroi verkossa | HandleMyFile,text/html; charset=utf-8,false,200,0,https://handlemyfile.com/,https://handlemyfile.com/fi/skannaa-pdf-muotoon,200,,,true,"og:description
og:title
og:image
og:url
og:type","Rasteroi PDF-dokumentit litteiksi kuviksi PDF-tiedoston sisällä. Estää kopioinnin liittämisen ja muokkaamisen turvallisesti selaimessasi.
Skannaa PDF-muotoon - Tee PDF-tiedostosta muokkauskelvoton ja rasteroi verkossa | HandleMyFile
/logo.png
https://handlemyfile.com/
website",0,true,29
21,https://handlemyfile.com/pt/pdf-de-marca-d-agua,Adicionar marca d'água ao PDF - carimbar texto ou imagem personalizada localmente | HandleMyFile,text/html; charset=utf-8,false,200,0,https://handlemyfile.com/,https://handlemyfile.com/pt/pdf-de-marca-d-agua,200,,,true,"og:description
og:title
og:image
og:url
og:type","Proteja sua propriedade intelectual carimbando texto transparente ou marcas d'água de imagem em suas páginas PDF off-line.
Adicionar marca d'água ao PDF - carimbar texto ou imagem personalizada localmente | HandleMyFile
/logo.png
https://handlemyfile.com/
website",0,true,29
21,https://handlemyfile.com/fr/pdf-roc,OCR de navigateur gratuit - Extraire le texte des PDF et des images numérisés | HandleMyFile,text/html; charset=utf-8,false,200,0,https://handlemyfile.com/,https://handlemyfile.com/fr/pdf-roc,200,,,true,"og:description
og:title
og:image
og:url
og:type","Transformez des PDF et des images numérisés non consultables en texte brut modifiable localement à l'aide des outils OCR WebAssembly multilingues.
OCR de navigateur gratuit - Extraire le texte des PDF et des images numérisés | HandleMyFile
/logo.png
https://handlemyfile.com/
website",0,true,29
21,https://handlemyfile.com/fi/ocr-pdf,Ilmainen selaimen OCR - Pura tekstiä skannatuista PDF-tiedostoista ja kuvista | HandleMyFile,text/html; charset=utf-8,false,200,0,https://handlemyfile.com/,https://handlemyfile.com/fi/ocr-pdf,200,,,true,"og:description
og:title
og:image
og:url
og:type","Muuta ei-hakukelpoiset skannatut PDF-tiedostot ja kuvat muokattavaksi tavalliseksi tekstiksi paikallisesti käyttämällä monikielisiä WebAssembly OCR -työntekijöitä.
Ilmainen selaimen OCR - Pura tekstiä skannatuista PDF-tiedostoista ja kuvista | HandleMyFile
/logo.png
https://handlemyfile.com/
website",0,true,29
21,https://handlemyfile.com/sk/orezat-pdf,Orezať PDF online – lokálne odstrániť okraje z PDF | HandleMyFile,text/html; charset=utf-8,false,200,0,https://handlemyfile.com/,https://handlemyfile.com/sk/orezat-pdf,200,,,true,"og:description
og:title
og:image
og:url
og:type","Odstráňte biele okraje alebo orežte stránky PDF na určitú veľkosť lokálne vo vašom prehliadači.
Orezať PDF online – lokálne odstrániť okraje z PDF | HandleMyFile
/logo.png
https://handlemyfile.com/
website",0,true,29
21,https://handlemyfile.com/pt/extrair-imagens,Extraia imagens de PDF - Salve todas as imagens de PDF | HandleMyFile,text/html; charset=utf-8,false,200,0,https://handlemyfile.com/,https://handlemyfile.com/pt/extrair-imagens,200,,,true,"og:description
og:title
og:image
og:url
og:type","Digitalize instantaneamente seu PDF e extraia localmente todas as imagens incorporadas como arquivos JPG/PNG de alta qualidade.
Extraia imagens de PDF - Salve todas as imagens de PDF | HandleMyFile
/logo.png
https://handlemyfile.com/
website",0,true,29
21,https://handlemyfile.com/ja/pdf-sukashi,PDF に透かしを追加 - カスタム テキストまたは画像をローカルにスタンプします | HandleMyFile,text/html; charset=utf-8,false,200,0,https://handlemyfile.com/,https://handlemyfile.com/ja/pdf-sukashi,200,,,true,"og:description
og:title
og:image
og:url
og:type","オフラインで PDF ページ全体に透明なテキストまたは画像の透かしをスタンプして、知的財産を保護します。
PDF に透かしを追加 - カスタム テキストまたは画像をローカルにスタンプします | HandleMyFile
/logo.png
https://handlemyfile.com/
website",0,true,29
21,https://handlemyfile.com/el/pdf-word,Free PDF to Word Converter (.docx) Without Losing Formatting | HandleMyFile,text/html; charset=utf-8,false,200,0,https://handlemyfile.com/,https://handlemyfile.com/el/pdf-word,200,,,true,"og:description
og:title
og:image
og:url
og:type","Extract exact text, layout runs, and paragraphs from any PDF into a clean Microsoft Word (.docx) file directly inside browser memory.
Free PDF to Word Converter (.docx) Without Losing Formatting | HandleMyFile
/logo.png
https://handlemyfile.com/
website",0,true,29
21,https://handlemyfile.com/de/excel-zu-csv,Kostenloser Excel-zu-CSV-Konverter (.xlsx zu .csv) – Keine Uploads | HandleMyFile,text/html; charset=utf-8,false,200,0,https://handlemyfile.com/,https://handlemyfile.com/de/excel-zu-csv,200,,,true,"og:description
og:title
og:image
og:url
og:type","Exportieren Sie Daten aus Microsoft Excel-Tabellen (.xlsx, .xls) schnell und vollständig in Ihrem Browser in das universelle CSV-Format.
Kostenloser Excel-zu-CSV-Konverter (.xlsx zu .csv) – Keine Uploads | HandleMyFile
/logo.png
https://handlemyfile.com/
website",0,true,29
21,https://handlemyfile.com/de/ordnen-sie-pdf-seiten-per-drag-drop-neu-an,Reorder PDF Pages Drag and Drop Free | HandleMyFile,text/html; charset=utf-8,false,200,0,https://handlemyfile.com/,https://handlemyfile.com/de/ordnen-sie-pdf-seiten-per-drag-drop-neu-an,200,,,true,"og:description
og:title
og:image
og:url
og:type","Organize and reorder pages in your PDF document visually by dragging and dropping thumbnails. 100% free and local.
Reorder PDF Pages Drag and Drop Free | HandleMyFile
/logo.png
https://handlemyfile.com/
website",0,true,29
21,https://handlemyfile.com/es/reducir-el-tama-o-del-pdf-sin-conexi-n,Reduce PDF Size Offline | HandleMyFile,text/html; charset=utf-8,false,200,0,https://handlemyfile.com/,https://handlemyfile.com/es/reducir-el-tama-o-del-pdf-sin-conexi-n,200,,,true,"og:description
og:title
og:image
og:url
og:type","Reduce the size of your PDF documents offline directly in your browser without any server uploads. 100% secure.
Reduce PDF Size Offline | HandleMyFile
/logo.png
https://handlemyfile.com/
website",0,true,29
21,https://handlemyfile.com/ko/txtreul-pdfro,온라인에서 TXT를 PDF로 변환 - 일반 텍스트를 PDF 문서로 | HandleMyFile,text/html; charset=utf-8,false,200,0,https://handlemyfile.com/,https://handlemyfile.com/ko/txtreul-pdfro,200,,,true,"og:description
og:title
og:image
og:url
og:type","일반 텍스트 파일이나 코드 로그를 브라우저에서 즉시 체계적이고 읽기 쉬운 PDF 문서로 빠르게 변환하세요.
온라인에서 TXT를 PDF로 변환 - 일반 텍스트를 PDF 문서로 | HandleMyFile
/logo.png
https://handlemyfile.com/
website",0,true,29
21,https://handlemyfile.com/hi/rivrs-piiddiieph,पीडीएफ पेजों को उल्टा करें - पीडीएफ पेज का क्रम पीछे की ओर बदलें | HandleMyFile,text/html; charset=utf-8,false,200,0,https://handlemyfile.com/,https://handlemyfile.com/hi/rivrs-piiddiieph,200,,,true,"og:description
og:title
og:image
og:url
og:type","अपने पीडीएफ दस्तावेज़ में पृष्ठों के अनुक्रम को तुरंत अपने ब्राउज़र में सुरक्षित रूप से अंतिम से पहले तक उलटा करें।
पीडीएफ पेजों को उल्टा करें - पीडीएफ पेज का क्रम पीछे की ओर बदलें | HandleMyFile
/logo.png
https://handlemyfile.com/
website",0,true,29
21,https://handlemyfile.com/es/reordenar-p-ginas-pdf-arrastrar-y-soltar,Reorder PDF Pages Drag and Drop Free | HandleMyFile,text/html; charset=utf-8,false,200,0,https://handlemyfile.com/,https://handlemyfile.com/es/reordenar-p-ginas-pdf-arrastrar-y-soltar,200,,,true,"og:description
og:title
og:image
og:url
og:type","Organize and reorder pages in your PDF document visually by dragging and dropping thumbnails. 100% free and local.
Reorder PDF Pages Drag and Drop Free | HandleMyFile
/logo.png
https://handlemyfile.com/
website",0,true,29
21,https://handlemyfile.com/zh/ppt-zhuan-pdf,将 PowerPoint 转换为 PDF - PPTX 幻灯片本地转换为 PDF | HandleMyFile,text/html; charset=utf-8,false,200,0,https://handlemyfile.com/,https://handlemyfile.com/zh/ppt-zhuan-pdf,200,,,true,"og:description
og:title
og:image
og:url
og:type","将 PPTX 演示幻灯片另存为通用 PDF 文档，以便轻松共享和打印，无需服务器上传。
将 PowerPoint 转换为 PDF - PPTX 幻灯片本地转换为 PDF | HandleMyFile
/logo.png
https://handlemyfile.com/
website",0,true,29
21,https://handlemyfile.com/uk/skanuvati-v-pdf,Сканування в PDF - Зробіть файл PDF недоступним для редагування та растеризуйте в Інтернеті | HandleMyFile,text/html; charset=utf-8,false,200,0,https://handlemyfile.com/,https://handlemyfile.com/uk/skanuvati-v-pdf,200,,,true,"og:description
og:title
og:image
og:url
og:type","Растеризуйте свої PDF-документи на плоскі зображення всередині PDF-файлу. Захищає від копіювання та безпечного редагування у вашому браузері.
Сканування в PDF - Зробіть файл PDF недоступним для редагування та растеризуйте в Інтернеті | HandleMyFile
/logo.png
https://handlemyfile.com/
website",0,true,29
21,https://handlemyfile.com/el/remove-pdf-password-without-password,Remove PDF Password Without Password | HandleMyFile,text/html; charset=utf-8,false,200,0,https://handlemyfile.com/,https://handlemyfile.com/el/remove-pdf-password-without-password,200,,,true,"og:description
og:title
og:image
og:url
og:type","Remove password protection from your PDF files without needing the original password using our advanced unlock tool.
Remove PDF Password Without Password | HandleMyFile
/logo.png
https://handlemyfile.com/
website",0,true,29
21,https://handlemyfile.com/ko/reduce-pdf-size-offline,Reduce PDF Size Offline | HandleMyFile,text/html; charset=utf-8,false,200,0,https://handlemyfile.com/,https://handlemyfile.com/ko/reduce-pdf-size-offline,200,,,true,"og:description
og:title
og:image
og:url
og:type","Reduce the size of your PDF documents offline directly in your browser without any server uploads. 100% secure.
Reduce PDF Size Offline | HandleMyFile
/logo.png
https://handlemyfile.com/
website",0,true,29
21,https://handlemyfile.com/tr/csv-den-excel-e,Ücretsiz CSV'den Excel'e Dönüştürücü (.xlsx) - Anında Tarayıcı Motoru | HandleMyFile,text/html; charset=utf-8,false,200,0,https://handlemyfile.com/,https://handlemyfile.com/tr/csv-den-excel-e,200,,,true,"og:description
og:title
og:image
og:url
og:type","Ham CSV dosyalarını, çok sayfalı destek ve çevrimdışı sıfır veri kaybıyla düzgün biçimlendirilmiş Excel elektronik tablolarına dönüştürün.
Ücretsiz CSV'den Excel'e Dönüştürücü (.xlsx) - Anında Tarayıcı Motoru | HandleMyFile
/logo.png
https://handlemyfile.com/
website",0,true,29
21,https://handlemyfile.com/pdf-to-word-without-losing-formatting,Free PDF to Word Converter (.docx) Without Losing Formatting | HandleMyFile,text/html; charset=utf-8,false,200,0,https://handlemyfile.com/,https://handlemyfile.com/pdf-to-word-without-losing-formatting,200,,,true,"og:description
og:title
og:image
og:url
og:type","Extract exact text, layout runs, and paragraphs from any PDF into a clean Microsoft Word (.docx) file directly inside browser memory.
Free PDF to Word Converter (.docx) Without Losing Formatting | HandleMyFile
/logo.png
https://handlemyfile.com/
website",0,true,58
21,https://handlemyfile.com/sk/zmeni-poradie-str-nok-pdf-drag-and-drop,Reorder PDF Pages Drag and Drop Free | HandleMyFile,text/html; charset=utf-8,false,200,0,https://handlemyfile.com/,https://handlemyfile.com/sk/zmeni-poradie-str-nok-pdf-drag-and-drop,200,,,true,"og:description
og:title
og:image
og:url
og:type","Organize and reorder pages in your PDF document visually by dragging and dropping thumbnails. 100% free and local.
Reorder PDF Pages Drag and Drop Free | HandleMyFile
/logo.png
https://handlemyfile.com/
website",0,true,29
21,https://handlemyfile.com/zh/tu-pian-zhuan-pdf,在线将 JPG 和 PNG 转换为 PDF - 将图像本地转换为 PDF | HandleMyFile,text/html; charset=utf-8,false,200,0,https://handlemyfile.com/,https://handlemyfile.com/zh/tu-pian-zhuan-pdf,200,,,true,"og:description
og:title
og:image
og:url
og:type","在本地将照片、屏幕截图或 PNG/JPG 图像合并为一个干净的 PDF 文档，无需上传。
在线将 JPG 和 PNG 转换为 PDF - 将图像本地转换为 PDF | HandleMyFile
/logo.png
https://handlemyfile.com/
website",0,true,29
21,https://handlemyfile.com/hu/pdf-kivagasa,PDF online vágása – Margók eltávolítása a PDF-ből helyileg | HandleMyFile,text/html; charset=utf-8,false,200,0,https://handlemyfile.com/,https://handlemyfile.com/hu/pdf-kivagasa,200,,,true,"og:description
og:title
og:image
og:url
og:type","Távolítsa el a fehér margókat, vagy vágja ki a PDF-oldalakat meghatározott méretre helyileg a böngészőben.
PDF online vágása – Margók eltávolítása a PDF-ből helyileg | HandleMyFile
/logo.png
https://handlemyfile.com/
website",0,true,29
21,https://handlemyfile.com/tr/txt-den-pdf-ye,TXT'yi Çevrimiçi Olarak PDF'ye Dönüştürün - Düz Metinden PDF Belgesine | HandleMyFile,text/html; charset=utf-8,false,200,0,https://handlemyfile.com/,https://handlemyfile.com/tr/txt-den-pdf-ye,200,,,true,"og:description
og:title
og:image
og:url
og:type","Düz metin dosyalarını veya kod günlüklerini tarayıcınızda anında hızlı bir şekilde iyi yapılandırılmış, okunabilir PDF belgelerine dönüştürün.
TXT'yi Çevrimiçi Olarak PDF'ye Dönüştürün - Düz Metinden PDF Belgesine | HandleMyFile
/logo.png
https://handlemyfile.com/
website",0,true,29
21,https://handlemyfile.com/fr/supprimer-le-mot-de-passe-pdf-sans-mot-de-passe,Remove PDF Password Without Password | HandleMyFile,text/html; charset=utf-8,false,200,0,https://handlemyfile.com/,https://handlemyfile.com/fr/supprimer-le-mot-de-passe-pdf-sans-mot-de-passe,200,,,true,"og:description
og:title
og:image
og:url
og:type","Remove password protection from your PDF files without needing the original password using our advanced unlock tool.
Remove PDF Password Without Password | HandleMyFile
/logo.png
https://handlemyfile.com/
website",0,true,29
21,https://handlemyfile.com/rotate-pdf,Rotate PDF Pages Online - Turn PDF 90/180/270 Degrees Locally | HandleMyFile,text/html; charset=utf-8,false,200,0,https://handlemyfile.com/,https://handlemyfile.com/rotate-pdf,200,,,true,"og:description
og:title
og:image
og:url
og:type","Rotate individual pages or all pages in your PDF document locally in seconds. Zero uploads required.
Rotate PDF Pages Online - Turn PDF 90/180/270 Degrees Locally | HandleMyFile
/logo.png
https://handlemyfile.com/
website",0,true,58
21,https://handlemyfile.com/pdf-to-image,Convert PDF to JPG/PNG Images Online - Extract Pages to ZIP | HandleMyFile,text/html; charset=utf-8,false,200,0,https://handlemyfile.com/,https://handlemyfile.com/pdf-to-image,200,,,true,"og:description
og:title
og:image
og:url
og:type","Rasterize PDF pages into crystal-clear PNG/JPG images locally. Download individually or as a high-speed ZIP archive.
Convert PDF to JPG/PNG Images Online - Extract Pages to ZIP | HandleMyFile
/logo.png
https://handlemyfile.com/
website",0,true,58
21,https://handlemyfile.com/zh/fan-zhuan-pdf,反转 PDF 页面 - 向后更改 PDF 页面顺序 | HandleMyFile,text/html; charset=utf-8,false,200,0,https://handlemyfile.com/,https://handlemyfile.com/zh/fan-zhuan-pdf,200,,,true,"og:description
og:title
og:image
og:url
og:type","在浏览器中立即安全地将 PDF 文档中的页面顺序从最后一页安全地颠倒到第一页。
反转 PDF 页面 - 向后更改 PDF 页面顺序 | HandleMyFile
/logo.png
https://handlemyfile.com/
website",0,true,29
21,https://handlemyfile.com/pl/wyodrebnij-obrazy,Wyodrębnij obrazy z pliku PDF — zapisz wszystkie obrazy z pliku PDF | HandleMyFile,text/html; charset=utf-8,false,200,0,https://handlemyfile.com/,https://handlemyfile.com/pl/wyodrebnij-obrazy,200,,,true,"og:description
og:title
og:image
og:url
og:type","Natychmiast zeskanuj plik PDF i wyodrębnij lokalnie wszystkie osadzone obrazy jako wysokiej jakości pliki JPG/PNG.
Wyodrębnij obrazy z pliku PDF — zapisz wszystkie obrazy z pliku PDF | HandleMyFile
/logo.png
https://handlemyfile.com/
website",0,true,29
21,https://handlemyfile.com/pt/reduzir-o-tamanho-do-pdf-off-line,Reduce PDF Size Offline | HandleMyFile,text/html; charset=utf-8,false,200,0,https://handlemyfile.com/,https://handlemyfile.com/pt/reduzir-o-tamanho-do-pdf-off-line,200,,,true,"og:description
og:title
og:image
og:url
og:type","Reduce the size of your PDF documents offline directly in your browser without any server uploads. 100% secure.
Reduce PDF Size Offline | HandleMyFile
/logo.png
https://handlemyfile.com/
website",0,true,29
21,https://handlemyfile.com/it/pdf-in-immagine,Converti PDF in immagini JPG/PNG online - Estrai le pagine in ZIP | HandleMyFile,text/html; charset=utf-8,false,200,0,https://handlemyfile.com/,https://handlemyfile.com/it/pdf-in-immagine,200,,,true,"og:description
og:title
og:image
og:url
og:type","Rasterizza localmente le pagine PDF in immagini PNG/JPG cristalline. Scaricalo singolarmente o come archivio ZIP ad alta velocità.
Converti PDF in immagini JPG/PNG online - Estrai le pagine in ZIP | HandleMyFile
/logo.png
https://handlemyfile.com/
website",0,true,29
21,https://handlemyfile.com/sk/odstranit-stranky,Odstrániť stránky PDF online – lokálne odstrániť stránky z PDF | HandleMyFile,text/html; charset=utf-8,false,200,0,https://handlemyfile.com/,https://handlemyfile.com/sk/odstranit-stranky,200,,,true,"og:description
og:title
og:image
og:url
og:type","Bezpečne odstráňte nechcené stránky zo súboru PDF vo svojom prehliadači.
Odstrániť stránky PDF online – lokálne odstrániť stránky z PDF | HandleMyFile
/logo.png
https://handlemyfile.com/
website",0,true,29
21,https://handlemyfile.com/uk/txt-u-pdf,Конвертуйте TXT у PDF онлайн - звичайний текст у PDF-документ | HandleMyFile,text/html; charset=utf-8,false,200,0,https://handlemyfile.com/,https://handlemyfile.com/uk/txt-u-pdf,200,,,true,"og:description
og:title
og:image
og:url
og:type","Швидко перетворюйте звичайні текстові файли або журнали коду на добре структуровані, читабельні PDF-документи миттєво у вашому браузері.
Конвертуйте TXT у PDF онлайн - звичайний текст у PDF-документ | HandleMyFile
/logo.png
https://handlemyfile.com/
website",0,true,29
21,https://handlemyfile.com/hu/szurkearnyalatos-pdf,PDF konvertálása szürkeárnyalatossá – fekete-fehér PDF online | HandleMyFile,text/html; charset=utf-8,false,200,0,https://handlemyfile.com/,https://handlemyfile.com/hu/szurkearnyalatos-pdf,200,,,true,"og:description
og:title
og:image
og:url
og:type","A nyomdafesték megtakarítása érdekében azonnal konvertálja a színes PDF dokumentumokat szürkeárnyalatossá a böngészőben.
PDF konvertálása szürkeárnyalatossá – fekete-fehér PDF online | HandleMyFile
/logo.png
https://handlemyfile.com/
website",0,true,29
21,https://handlemyfile.com/ko/pdf-bunhal,PDF를 온라인으로 분할 - 페이지를 별도로 추출 | 클라이언트측 개인정보 보호 | HandleMyFile,text/html; charset=utf-8,false,200,0,https://handlemyfile.com/,https://handlemyfile.com/ko/pdf-bunhal,200,,,true,"og:description
og:title
og:image
og:url
og:type","하나 이상의 PDF 페이지를 독립적인 PDF 파일이나 로컬 ZIP 아카이브로 분리합니다. 빠르고 안전하며 100% 브라우저 기반입니다.
PDF를 온라인으로 분할 - 페이지를 별도로 추출 | 클라이언트측 개인정보 보호 | HandleMyFile
/logo.png
https://handlemyfile.com/
website",0,true,29
21,https://handlemyfile.com/no/beskjaer-pdf,Beskjær PDF på nett - Fjern marginer fra PDF lokalt | HandleMyFile,text/html; charset=utf-8,false,200,0,https://handlemyfile.com/,https://handlemyfile.com/no/beskjaer-pdf,200,,,true,"og:description
og:title
og:image
og:url
og:type","Fjern hvite marger eller kutt PDF-sider til en bestemt størrelse lokalt i nettleseren din.
Beskjær PDF på nett - Fjern marginer fra PDF lokalt | HandleMyFile
/logo.png
https://handlemyfile.com/
website",0,true,29
21,https://handlemyfile.com/da/csv-til-excel,Gratis CSV til Excel Converter (.xlsx) - Instant Browser Engine | HandleMyFile,text/html; charset=utf-8,false,200,0,https://handlemyfile.com/,https://handlemyfile.com/da/csv-til-excel,200,,,true,"og:description
og:title
og:image
og:url
og:type","Gør rå CSV-filer til korrekt formaterede Excel-regneark med understøttelse af flere ark og nul datatab offline.
Gratis CSV til Excel Converter (.xlsx) - Instant Browser Engine | HandleMyFile
/logo.png
https://handlemyfile.com/
website",0,true,29
21,https://handlemyfile.com/vi/bien-tap-lai-pdf,Làm lại PDF - Xóa văn bản và hình ảnh một cách an toàn | HandleMyFile,text/html; charset=utf-8,false,200,0,https://handlemyfile.com/,https://handlemyfile.com/vi/bien-tap-lai-pdf,200,,,true,"og:description
og:title
og:image
og:url
og:type","Vẽ các hộp chỉnh sửa trên thông tin cá nhân. Các trang được biên tập lại được rasterized hoàn toàn để phá hủy vĩnh viễn văn bản ẩn.
Làm lại PDF - Xóa văn bản và hình ảnh một cách an toàn | HandleMyFile
/logo.png
https://handlemyfile.com/
website",0,true,29
21,https://handlemyfile.com/ar/stkhrj-lswr,استخراج الصور من PDF - حفظ جميع الصور من PDF | HandleMyFile,text/html; charset=utf-8,false,200,0,https://handlemyfile.com/,https://handlemyfile.com/ar/stkhrj-lswr,200,,,true,"og:description
og:title
og:image
og:url
og:type","قم بمسح ملف PDF الخاص بك على الفور واستخرج جميع الصور المضمنة كملفات JPG/PNG عالية الجودة محليًا.
استخراج الصور من PDF - حفظ جميع الصور من PDF | HandleMyFile
/logo.png
https://handlemyfile.com/
website",0,true,29
21,https://handlemyfile.com/vi/bao-ve-pdf,Bảo vệ PDF trực tuyến - Mật khẩu bảo vệ PDF cục bộ | HandleMyFile,text/html; charset=utf-8,false,200,0,https://handlemyfile.com/,https://handlemyfile.com/vi/bao-ve-pdf,200,,,true,"og:description
og:title
og:image
og:url
og:type","Bảo mật các tệp PDF của bạn bằng mã hóa AES-256 và bảo vệ mật khẩu cục bộ trong trình duyệt của bạn.
Bảo vệ PDF trực tuyến - Mật khẩu bảo vệ PDF cục bộ | HandleMyFile
/logo.png
https://handlemyfile.com/
website",0,true,29
21,https://handlemyfile.com/sv/beskar-pdf,Beskär PDF Online - Ta bort marginaler från PDF lokalt | HandleMyFile,text/html; charset=utf-8,false,200,0,https://handlemyfile.com/,https://handlemyfile.com/sv/beskar-pdf,200,,,true,"og:description
og:title
og:image
og:url
og:type","Ta bort vita marginaler eller klipp PDF-sidor till en specifik storlek lokalt i din webbläsare.
Beskär PDF Online - Ta bort marginaler från PDF lokalt | HandleMyFile
/logo.png
https://handlemyfile.com/
website",0,true,29
21,https://handlemyfile.com/pl/numery-stron,Dodaj numery stron do pliku PDF — lokalnie niestandardowy nagłówek i stopka | HandleMyFile,text/html; charset=utf-8,false,200,0,https://handlemyfile.com/,https://handlemyfile.com/pl/numery-stron,200,,,true,"og:description
og:title
og:image
og:url
og:type","Z łatwością dodawaj przejrzyste, konfigurowalne numery stron do nagłówka lub stopki pliku PDF, korzystając z pełnej kontroli nad stylizacją w przeglądarce.
Dodaj numery stron do pliku PDF — lokalnie niestandardowy nagłówek i stopka | HandleMyFile
/logo.png
https://handlemyfile.com/
website",0,true,29
21,https://handlemyfile.com/tr/sayfalari-kaldir,PDF Sayfalarını Çevrimiçi Kaldırma - Sayfaları PDF'den Yerel Olarak Sil | HandleMyFile,text/html; charset=utf-8,false,200,0,https://handlemyfile.com/,https://handlemyfile.com/tr/sayfalari-kaldir,200,,,true,"og:description
og:title
og:image
og:url
og:type","İstenmeyen sayfaları tarayıcınızın içinden PDF dosyanızdan güvenli bir şekilde silin.
PDF Sayfalarını Çevrimiçi Kaldırma - Sayfaları PDF'den Yerel Olarak Sil | HandleMyFile
/logo.png
https://handlemyfile.com/
website",0,true,29
21,https://handlemyfile.com/ar/txt-l~-pdf,تحويل TXT إلى PDF عبر الإنترنت - نص عادي إلى مستند PDF | HandleMyFile,text/html; charset=utf-8,false,200,0,https://handlemyfile.com/,https://handlemyfile.com/ar/txt-l~-pdf,200,,,true,"og:description
og:title
og:image
og:url
og:type","قم بتحويل الملفات النصية العادية أو سجلات التعليمات البرمجية بسرعة إلى مستندات PDF جيدة التنظيم وقابلة للقراءة على الفور في متصفحك.
تحويل TXT إلى PDF عبر الإنترنت - نص عادي إلى مستند PDF | HandleMyFile
/logo.png
https://handlemyfile.com/
website",0,true,29
21,https://handlemyfile.com/pt/cortar-pdf,Cortar PDF Online - Remover Margens do PDF Localmente | HandleMyFile,text/html; charset=utf-8,false,200,0,https://handlemyfile.com/,https://handlemyfile.com/pt/cortar-pdf,200,,,true,"og:description
og:title
og:image
og:url
og:type","Remova as margens brancas ou corte páginas PDF em um tamanho específico localmente no seu navegador.
Cortar PDF Online - Remover Margens do PDF Localmente | HandleMyFile
/logo.png
https://handlemyfile.com/
website",0,true,29
21,https://handlemyfile.com/ru/obratnyy-pdf,Обратные страницы PDF — изменение порядка страниц PDF в обратном порядке | HandleMyFile,text/html; charset=utf-8,false,200,0,https://handlemyfile.com/,https://handlemyfile.com/ru/obratnyy-pdf,200,,,true,"og:description
og:title
og:image
og:url
og:type","Мгновенно меняйте последовательность страниц в PDF-документе с последней на первую безопасно в браузере.
Обратные страницы PDF — изменение порядка страниц PDF в обратном порядке | HandleMyFile
/logo.png
https://handlemyfile.com/
website",0,true,29
21,https://handlemyfile.com/pl/zmniejsz-rozmiar-pliku-pdf-w-trybie-offline,Reduce PDF Size Offline | HandleMyFile,text/html; charset=utf-8,false,200,0,https://handlemyfile.com/,https://handlemyfile.com/pl/zmniejsz-rozmiar-pliku-pdf-w-trybie-offline,200,,,true,"og:description
og:title
og:image
og:url
og:type","Reduce the size of your PDF documents offline directly in your browser without any server uploads. 100% secure.
Reduce PDF Size Offline | HandleMyFile
/logo.png
https://handlemyfile.com/
website",0,true,29
21,https://handlemyfile.com/ko/weoteomakeu-pdf,PDF에 워터마크 추가 - 사용자 정의 텍스트 또는 이미지를 로컬로 스탬프 처리 | HandleMyFile,text/html; charset=utf-8,false,200,0,https://handlemyfile.com/,https://handlemyfile.com/ko/weoteomakeu-pdf,200,,,true,"og:description
og:title
og:image
og:url
og:type","오프라인으로 PDF 페이지 전체에 투명한 텍스트나 이미지 워터마크를 찍어 지적 재산을 보호하세요.
PDF에 워터마크 추가 - 사용자 정의 텍스트 또는 이미지를 로컬로 스탬프 처리 | HandleMyFile
/logo.png
https://handlemyfile.com/
website",0,true,29
21,https://handlemyfile.com/ko/geureiseukeil-pdf,PDF를 회색조로 변환 - 흑백 PDF 온라인 | HandleMyFile,text/html; charset=utf-8,false,200,0,https://handlemyfile.com/,https://handlemyfile.com/ko/geureiseukeil-pdf,200,,,true,"og:description
og:title
og:image
og:url
og:type","컬러 PDF 문서를 브라우저에서 즉시 회색조로 변환하여 인쇄 잉크를 절약하세요.
PDF를 회색조로 변환 - 흑백 PDF 온라인 | HandleMyFile
/logo.png
https://handlemyfile.com/
website",0,true,29
21,https://handlemyfile.com/tr/ppt-den-pdf-ye,PowerPoint'i PDF'ye - PPTX Slaytlarını Yerel Olarak PDF'ye Dönüştürün | HandleMyFile,text/html; charset=utf-8,false,200,0,https://handlemyfile.com/,https://handlemyfile.com/tr/ppt-den-pdf-ye,200,,,true,"og:description
og:title
og:image
og:url
og:type","Sunucu yüklemelerine gerek kalmadan kolay paylaşım ve yazdırma için PPTX sunum slaytlarını evrensel PDF belgeleri olarak kaydedin.
PowerPoint'i PDF'ye - PPTX Slaytlarını Yerel Olarak PDF'ye Dönüştürün | HandleMyFile
/logo.png
https://handlemyfile.com/
website",0,true,29
21,https://handlemyfile.com/ja/excel-kara-csv,無料の Excel から CSV コンバーター (.xlsx から .csv) - アップロード不要 | HandleMyFile,text/html; charset=utf-8,false,200,0,https://handlemyfile.com/,https://handlemyfile.com/ja/excel-kara-csv,200,,,true,"og:description
og:title
og:image
og:url
og:type","Microsoft Excel スプレッドシート (.xlsx、.xls) からブラウザ内でデータをユニバーサル CSV 形式にすばやくエクスポートします。
無料の Excel から CSV コンバーター (.xlsx から .csv) - アップロード不要 | HandleMyFile
/logo.png
https://handlemyfile.com/
website",0,true,29
21,https://handlemyfile.com/hu/pdf-oldalak-trendez-se-fogd-s-vidd,Reorder PDF Pages Drag and Drop Free | HandleMyFile,text/html; charset=utf-8,false,200,0,https://handlemyfile.com/,https://handlemyfile.com/hu/pdf-oldalak-trendez-se-fogd-s-vidd,200,,,true,"og:description
og:title
og:image
og:url
og:type","Organize and reorder pages in your PDF document visually by dragging and dropping thumbnails. 100% free and local.
Reorder PDF Pages Drag and Drop Free | HandleMyFile
/logo.png
https://handlemyfile.com/
website",0,true,29
21,https://handlemyfile.com/da/beskaer-pdf,Beskær PDF online - Fjern margener fra PDF lokalt | HandleMyFile,text/html; charset=utf-8,false,200,0,https://handlemyfile.com/,https://handlemyfile.com/da/beskaer-pdf,200,,,true,"og:description
og:title
og:image
og:url
og:type","Fjern hvide margener eller klip PDF-sider til en bestemt størrelse lokalt i din browser.
Beskær PDF online - Fjern margener fra PDF lokalt | HandleMyFile
/logo.png
https://handlemyfile.com/
website",0,true,29
21,https://handlemyfile.com/pl/znak-wodny-pdf,Dodaj znak wodny do pliku PDF — lokalnie stempluj niestandardowy tekst lub obraz | HandleMyFile,text/html; charset=utf-8,false,200,0,https://handlemyfile.com/,https://handlemyfile.com/pl/znak-wodny-pdf,200,,,true,"og:description
og:title
og:image
og:url
og:type","Chroń swoją własność intelektualną, stemplując przezroczyste tekstowe lub graficzne znaki wodne na stronach plików PDF w trybie offline.
Dodaj znak wodny do pliku PDF — lokalnie stempluj niestandardowy tekst lub obraz | HandleMyFile
/logo.png
https://handlemyfile.com/
website",0,true,29
21,https://handlemyfile.com/ja/pdf-hogo,オンラインで PDF を保護 - PDF をローカルでパスワード保護 | HandleMyFile,text/html; charset=utf-8,false,200,0,https://handlemyfile.com/,https://handlemyfile.com/ja/pdf-hogo,200,,,true,"og:description
og:title
og:image
og:url
og:type","AES-256 暗号化とパスワード保護を使用して、ブラウザーでローカルに PDF ファイルを保護します。
オンラインで PDF を保護 - PDF をローカルでパスワード保護 | HandleMyFile
/logo.png
https://handlemyfile.com/
website",0,true,29
21,https://handlemyfile.com/tr/pdf-den-ppt-ye,Ücretsiz PDF'den PowerPoint'e Dönüştürücü (.pptx) - Sıfır Yükleme | HandleMyFile,text/html; charset=utf-8,false,200,0,https://handlemyfile.com/,https://handlemyfile.com/tr/pdf-den-ppt-ye,200,,,true,"og:description
og:title
og:image
og:url
og:type","Çok sayfalı PDF belgelerinizi, tarayıcı RAM'inde yüksek kalitede düzenlenebilir PowerPoint (.pptx) slaytlarına dönüştürün.
Ücretsiz PDF'den PowerPoint'e Dönüştürücü (.pptx) - Sıfır Yükleme | HandleMyFile
/logo.png
https://handlemyfile.com/
website",0,true,29
21,https://handlemyfile.com/de/pdf-zu-bild,Konvertieren Sie PDF-Bilder online in JPG/PNG-Bilder – Extrahieren Sie Seiten in ZIP | HandleMyFile,text/html; charset=utf-8,false,200,0,https://handlemyfile.com/,https://handlemyfile.com/de/pdf-zu-bild,200,,,true,"og:description
og:title
og:image
og:url
og:type","Rastern Sie PDF-Seiten lokal in kristallklare PNG-/JPG-Bilder. Einzeln oder als Hochgeschwindigkeits-ZIP-Archiv herunterladen.
Konvertieren Sie PDF-Bilder online in JPG/PNG-Bilder – Extrahieren Sie Seiten in ZIP | HandleMyFile
/logo.png
https://handlemyfile.com/
website",0,true,29
21,https://handlemyfile.com/da/omarranger-pdf-sider-tr-k-og-slip,Reorder PDF Pages Drag and Drop Free | HandleMyFile,text/html; charset=utf-8,false,200,0,https://handlemyfile.com/,https://handlemyfile.com/da/omarranger-pdf-sider-tr-k-og-slip,200,,,true,"og:description
og:title
og:image
og:url
og:type","Organize and reorder pages in your PDF document visually by dragging and dropping thumbnails. 100% free and local.
Reorder PDF Pages Drag and Drop Free | HandleMyFile
/logo.png
https://handlemyfile.com/
website",0,true,29
21,https://handlemyfile.com/sk/zmen-i-ve-kos-pdf-offline,Reduce PDF Size Offline | HandleMyFile,text/html; charset=utf-8,false,200,0,https://handlemyfile.com/,https://handlemyfile.com/sk/zmen-i-ve-kos-pdf-offline,200,,,true,"og:description
og:title
og:image
og:url
og:type","Reduce the size of your PDF documents offline directly in your browser without any server uploads. 100% secure.
Reduce PDF Size Offline | HandleMyFile
/logo.png
https://handlemyfile.com/
website",0,true,29
21,https://handlemyfile.com/de/pdf-teilen,PDF online teilen – Seiten separat extrahieren | Clientseitiger Datenschutz | HandleMyFile,text/html; charset=utf-8,false,200,0,https://handlemyfile.com/,https://handlemyfile.com/de/pdf-teilen,200,,,true,"og:description
og:title
og:image
og:url
og:type","Trennen Sie eine oder mehrere PDF-Seiten lokal in unabhängige PDF-Dateien oder ein ZIP-Archiv. Schnell, sicher und 100 % browserbasiert.
PDF online teilen – Seiten separat extrahieren | Clientseitiger Datenschutz | HandleMyFile
/logo.png
https://handlemyfile.com/
website",0,true,29
21,https://handlemyfile.com/fi/poista-metatiedot,Poista PDF-metatiedot - Puhdista ominaisuudet verkossa | HandleMyFile,text/html; charset=utf-8,false,200,0,https://handlemyfile.com/,https://handlemyfile.com/fi/poista-metatiedot,200,,,true,"og:description
og:title
og:image
og:url
og:type","Poista tekijä, luoja ja muut piilotetut digitaalisen jalanjäljen ominaisuudet PDF-tiedostoistasi offline-tilassa parantaaksesi yksityisyyttä.
Poista PDF-metatiedot - Puhdista ominaisuudet verkossa | HandleMyFile
/logo.png
https://handlemyfile.com/
website",0,true,29
21,https://handlemyfile.com/sk/pdf-k-obrazku,Konvertovať obrázky PDF do formátu JPG/PNG online – extrahovať stránky do ZIP | HandleMyFile,text/html; charset=utf-8,false,200,0,https://handlemyfile.com/,https://handlemyfile.com/sk/pdf-k-obrazku,200,,,true,"og:description
og:title
og:image
og:url
og:type","Lokálne rastrujte stránky PDF do krištáľovo čistých obrázkov PNG/JPG. Stiahnite si jednotlivo alebo ako vysokorýchlostný archív ZIP.
Konvertovať obrázky PDF do formátu JPG/PNG online – extrahovať stránky do ZIP | HandleMyFile
/logo.png
https://handlemyfile.com/
website",0,true,29
21,https://handlemyfile.com/zh/bian-ji-pdf,编辑 PDF - 安全地遮蔽文本和图像 | HandleMyFile,text/html; charset=utf-8,false,200,0,https://handlemyfile.com/,https://handlemyfile.com/zh/bian-ji-pdf,200,,,true,"og:description
og:title
og:image
og:url
og:type","在私人信息上绘制密文框。编辑的页面被完全光栅化以永久销毁隐藏的文本。
编辑 PDF - 安全地遮蔽文本和图像 | HandleMyFile
/logo.png
https://handlemyfile.com/
website",0,true,48
21,https://handlemyfile.com/reduce-pdf-size-offline,Reduce PDF Size Offline | HandleMyFile,text/html; charset=utf-8,false,200,0,https://handlemyfile.com/,https://handlemyfile.com/reduce-pdf-size-offline,200,,,true,"og:description
og:title
og:image
og:url
og:type","Reduce the size of your PDF documents offline directly in your browser without any server uploads. 100% secure.
Reduce PDF Size Offline | HandleMyFile
/logo.png
https://handlemyfile.com/
website",0,true,58
21,https://handlemyfile.com/nl/afbeeldingen-extraheren,Afbeeldingen uit PDF extraheren - Alle afbeeldingen uit PDF opslaan | HandleMyFile,text/html; charset=utf-8,false,200,0,https://handlemyfile.com/,https://handlemyfile.com/nl/afbeeldingen-extraheren,200,,,true,"og:description
og:title
og:image
og:url
og:type","Scan uw PDF direct en extraheer alle ingesloten afbeeldingen lokaal als hoogwaardige JPG/PNG-bestanden.
Afbeeldingen uit PDF extraheren - Alle afbeeldingen uit PDF opslaan | HandleMyFile
/logo.png
https://handlemyfile.com/
website",0,true,29
21,https://handlemyfile.com/no/beskytt-pdf,Beskytt PDF Online - Passordbeskytt PDF lokalt | HandleMyFile,text/html; charset=utf-8,false,200,0,https://handlemyfile.com/,https://handlemyfile.com/no/beskytt-pdf,200,,,true,"og:description
og:title
og:image
og:url
og:type","Sikre PDF-filene dine med AES-256-kryptering og passordbeskyttelse lokalt i nettleseren din.
Beskytt PDF Online - Passordbeskytt PDF lokalt | HandleMyFile
/logo.png
https://handlemyfile.com/
website",0,true,29
21,https://handlemyfile.com/fr/pdf-en-niveaux-de-gris,Convertir un PDF en niveaux de gris - PDF noir et blanc en ligne | HandleMyFile,text/html; charset=utf-8,false,200,0,https://handlemyfile.com/,https://handlemyfile.com/fr/pdf-en-niveaux-de-gris,200,,,true,"og:description
og:title
og:image
og:url
og:type","Convertissez instantanément les documents PDF colorés en niveaux de gris dans votre navigateur pour économiser l'encre d'impression.
Convertir un PDF en niveaux de gris - PDF noir et blanc en ligne | HandleMyFile
/logo.png
https://handlemyfile.com/
website",0,true,29
21,https://handlemyfile.com/ja/pdf-kara-ppt,無料の PDF から PowerPoint コンバーター (.pptx) - アップロード不要 | HandleMyFile,text/html; charset=utf-8,false,200,0,https://handlemyfile.com/,https://handlemyfile.com/ja/pdf-kara-ppt,200,,,true,"og:description
og:title
og:image
og:url
og:type","複数ページの PDF ドキュメントを、ブラウザの RAM 内で忠実度の高い編集可能な PowerPoint (.pptx) スライドに変換します。
無料の PDF から PowerPoint コンバーター (.pptx) - アップロード不要 | HandleMyFile
/logo.png
https://handlemyfile.com/
website",0,true,29
21,https://handlemyfile.com/hi/eksel-se-piiddiieph,एक्सेल को ऑनलाइन पीडीएफ में बदलें - एक्सएलएसएक्स और एक्सएलएस को स्थानीय स्तर पर पीडीएफ में बदलें | HandleMyFile,text/html; charset=utf-8,false,200,0,https://handlemyfile.com/,https://handlemyfile.com/hi/eksel-se-piiddiieph,200,,,true,"og:description
og:title
og:image
og:url
og:type","अपने ब्राउज़र में ऑफ़लाइन स्प्रेडशीट और वित्तीय डेटा को साफ़, प्रिंट करने योग्य पीडीएफ तालिकाओं में बदलें।
एक्सेल को ऑनलाइन पीडीएफ में बदलें - एक्सएलएसएक्स और एक्सएलएस को स्थानीय स्तर पर पीडीएफ में बदलें | HandleMyFile
/logo.png
https://handlemyfile.com/
website",0,true,29
21,https://handlemyfile.com/es/excel-a-pdf,Convierta Excel a PDF en línea: XLSX y XLS a PDF localmente | HandleMyFile,text/html; charset=utf-8,false,200,0,https://handlemyfile.com/,https://handlemyfile.com/es/excel-a-pdf,200,,,true,"og:description
og:title
og:image
og:url
og:type","Transforme hojas de cálculo y datos financieros en tablas PDF limpias e imprimibles sin conexión en su navegador.
Convierta Excel a PDF en línea: XLSX y XLS a PDF localmente | HandleMyFile
/logo.png
https://handlemyfile.com/
website",0,true,29
21,https://handlemyfile.com/vi/pdf-ocr,Trình duyệt miễn phí OCR - Trích xuất văn bản từ PDF và hình ảnh được quét | HandleMyFile,text/html; charset=utf-8,false,200,0,https://handlemyfile.com/,https://handlemyfile.com/vi/pdf-ocr,200,,,true,"og:description
og:title
og:image
og:url
og:type","Biến các tệp PDF và hình ảnh được quét không thể tìm kiếm thành văn bản thuần túy có thể chỉnh sửa cục bộ bằng cách sử dụng trình xử lý WebAssugging OCR đa ngôn ngữ.
Trình duyệt miễn phí OCR - Trích xuất văn bản từ PDF và hình ảnh được quét | HandleMyFile
/logo.png
https://handlemyfile.com/
website",0,true,29
21,https://handlemyfile.com/cs/chranit-pdf,Chránit PDF online – Chránit PDF lokálně heslem | HandleMyFile,text/html; charset=utf-8,false,200,0,https://handlemyfile.com/,https://handlemyfile.com/cs/chranit-pdf,200,,,true,"og:description
og:title
og:image
og:url
og:type","Zabezpečte své soubory PDF pomocí šifrování AES-256 a ochrany heslem lokálně ve vašem prohlížeči.
Chránit PDF online – Chránit PDF lokálně heslem | HandleMyFile
/logo.png
https://handlemyfile.com/
website",0,true,29
21,https://handlemyfile.com/da/flet-pdf,Gratis online PDF-fusion - Kombiner PDF-filer lokalt | Nul upload | HandleMyFile,text/html; charset=utf-8,false,200,0,https://handlemyfile.com/,https://handlemyfile.com/da/flet-pdf,200,,,true,"og:description
og:title
og:image
og:url
og:type","Kombiner flere PDF-filer til et enkelt dokument ved hjælp af ren klientside WebAssembly. Ingen filuploads, 100 % privatliv garanteret, nul grænser.
Gratis online PDF-fusion - Kombiner PDF-filer lokalt | Nul upload | HandleMyFile
/logo.png
https://handlemyfile.com/
website",0,true,29
21,https://handlemyfile.com/fi/sivunumerot,Lisää sivunumeroita PDF-tiedostoon - mukautettu ylä- ja alatunniste paikallisesti | HandleMyFile,text/html; charset=utf-8,false,200,0,https://handlemyfile.com/,https://handlemyfile.com/fi/sivunumerot,200,,,true,"og:description
og:title
og:image
og:url
og:type","Lisää helposti selkeät, muokattavissa olevat sivunumerot PDF-otsikoihisi tai alatunnisteeseen täydellisen tyylinhallinnan avulla selaimessasi.
Lisää sivunumeroita PDF-tiedostoon - mukautettu ylä- ja alatunniste paikallisesti | HandleMyFile
/logo.png
https://handlemyfile.com/
website",0,true,29
21,https://handlemyfile.com/fr/organiser-le-pdf,Organiser un PDF en ligne - Insérer des pages dans un PDF localement | HandleMyFile,text/html; charset=utf-8,false,200,0,https://handlemyfile.com/,https://handlemyfile.com/fr/organiser-le-pdf,200,,,true,"og:description
og:title
og:image
og:url
og:type","Insérez un autre fichier PDF dans un index de page spécifique en toute sécurité dans votre navigateur.
Organiser un PDF en ligne - Insérer des pages dans un PDF localement | HandleMyFile
/logo.png
https://handlemyfile.com/
website",0,true,29
21,https://handlemyfile.com/vi/xoa-trang,Xóa trang PDF trực tuyến - Xóa trang khỏi PDF cục bộ | HandleMyFile,text/html; charset=utf-8,false,200,0,https://handlemyfile.com/,https://handlemyfile.com/vi/xoa-trang,200,,,true,"og:description
og:title
og:image
og:url
og:type","Xóa các trang không mong muốn khỏi tệp PDF một cách an toàn bên trong trình duyệt của bạn.
Xóa trang PDF trực tuyến - Xóa trang khỏi PDF cục bộ | HandleMyFile
/logo.png
https://handlemyfile.com/
website",0,true,29
21,https://handlemyfile.com/fi/vertaa-pdf,Vertaa PDF - Etsi eroja kahden PDF-tiedoston välillä | HandleMyFile,text/html; charset=utf-8,false,200,0,https://handlemyfile.com/,https://handlemyfile.com/fi/vertaa-pdf,200,,,true,"og:description
og:title
og:image
og:url
og:type","Lataa kaksi PDF-tiedostoa ja korosta niiden väliset visuaaliset erot pikseli kerrallaan paikallisesti.
Vertaa PDF - Etsi eroja kahden PDF-tiedoston välillä | HandleMyFile
/logo.png
https://handlemyfile.com/
website",0,true,29
21,https://handlemyfile.com/ko/peiji-beonho,PDF에 페이지 번호 추가 - 로컬에서 머리글 및 바닥글 사용자 정의 | HandleMyFile,text/html; charset=utf-8,false,200,0,https://handlemyfile.com/,https://handlemyfile.com/ko/peiji-beonho,200,,,true,"og:description
og:title
og:image
og:url
og:type","브라우저에서 완전한 스타일 제어 기능을 사용하여 PDF 머리글이나 바닥글에 깔끔하고 사용자 정의 가능한 페이지 번호를 쉽게 추가할 수 있습니다.
PDF에 페이지 번호 추가 - 로컬에서 머리글 및 바닥글 사용자 정의 | HandleMyFile
/logo.png
https://handlemyfile.com/
website",0,true,29
21,https://handlemyfile.com/de/pdf-drehen,PDF-Seiten online drehen – PDF lokal um 90/180/270 Grad drehen | HandleMyFile,text/html; charset=utf-8,false,200,0,https://handlemyfile.com/,https://handlemyfile.com/de/pdf-drehen,200,,,true,"og:description
og:title
og:image
og:url
og:type","Drehen Sie einzelne Seiten oder alle Seiten in Ihrem PDF-Dokument lokal in Sekundenschnelle. Keine Uploads erforderlich.
PDF-Seiten online drehen – PDF lokal um 90/180/270 Grad drehen | HandleMyFile
/logo.png
https://handlemyfile.com/
website",0,true,29
21,https://handlemyfile.com/nl/pdf-organiseren,PDF online organiseren - Pagina's lokaal in PDF invoegen | HandleMyFile,text/html; charset=utf-8,false,200,0,https://handlemyfile.com/,https://handlemyfile.com/nl/pdf-organiseren,200,,,true,"og:description
og:title
og:image
og:url
og:type","Voeg veilig in uw browser een ander PDF-bestand in een specifieke pagina-index in.
PDF online organiseren - Pagina's lokaal in PDF invoegen | HandleMyFile
/logo.png
https://handlemyfile.com/
website",0,true,29
21,https://handlemyfile.com/zh/shui-yin-pdf,添加水印到 PDF - 在本地标记自定义文本或图像 | HandleMyFile,text/html; charset=utf-8,false,200,0,https://handlemyfile.com/,https://handlemyfile.com/zh/shui-yin-pdf,200,,,true,"og:description
og:title
og:image
og:url
og:type","通过在 PDF 页面上脱机添加透明文本或图像水印来保护您的知识产权。
添加水印到 PDF - 在本地标记自定义文本或图像 | HandleMyFile
/logo.png
https://handlemyfile.com/
website",0,true,29
21,https://handlemyfile.com/es/extraer-imagenes,Extraer imágenes de PDF: guardar todas las imágenes de PDF | HandleMyFile,text/html; charset=utf-8,false,200,0,https://handlemyfile.com/,https://handlemyfile.com/es/extraer-imagenes,200,,,true,"og:description
og:title
og:image
og:url
og:type","Escanee instantáneamente su PDF y extraiga localmente todas las imágenes incrustadas como archivos JPG/PNG de alta calidad.
Extraer imágenes de PDF: guardar todas las imágenes de PDF | HandleMyFile
/logo.png
https://handlemyfile.com/
website",0,true,29
21,https://handlemyfile.com/zh/zu-zhi-pdf,在线组织 PDF - 在本地将页面插入 PDF | HandleMyFile,text/html; charset=utf-8,false,200,0,https://handlemyfile.com/,https://handlemyfile.com/zh/zu-zhi-pdf,200,,,true,"og:description
og:title
og:image
og:url
og:type","将另一个 PDF 文件安全地插入浏览器中的特定页面索引处。
在线组织 PDF - 在本地将页面插入 PDF | HandleMyFile
/logo.png
https://handlemyfile.com/
website",0,true,29
21,https://handlemyfile.com/it/proteggi-pdf,Proteggi PDF online - Proteggi PDF con password localmente | HandleMyFile,text/html; charset=utf-8,false,200,0,https://handlemyfile.com/,https://handlemyfile.com/it/proteggi-pdf,200,,,true,"og:description
og:title
og:image
og:url
og:type","Proteggi i tuoi file PDF con la crittografia AES-256 e la protezione tramite password localmente nel tuo browser.
Proteggi PDF online - Proteggi PDF con password localmente | HandleMyFile
/logo.png
https://handlemyfile.com/
website",0,true,29
21,https://handlemyfile.com/da/pdf-til-ppt,Gratis PDF til PowerPoint Converter (.pptx) - Nul uploads | HandleMyFile,text/html; charset=utf-8,false,200,0,https://handlemyfile.com/,https://handlemyfile.com/da/pdf-til-ppt,200,,,true,"og:description
og:title
og:image
og:url
og:type","Gør dine flersidede PDF-dokumenter til redigerbare PowerPoint (.pptx)-dias med høj kvalitet i browserens RAM.
Gratis PDF til PowerPoint Converter (.pptx) - Nul uploads | HandleMyFile
/logo.png
https://handlemyfile.com/
website",0,true,29
21,https://handlemyfile.com/it/pdf-scansionato-in-testo-ocr,Convert Scanned PDF to Text | HandleMyFile,text/html; charset=utf-8,false,200,0,https://handlemyfile.com/,https://handlemyfile.com/it/pdf-scansionato-in-testo-ocr,200,,,true,"og:description
og:title
og:image
og:url
og:type","Turn non-searchable scanned PDFs and images into editable plain text locally using multi-language WebAssembly OCR workers.
Convert Scanned PDF to Text | HandleMyFile
/logo.png
https://handlemyfile.com/
website",0,true,29
21,https://handlemyfile.com/ru/ppt-v-pdf,Преобразование PowerPoint в PDF — слайды PPTX в PDF локально | HandleMyFile,text/html; charset=utf-8,false,200,0,https://handlemyfile.com/,https://handlemyfile.com/ru/ppt-v-pdf,200,,,true,"og:description
og:title
og:image
og:url
og:type","Сохраняйте слайды презентации PPTX как универсальные PDF-документы для удобного обмена и печати без загрузки на сервер.
Преобразование PowerPoint в PDF — слайды PPTX в PDF локально | HandleMyFile
/logo.png
https://handlemyfile.com/
website",0,true,29
21,https://handlemyfile.com/hi/prsstth-krmaank,पीडीएफ में पेज नंबर जोड़ें - स्थानीय रूप से कस्टम हेडर और फुटर | HandleMyFile,text/html; charset=utf-8,false,200,0,https://handlemyfile.com/,https://handlemyfile.com/hi/prsstth-krmaank,200,,,true,"og:description
og:title
og:image
og:url
og:type","अपने ब्राउज़र में पूर्ण स्टाइलिंग नियंत्रण के साथ आसानी से अपने पीडीएफ हेडर या फ़ूटर में साफ़, अनुकूलन योग्य पेज नंबर जोड़ें।
पीडीएफ में पेज नंबर जोड़ें - स्थानीय रूप से कस्टम हेडर और फुटर | HandleMyFile
/logo.png
https://handlemyfile.com/
website",0,true,29
21,https://handlemyfile.com/crop-pdf,Crop PDF Online - Remove Margins from PDF Locally | HandleMyFile,text/html; charset=utf-8,false,200,0,https://handlemyfile.com/,https://handlemyfile.com/crop-pdf,200,,,true,"og:description
og:title
og:image
og:url
og:type","Remove white margins or cut PDF pages to a specific size locally in your browser.
Crop PDF Online - Remove Margins from PDF Locally | HandleMyFile
/logo.png
https://handlemyfile.com/
website",0,true,58
21,https://handlemyfile.com/ru/povorot-pdf,Поворот PDF-страниц онлайн — локальный поворот PDF-файла на 90/180/270 градусов | HandleMyFile,text/html; charset=utf-8,false,200,0,https://handlemyfile.com/,https://handlemyfile.com/ru/povorot-pdf,200,,,true,"og:description
og:title
og:image
og:url
og:type","Поворачивайте отдельные страницы или все страницы вашего PDF-документа локально за считанные секунды. Нулевая загрузка не требуется.
Поворот PDF-страниц онлайн — локальный поворот PDF-файла на 90/180/270 градусов | HandleMyFile
/logo.png
https://handlemyfile.com/
website",0,true,29
21,https://handlemyfile.com/he/pdf-ltmvnh,המר תמונות PDF ל-JPG/PNG באינטרנט - חלץ דפים ל-ZIP | HandleMyFile,text/html; charset=utf-8,false,200,0,https://handlemyfile.com/,https://handlemyfile.com/he/pdf-ltmvnh,200,,,true,"og:description
og:title
og:image
og:url
og:type","רסטר דפי PDF לתמונות PNG/JPG צלולות באופן מקומי. הורד בנפרד או כארכיון ZIP במהירות גבוהה.
המר תמונות PDF ל-JPG/PNG באינטרנט - חלץ דפים ל-ZIP | HandleMyFile
/logo.png
https://handlemyfile.com/
website",0,true,29
21,https://handlemyfile.com/zh/shan-chu-yuan-shu-ju,删除 PDF 元数据 - 在线清理属性 | HandleMyFile,text/html; charset=utf-8,false,200,0,https://handlemyfile.com/,https://handlemyfile.com/zh/shan-chu-yuan-shu-ju,200,,,true,"og:description
og:title
og:image
og:url
og:type","离线从 PDF 文件中删除作者、创建者和其他隐藏的数字足迹属性，以获得更好的隐私。
删除 PDF 元数据 - 在线清理属性 | HandleMyFile
/logo.png
https://handlemyfile.com/
website",0,true,29
21,https://handlemyfile.com/no/gratoner-pdf,Konverter PDF til gråtoner - Svart-hvitt PDF Online | HandleMyFile,text/html; charset=utf-8,false,200,0,https://handlemyfile.com/,https://handlemyfile.com/no/gratoner-pdf,200,,,true,"og:description
og:title
og:image
og:url
og:type","Konverter fargede PDF-dokumenter til gråtoner umiddelbart i nettleseren din for å spare utskriftsblekk.
Konverter PDF til gråtoner - Svart-hvitt PDF Online | HandleMyFile
/logo.png
https://handlemyfile.com/
website",0,true,29
21,https://handlemyfile.com/it/scansione-in-pdf,Scansione su PDF: rendi PDF non modificabile e rasterizza online | HandleMyFile,text/html; charset=utf-8,false,200,0,https://handlemyfile.com/,https://handlemyfile.com/it/scansione-in-pdf,200,,,true,"og:description
og:title
og:image
og:url
og:type","Rasterizza i tuoi documenti PDF in immagini piatte all'interno di un PDF. Impedisce il copia-incolla e la modifica in modo sicuro nel browser.
Scansione su PDF: rendi PDF non modificabile e rasterizza online | HandleMyFile
/logo.png
https://handlemyfile.com/
website",0,true,29
21,https://handlemyfile.com/uk/vidaliti-storinki,Remove PDF Pages Online - Delete Pages from PDF Locally | HandleMyFile,text/html; charset=utf-8,false,200,0,https://handlemyfile.com/,https://handlemyfile.com/uk/vidaliti-storinki,200,,,true,"og:description
og:title
og:image
og:url
og:type","Delete unwanted pages from your PDF file securely inside your browser.
Remove PDF Pages Online - Delete Pages from PDF Locally | HandleMyFile
/logo.png
https://handlemyfile.com/
website",0,true,29
21,https://handlemyfile.com/th/remove-pdf-password-without-password,Remove PDF Password Without Password | HandleMyFile,text/html; charset=utf-8,false,200,0,https://handlemyfile.com/,https://handlemyfile.com/th/remove-pdf-password-without-password,200,,,true,"og:description
og:title
og:image
og:url
og:type","Remove password protection from your PDF files without needing the original password using our advanced unlock tool.
Remove PDF Password Without Password | HandleMyFile
/logo.png
https://handlemyfile.com/
website",0,true,29
21,https://handlemyfile.com/he/scanned-pdf-to-text-ocr,Convert Scanned PDF to Text | HandleMyFile,text/html; charset=utf-8,false,200,0,https://handlemyfile.com/,https://handlemyfile.com/he/scanned-pdf-to-text-ocr,200,,,true,"og:description
og:title
og:image
og:url
og:type","Turn non-searchable scanned PDFs and images into editable plain text locally using multi-language WebAssembly OCR workers.
Convert Scanned PDF to Text | HandleMyFile
/logo.png
https://handlemyfile.com/
website",0,true,29
21,https://handlemyfile.com/he/tmvnh-l-pdf,המר JPG ו-PNG ל-PDF באינטרנט - תמונות ל-PDF באופן מקומי | HandleMyFile,text/html; charset=utf-8,false,200,0,https://handlemyfile.com/,https://handlemyfile.com/he/tmvnh-l-pdf,200,,,true,"og:description
og:title
og:image
og:url
og:type","שלב תמונות, צילומי מסך או תמונות PNG/JPG למסמך PDF נקי אחד באופן מקומי ללא העלאה.
המר JPG ו-PNG ל-PDF באינטרנט - תמונות ל-PDF באופן מקומי | HandleMyFile
/logo.png
https://handlemyfile.com/
website",0,true,29
21,https://handlemyfile.com/pt/girar-pdf,Girar páginas do PDF on-line - Girar o PDF 90/180/270 graus localmente | HandleMyFile,text/html; charset=utf-8,false,200,0,https://handlemyfile.com/,https://handlemyfile.com/pt/girar-pdf,200,,,true,"og:description
og:title
og:image
og:url
og:type","Gire páginas individuais ou todas as páginas do seu documento PDF localmente em segundos. Nenhum upload necessário.
Girar páginas do PDF on-line - Girar o PDF 90/180/270 graus localmente | HandleMyFile
/logo.png
https://handlemyfile.com/
website",0,true,29
21,https://handlemyfile.com/image-to-pdf,Convert JPG & PNG to PDF Online - Images to PDF Locally | HandleMyFile,text/html; charset=utf-8,false,200,0,https://handlemyfile.com/,https://handlemyfile.com/image-to-pdf,200,,,true,"og:description
og:title
og:image
og:url
og:type","Combine photos, screenshots, or PNG/JPG images into a single clean PDF document locally without uploading.
Convert JPG & PNG to PDF Online - Images to PDF Locally | HandleMyFile
/logo.png
https://handlemyfile.com/
website",0,true,58
21,https://handlemyfile.com/cs/sloucit-pdf,Online fúze PDF zdarma – lokálně kombinovat soubory PDF | Zero Upload | HandleMyFile,text/html; charset=utf-8,false,200,0,https://handlemyfile.com/,https://handlemyfile.com/cs/sloucit-pdf,200,,,true,"og:description
og:title
og:image
og:url
og:type","Kombinujte více souborů PDF do jednoho dokumentu pomocí čistě klientského WebAssembly. Žádné nahrávání souborů, 100% ochrana soukromí zaručena, nulové limity.
Online fúze PDF zdarma – lokálně kombinovat soubory PDF | Zero Upload | HandleMyFile
/logo.png
https://handlemyfile.com/
website",0,true,29
21,https://handlemyfile.com/uk/uporyadkuvati-pdf,Organize PDF Online - Insert Pages into PDF Locally | HandleMyFile,text/html; charset=utf-8,false,200,0,https://handlemyfile.com/,https://handlemyfile.com/uk/uporyadkuvati-pdf,200,,,true,"og:description
og:title
og:image
og:url
og:type","Insert another PDF file at a specific page index securely inside your browser.
Organize PDF Online - Insert Pages into PDF Locally | HandleMyFile
/logo.png
https://handlemyfile.com/
website",0,true,29
21,https://handlemyfile.com/ro/pdf-scanat-n-text-ocr,Convert Scanned PDF to Text | HandleMyFile,text/html; charset=utf-8,false,200,0,https://handlemyfile.com/,https://handlemyfile.com/ro/pdf-scanat-n-text-ocr,200,,,true,"og:description
og:title
og:image
og:url
og:type","Turn non-searchable scanned PDFs and images into editable plain text locally using multi-language WebAssembly OCR workers.
Convert Scanned PDF to Text | HandleMyFile
/logo.png
https://handlemyfile.com/
website",0,true,29
21,https://handlemyfile.com/fr/pdf-en-ppt,Convertisseur gratuit de PDF en PowerPoint (.pptx) - Aucun téléchargement | HandleMyFile,text/html; charset=utf-8,false,200,0,https://handlemyfile.com/,https://handlemyfile.com/fr/pdf-en-ppt,200,,,true,"og:description
og:title
og:image
og:url
og:type","Transformez vos documents PDF de plusieurs pages en diapositives PowerPoint (.pptx) modifiables avec une haute fidélité dans la RAM du navigateur.
Convertisseur gratuit de PDF en PowerPoint (.pptx) - Aucun téléchargement | HandleMyFile
/logo.png
https://handlemyfile.com/
website",0,true,29
21,https://handlemyfile.com/uk/rozblokuvati-pdf,Розблокуйте PDF в Інтернеті - видаліть пароль PDF локально | HandleMyFile,text/html; charset=utf-8,false,200,0,https://handlemyfile.com/,https://handlemyfile.com/uk/rozblokuvati-pdf,200,,,true,"og:description
og:title
og:image
og:url
og:type","Миттєво видаліть пароль і шифрування з PDF-файлів у своєму браузері.
Розблокуйте PDF в Інтернеті - видаліть пароль PDF локально | HandleMyFile
/logo.png
https://handlemyfile.com/
website",0,true,29
21,https://handlemyfile.com/hi/scanned-pdf-to-text-ocr,Convert Scanned PDF to Text | HandleMyFile,text/html; charset=utf-8,false,200,0,https://handlemyfile.com/,https://handlemyfile.com/hi/scanned-pdf-to-text-ocr,200,,,true,"og:description
og:title
og:image
og:url
og:type","Turn non-searchable scanned PDFs and images into editable plain text locally using multi-language WebAssembly OCR workers.
Convert Scanned PDF to Text | HandleMyFile
/logo.png
https://handlemyfile.com/
website",0,true,29
21,https://handlemyfile.com/hu/beolvasas-pdf-be,Szkennelés PDF-be – Tedd a PDF-et szerkeszthetetlenné és raszterizáld online | HandleMyFile,text/html; charset=utf-8,false,200,0,https://handlemyfile.com/,https://handlemyfile.com/hu/beolvasas-pdf-be,200,,,true,"og:description
og:title
og:image
og:url
og:type","Raszterizálja PDF-dokumentumait lapos képekké a PDF-ben. Megakadályozza a másolás-beillesztést és a biztonságos szerkesztést a böngészőben.
Szkennelés PDF-be – Tedd a PDF-et szerkeszthetetlenné és raszterizáld online | HandleMyFile
/logo.png
https://handlemyfile.com/
website",0,true,29
21,https://handlemyfile.com/nl/grijswaarden-pdf,Converteer PDF naar grijswaarden - Zwart-wit PDF online | HandleMyFile,text/html; charset=utf-8,false,200,0,https://handlemyfile.com/,https://handlemyfile.com/nl/grijswaarden-pdf,200,,,true,"og:description
og:title
og:image
og:url
og:type","Converteer gekleurde PDF-documenten direct in uw browser naar grijswaarden om drukinkt te besparen.
Converteer PDF naar grijswaarden - Zwart-wit PDF online | HandleMyFile
/logo.png
https://handlemyfile.com/
website",0,true,29
21,https://handlemyfile.com/sk/obrazok-do-pdf,Prevod JPG a PNG do PDF online – obrázky do PDF lokálne | HandleMyFile,text/html; charset=utf-8,false,200,0,https://handlemyfile.com/,https://handlemyfile.com/sk/obrazok-do-pdf,200,,,true,"og:description
og:title
og:image
og:url
og:type","Skombinujte fotografie, snímky obrazovky alebo obrázky PNG/JPG do jedného čistého dokumentu PDF lokálne bez nahrávania.
Prevod JPG a PNG do PDF online – obrázky do PDF lokálne | HandleMyFile
/logo.png
https://handlemyfile.com/
website",0,true,29
21,https://handlemyfile.com/zh/bi-jiao-pdf,比较 PDF - 查找两个 PDF 之间的差异 | HandleMyFile,text/html; charset=utf-8,false,200,0,https://handlemyfile.com/,https://handlemyfile.com/zh/bi-jiao-pdf,200,,,true,"og:description
og:title
og:image
og:url
og:type","上传两个 PDF 文件并在本地逐像素突出显示它们之间的视觉差异。
比较 PDF - 查找两个 PDF 之间的差异 | HandleMyFile
/logo.png
https://handlemyfile.com/
website",0,true,29
21,https://handlemyfile.com/ro/reduce-i-dimensiunea-pdf-offline,Reduce PDF Size Offline | HandleMyFile,text/html; charset=utf-8,false,200,0,https://handlemyfile.com/,https://handlemyfile.com/ro/reduce-i-dimensiunea-pdf-offline,200,,,true,"og:description
og:title
og:image
og:url
og:type","Reduce the size of your PDF documents offline directly in your browser without any server uploads. 100% secure.
Reduce PDF Size Offline | HandleMyFile
/logo.png
https://handlemyfile.com/
website",0,true,29
21,https://handlemyfile.com/es/pdf-en-escala-de-grises,Convierta PDF a escala de grises: PDF en blanco y negro en línea | HandleMyFile,text/html; charset=utf-8,false,200,0,https://handlemyfile.com/,https://handlemyfile.com/es/pdf-en-escala-de-grises,200,,,true,"og:description
og:title
og:image
og:url
og:type","Convierta documentos PDF en color a escala de grises instantáneamente en su navegador para ahorrar tinta de impresión.
Convierta PDF a escala de grises: PDF en blanco y negro en línea | HandleMyFile
/logo.png
https://handlemyfile.com/
website",0,true,29
21,https://handlemyfile.com/he/ocr-pdf,OCR דפדפן בחינם - חלץ טקסט מ-PDF ותמונות סרוקות | HandleMyFile,text/html; charset=utf-8,false,200,0,https://handlemyfile.com/,https://handlemyfile.com/he/ocr-pdf,200,,,true,"og:description
og:title
og:image
og:url
og:type","הפוך קובצי PDF ותמונות סרוקים שאינם ניתנים לחיפוש לטקסט רגיל הניתן לעריכה באופן מקומי באמצעות עובדי WebAssembly OCR מרובי שפות.
OCR דפדפן בחינם - חלץ טקסט מ-PDF ותמונות סרוקות | HandleMyFile
/logo.png
https://handlemyfile.com/
website",0,true,29
21,https://handlemyfile.com/uk/pdf-word,Free PDF to Word Converter (.docx) Without Losing Formatting | HandleMyFile,text/html; charset=utf-8,false,200,0,https://handlemyfile.com/,https://handlemyfile.com/uk/pdf-word,200,,,true,"og:description
og:title
og:image
og:url
og:type","Extract exact text, layout runs, and paragraphs from any PDF into a clean Microsoft Word (.docx) file directly inside browser memory.
Free PDF to Word Converter (.docx) Without Losing Formatting | HandleMyFile
/logo.png
https://handlemyfile.com/
website",0,true,29
21,https://handlemyfile.com/vi/tach-pdf,Tách PDF trực tuyến - Trích xuất các trang riêng biệt | Quyền riêng tư phía khách hàng | HandleMyFile,text/html; charset=utf-8,false,200,0,https://handlemyfile.com/,https://handlemyfile.com/vi/tach-pdf,200,,,true,"og:description
og:title
og:image
og:url
og:type","Tách một hoặc nhiều trang PDF thành các tệp PDF độc lập hoặc kho lưu trữ ZIP cục bộ. Nhanh chóng, an toàn và dựa trên trình duyệt 100%.
Tách PDF trực tuyến - Trích xuất các trang riêng biệt | Quyền riêng tư phía khách hàng | HandleMyFile
/logo.png
https://handlemyfile.com/
website",0,true,29
21,https://handlemyfile.com/pt/dividir-pdf,Dividir PDF Online - Extrair páginas separadamente | Privacidade do lado do cliente | HandleMyFile,text/html; charset=utf-8,false,200,0,https://handlemyfile.com/,https://handlemyfile.com/pt/dividir-pdf,200,,,true,"og:description
og:title
og:image
og:url
og:type","Separe uma ou mais páginas PDF em arquivos PDF independentes ou em um arquivo ZIP localmente. Rápido, seguro e 100% baseado em navegador.
Dividir PDF Online - Extrair páginas separadamente | Privacidade do lado do cliente | HandleMyFile
/logo.png
https://handlemyfile.com/
website",0,true,29
21,https://handlemyfile.com/sk/upravit-pdf,Redigovať PDF – bezpečne začierniť text a obrázky | HandleMyFile,text/html; charset=utf-8,false,200,0,https://handlemyfile.com/,https://handlemyfile.com/sk/upravit-pdf,200,,,true,"og:description
og:title
og:image
og:url
og:type","Nakreslite redakčné polia na súkromné ​​informácie. Redigované strany sú plne rastrované, aby sa natrvalo zničil skrytý text.
Redigovať PDF – bezpečne začierniť text a obrázky | HandleMyFile
/logo.png
https://handlemyfile.com/
website",0,true,48
21,https://handlemyfile.com/nl/scannen-naar-pdf,Scannen naar PDF - PDF onbewerkbaar maken en online rasteren | HandleMyFile,text/html; charset=utf-8,false,200,0,https://handlemyfile.com/,https://handlemyfile.com/nl/scannen-naar-pdf,200,,,true,"og:description
og:title
og:image
og:url
og:type","Raster uw PDF-documenten in platte afbeeldingen in een PDF. Voorkomt kopiëren, plakken en veilig bewerken in uw browser.
Scannen naar PDF - PDF onbewerkbaar maken en online rasteren | HandleMyFile
/logo.png
https://handlemyfile.com/
website",0,true,29
21,https://handlemyfile.com/excel-to-pdf,Convert Excel to PDF Online - XLSX & XLS to PDF Locally | HandleMyFile,text/html; charset=utf-8,false,200,0,https://handlemyfile.com/,https://handlemyfile.com/excel-to-pdf,200,,,true,"og:description
og:title
og:image
og:url
og:type","Transform spreadsheets and financial data into clean, printable PDF tables offline in your browser.
Convert Excel to PDF Online - XLSX & XLS to PDF Locally | HandleMyFile
/logo.png
https://handlemyfile.com/
website",0,true,58
21,https://handlemyfile.com/th/aeyk-pdf,แยก PDF ออนไลน์ - แยกหน้าแยกกัน | ความเป็นส่วนตัวฝั่งไคลเอ็นต์ | HandleMyFile,text/html; charset=utf-8,false,200,0,https://handlemyfile.com/,https://handlemyfile.com/th/aeyk-pdf,200,,,true,"og:description
og:title
og:image
og:url
og:type","แยกหน้า PDF หนึ่งหน้าขึ้นไปเป็นไฟล์ PDF อิสระหรือไฟล์ ZIP ในเครื่อง รวดเร็ว ปลอดภัย และใช้งานบนเบราว์เซอร์ 100%
แยก PDF ออนไลน์ - แยกหน้าแยกกัน | ความเป็นส่วนตัวฝั่งไคลเอ็นต์ | HandleMyFile
/logo.png
https://handlemyfile.com/
website",0,true,29
21,https://handlemyfile.com/ar/aaks-pdf,عكس صفحات PDF - تغيير ترتيب صفحات PDF للخلف | HandleMyFile,text/html; charset=utf-8,false,200,0,https://handlemyfile.com/,https://handlemyfile.com/ar/aaks-pdf,200,,,true,"og:description
og:title
og:image
og:url
og:type","قم على الفور بعكس تسلسل الصفحات في مستند PDF الخاص بك من الأخير إلى الأول بشكل آمن في متصفحك.
عكس صفحات PDF - تغيير ترتيب صفحات PDF للخلف | HandleMyFile
/logo.png
https://handlemyfile.com/
website",0,true,29
21,https://handlemyfile.com/hu/pdf-vedelme,PDF védelme online – PDF jelszavas védelme helyileg | HandleMyFile,text/html; charset=utf-8,false,200,0,https://handlemyfile.com/,https://handlemyfile.com/hu/pdf-vedelme,200,,,true,"og:description
og:title
og:image
og:url
og:type","Biztosítsa PDF fájljait AES-256 titkosítással és jelszavas védelemmel helyileg a böngészőjében.
PDF védelme online – PDF jelszavas védelme helyileg | HandleMyFile
/logo.png
https://handlemyfile.com/
website",0,true,29
21,https://handlemyfile.com/pt/imagem-para-pdf,Converta JPG e PNG para PDF Online - Imagens para PDF localmente | HandleMyFile,text/html; charset=utf-8,false,200,0,https://handlemyfile.com/,https://handlemyfile.com/pt/imagem-para-pdf,200,,,true,"og:description
og:title
og:image
og:url
og:type","Combine fotos, capturas de tela ou imagens PNG/JPG em um único documento PDF limpo localmente, sem fazer upload.
Converta JPG e PNG para PDF Online - Imagens para PDF localmente | HandleMyFile
/logo.png
https://handlemyfile.com/
website",0,true,29
21,https://handlemyfile.com/cs/porovnat-pdf,Porovnat PDF – najít rozdíly mezi dvěma PDF | HandleMyFile,text/html; charset=utf-8,false,200,0,https://handlemyfile.com/,https://handlemyfile.com/cs/porovnat-pdf,200,,,true,"og:description
og:title
og:image
og:url
og:type","Nahrajte dva soubory PDF a lokálně zvýrazněte vizuální rozdíly mezi nimi pixel po pixelu.
Porovnat PDF – najít rozdíly mezi dvěma PDF | HandleMyFile
/logo.png
https://handlemyfile.com/
website",0,true,29
21,https://handlemyfile.com/th/csv-epn-excel,ฟรี CSV เป็น Excel Converter (.xlsx) - โปรแกรมเบราว์เซอร์ทันใจ | HandleMyFile,text/html; charset=utf-8,false,200,0,https://handlemyfile.com/,https://handlemyfile.com/th/csv-epn-excel,200,,,true,"og:description
og:title
og:image
og:url
og:type","เปลี่ยนไฟล์ CSV ดิบให้เป็นสเปรดชีต Excel ที่มีรูปแบบเหมาะสม พร้อมรองรับหลายชีตและการสูญเสียข้อมูลเป็นศูนย์เมื่อออฟไลน์
ฟรี CSV เป็น Excel Converter (.xlsx) - โปรแกรมเบราว์เซอร์ทันใจ | HandleMyFile
/logo.png
https://handlemyfile.com/
website",0,true,29
21,https://handlemyfile.com/de/pdf-zu-ppt,Kostenloser PDF-zu-PowerPoint-Konverter (.pptx) – Keine Uploads | HandleMyFile,text/html; charset=utf-8,false,200,0,https://handlemyfile.com/,https://handlemyfile.com/de/pdf-zu-ppt,200,,,true,"og:description
og:title
og:image
og:url
og:type","Verwandeln Sie Ihre mehrseitigen PDF-Dokumente in bearbeitbare PowerPoint-Folien (.pptx) mit hoher Wiedergabetreue im Browser-RAM.
Kostenloser PDF-zu-PowerPoint-Konverter (.pptx) – Keine Uploads | HandleMyFile
/logo.png
https://handlemyfile.com/
website",0,true,29
21,https://handlemyfile.com/pt/remover-senha-do-pdf-sem-senha,Remove PDF Password Without Password | HandleMyFile,text/html; charset=utf-8,false,200,0,https://handlemyfile.com/,https://handlemyfile.com/pt/remover-senha-do-pdf-sem-senha,200,,,true,"og:description
og:title
og:image
og:url
og:type","Remove password protection from your PDF files without needing the original password using our advanced unlock tool.
Remove PDF Password Without Password | HandleMyFile
/logo.png
https://handlemyfile.com/
website",0,true,29
21,https://handlemyfile.com/ar/lswr-l~-pdf,تحويل JPG وPNG إلى PDF عبر الإنترنت - الصور إلى PDF محليًا | HandleMyFile,text/html; charset=utf-8,false,200,0,https://handlemyfile.com/,https://handlemyfile.com/ar/lswr-l~-pdf,200,,,true,"og:description
og:title
og:image
og:url
og:type","قم بدمج الصور أو لقطات الشاشة أو صور PNG/JPG في مستند PDF واحد نظيف محليًا دون تحميل.
تحويل JPG وPNG إلى PDF عبر الإنترنت - الصور إلى PDF محليًا | HandleMyFile
/logo.png
https://handlemyfile.com/
website",0,true,29
21,https://handlemyfile.com/he/pdf-bgvvny-pvr,המרת PDF לגווני אפור - PDF בשחור לבן | HandleMyFile,text/html; charset=utf-8,false,200,0,https://handlemyfile.com/,https://handlemyfile.com/he/pdf-bgvvny-pvr,200,,,true,"og:description
og:title
og:image
og:url
og:type","המר מסמכי PDF צבעוניים לגווני אפור באופן מיידי בדפדפן שלך כדי לחסוך בדיו להדפסה.
המרת PDF לגווני אפור - PDF בשחור לבן | HandleMyFile
/logo.png
https://handlemyfile.com/
website",0,true,29
21,https://handlemyfile.com/fi/poista-sivut,Poista PDF-sivut verkossa - Poista sivut PDF-tiedostosta paikallisesti | HandleMyFile,text/html; charset=utf-8,false,200,0,https://handlemyfile.com/,https://handlemyfile.com/fi/poista-sivut,200,,,true,"og:description
og:title
og:image
og:url
og:type","Poista ei-toivotut sivut PDF-tiedostostasi turvallisesti selaimessasi.
Poista PDF-sivut verkossa - Poista sivut PDF-tiedostosta paikallisesti | HandleMyFile
/logo.png
https://handlemyfile.com/
website",0,true,29
21,https://handlemyfile.com/fi/pakkaa-pdf,Pakkaa PDF Online - Pienennä tiedostokokoa 60-90 % paikallisesti | HandleMyFile,text/html; charset=utf-8,false,200,0,https://handlemyfile.com/,https://handlemyfile.com/fi/pakkaa-pdf,200,,,true,"og:description
og:title
og:image
og:url
og:type","Pienennä suuria PDF-tiedostoja jopa 90 % käyttämällä mukautuvaa häviötöntä ja DPI-rasterointitekniikkaa suoraan WebAssemblyssa.
Pakkaa PDF Online - Pienennä tiedostokokoa 60-90 % paikallisesti | HandleMyFile
/logo.png
https://handlemyfile.com/
website",0,true,29
21,https://handlemyfile.com/tr/ters-pdf,PDF Sayfalarını Tersine Çevir - PDF Sayfa Sırasını Geriye Doğru Değiştir | HandleMyFile,text/html; charset=utf-8,false,200,0,https://handlemyfile.com/,https://handlemyfile.com/tr/ters-pdf,200,,,true,"og:description
og:title
og:image
og:url
og:type","Tarayıcınızda PDF belgenizdeki sayfaların sırasını sondan başa doğru güvenli bir şekilde anında tersine çevirin.
PDF Sayfalarını Tersine Çevir - PDF Sayfa Sırasını Geriye Doğru Değiştir | HandleMyFile
/logo.png
https://handlemyfile.com/
website",0,true,29
21,https://handlemyfile.com/sv/skydda-pdf,Skydda PDF Online - Lösenordsskydda PDF lokalt | HandleMyFile,text/html; charset=utf-8,false,200,0,https://handlemyfile.com/,https://handlemyfile.com/sv/skydda-pdf,200,,,true,"og:description
og:title
og:image
og:url
og:type","Säkra dina PDF-filer med AES-256-kryptering och lösenordsskydd lokalt i din webbläsare.
Skydda PDF Online - Lösenordsskydda PDF lokalt | HandleMyFile
/logo.png
https://handlemyfile.com/
website",0,true,29
21,https://handlemyfile.com/txt-to-pdf,Convert TXT to PDF Online - Plain Text to PDF Document | HandleMyFile,text/html; charset=utf-8,false,200,0,https://handlemyfile.com/,https://handlemyfile.com/txt-to-pdf,200,,,true,"og:description
og:title
og:image
og:url
og:type","Quickly turn plain text files or code logs into well-structured, readable PDF documents instantly in your browser.
Convert TXT to PDF Online - Plain Text to PDF Document | HandleMyFile
/logo.png
https://handlemyfile.com/
website",0,true,58
21,https://handlemyfile.com/ar/reduce-pdf-size-offline,Reduce PDF Size Offline | HandleMyFile,text/html; charset=utf-8,false,200,0,https://handlemyfile.com/,https://handlemyfile.com/ar/reduce-pdf-size-offline,200,,,true,"og:description
og:title
og:image
og:url
og:type","Reduce the size of your PDF documents offline directly in your browser without any server uploads. 100% secure.
Reduce PDF Size Offline | HandleMyFile
/logo.png
https://handlemyfile.com/
website",0,true,29
21,https://handlemyfile.com/ru/reorder-pdf-pages-drag-and-drop,Reorder PDF Pages Drag and Drop Free | HandleMyFile,text/html; charset=utf-8,false,200,0,https://handlemyfile.com/,https://handlemyfile.com/ru/reorder-pdf-pages-drag-and-drop,200,,,true,"og:description
og:title
og:image
og:url
og:type","Organize and reorder pages in your PDF document visually by dragging and dropping thumbnails. 100% free and local.
Reorder PDF Pages Drag and Drop Free | HandleMyFile
/logo.png
https://handlemyfile.com/
website",0,true,29
21,https://handlemyfile.com/el/diahorismos-pdf,Split PDF Online - Εξαγωγή σελίδων ξεχωριστά | Απόρρητο από την πλευρά του πελάτη | HandleMyFile,text/html; charset=utf-8,false,200,0,https://handlemyfile.com/,https://handlemyfile.com/el/diahorismos-pdf,200,,,true,"og:description
og:title
og:image
og:url
og:type","Διαχωρίστε μία ή περισσότερες σελίδες PDF σε ανεξάρτητα αρχεία PDF ή σε ένα αρχείο ZIP τοπικά. Γρήγορο, ασφαλές και 100% βασισμένο σε πρόγραμμα περιήγησης.
Split PDF Online - Εξαγωγή σελίδων ξεχωριστά | Απόρρητο από την πλευρά του πελάτη | HandleMyFile
/logo.png
https://handlemyfile.com/
website",0,true,29
21,https://handlemyfile.com/sk/rozdelit-pdf,Rozdeliť PDF online – extrahovať strany samostatne | Ochrana osobných údajov na strane klienta | HandleMyFile,text/html; charset=utf-8,false,200,0,https://handlemyfile.com/,https://handlemyfile.com/sk/rozdelit-pdf,200,,,true,"og:description
og:title
og:image
og:url
og:type","Lokálne oddeľte jednu alebo viac stránok PDF do nezávislých súborov PDF alebo archívu ZIP. Rýchle, bezpečné a 100% založené na prehliadači.
Rozdeliť PDF online – extrahovať strany samostatne | Ochrana osobných údajov na strane klienta | HandleMyFile
/logo.png
https://handlemyfile.com/
website",0,true,29
21,https://handlemyfile.com/da/scan-til-pdf,Scan til PDF - Gør PDF uredigerbar og rasteriser online | HandleMyFile,text/html; charset=utf-8,false,200,0,https://handlemyfile.com/,https://handlemyfile.com/da/scan-til-pdf,200,,,true,"og:description
og:title
og:image
og:url
og:type","Rasteriser dine PDF-dokumenter til flade billeder inde i en PDF. Forhindrer kopiering-indsæt og redigering sikkert i din browser.
Scan til PDF - Gør PDF uredigerbar og rasteriser online | HandleMyFile
/logo.png
https://handlemyfile.com/
website",0,true,29
21,https://handlemyfile.com/it/firma-pdf,Firma PDF online - Aggiungi firma elettronica al PDF | HandleMyFile,text/html; charset=utf-8,false,200,0,https://handlemyfile.com/,https://handlemyfile.com/it/firma-pdf,200,,,true,"og:description
og:title
og:image
og:url
og:type","Disegna, carica o genera una firma elettronica e aggiungila al tuo PDF.
Firma PDF online - Aggiungi firma elettronica al PDF | HandleMyFile
/logo.png
https://handlemyfile.com/
website",0,true,29
21,https://handlemyfile.com/ar/lmsh-ldwy-y-l~-pdf,المسح الضوئي إلى PDF - جعل ملف PDF غير قابل للتحرير وتنقيطه عبر الإنترنت | HandleMyFile,text/html; charset=utf-8,false,200,0,https://handlemyfile.com/,https://handlemyfile.com/ar/lmsh-ldwy-y-l~-pdf,200,,,true,"og:description
og:title
og:image
og:url
og:type","قم بتنقيط مستندات PDF الخاصة بك إلى صور مسطحة داخل ملف PDF. يمنع النسخ واللصق والتحرير بشكل آمن في متصفحك.
المسح الضوئي إلى PDF - جعل ملف PDF غير قابل للتحرير وتنقيطه عبر الإنترنت | HandleMyFile
/logo.png
https://handlemyfile.com/
website",0,true,29
21,https://handlemyfile.com/it/unisci-pdf,Fusione PDF online gratuita: combina file PDF localmente | Caricamento zero | HandleMyFile,text/html; charset=utf-8,false,200,0,https://handlemyfile.com/,https://handlemyfile.com/it/unisci-pdf,200,,,true,"og:description
og:title
og:image
og:url
og:type","Combina più file PDF in un unico documento utilizzando WebAssembly lato client puro. Nessun caricamento di file, privacy garantita al 100%, zero limiti.
Fusione PDF online gratuita: combina file PDF localmente | Caricamento zero | HandleMyFile
/logo.png
https://handlemyfile.com/
website",0,true,29
21,https://handlemyfile.com/ja/gazo-chushutsu,PDF から画像を抽出 - PDF からすべての画像を保存 | HandleMyFile,text/html; charset=utf-8,false,200,0,https://handlemyfile.com/,https://handlemyfile.com/ja/gazo-chushutsu,200,,,true,"og:description
og:title
og:image
og:url
og:type","PDF を即座にスキャンし、埋め込まれたすべての画像を高品質の JPG/PNG ファイルとしてローカルに抽出します。
PDF から画像を抽出 - PDF からすべての画像を保存 | HandleMyFile
/logo.png
https://handlemyfile.com/
website",0,true,29
21,https://handlemyfile.com/ja/pdf-torimingu,オンラインで PDF をトリミング - PDF からローカルで余白を削除 | HandleMyFile,text/html; charset=utf-8,false,200,0,https://handlemyfile.com/,https://handlemyfile.com/ja/pdf-torimingu,200,,,true,"og:description
og:title
og:image
og:url
og:type","白い余白を削除するか、ブラウザでローカルに PDF ページを特定のサイズにカットします。
オンラインで PDF をトリミング - PDF からローカルで余白を削除 | HandleMyFile
/logo.png
https://handlemyfile.com/
website",0,true,29
21,https://handlemyfile.com/cs/csv-do-excelu,Bezplatný převodník CSV do Excelu (.xlsx) – Instant Browser Engine | HandleMyFile,text/html; charset=utf-8,false,200,0,https://handlemyfile.com/,https://handlemyfile.com/cs/csv-do-excelu,200,,,true,"og:description
og:title
og:image
og:url
og:type","Přeměňte nezpracované soubory CSV na správně formátované tabulky aplikace Excel s podporou více listů a nulovou ztrátou dat offline.
Bezplatný převodník CSV do Excelu (.xlsx) – Instant Browser Engine | HandleMyFile
/logo.png
https://handlemyfile.com/
website",0,true,29
21,https://handlemyfile.com/th/pldl-kh-pdf,ปลดล็อก PDF ออนไลน์ - ลบรหัสผ่าน PDF ในเครื่อง | HandleMyFile,text/html; charset=utf-8,false,200,0,https://handlemyfile.com/,https://handlemyfile.com/th/pldl-kh-pdf,200,,,true,"og:description
og:title
og:image
og:url
og:type","ลบรหัสผ่านและการเข้ารหัสออกจากไฟล์ PDF ของคุณทันทีในเบราว์เซอร์ของคุณ
ปลดล็อก PDF ออนไลน์ - ลบรหัสผ่าน PDF ในเครื่อง | HandleMyFile
/logo.png
https://handlemyfile.com/
website",0,true,29
21,https://handlemyfile.com/uk/remove-pdf-password-without-password,Remove PDF Password Without Password | HandleMyFile,text/html; charset=utf-8,false,200,0,https://handlemyfile.com/,https://handlemyfile.com/uk/remove-pdf-password-without-password,200,,,true,"og:description
og:title
og:image
og:url
og:type","Remove password protection from your PDF files without needing the original password using our advanced unlock tool.
Remove PDF Password Without Password | HandleMyFile
/logo.png
https://handlemyfile.com/
website",0,true,29
21,https://handlemyfile.com/sk/pdf-do-wordu-bez-straty-form-tovania,Free PDF to Word Converter (.docx) Without Losing Formatting | HandleMyFile,text/html; charset=utf-8,false,200,0,https://handlemyfile.com/,https://handlemyfile.com/sk/pdf-do-wordu-bez-straty-form-tovania,200,,,true,"og:description
og:title
og:image
og:url
og:type","Extract exact text, layout runs, and paragraphs from any PDF into a clean Microsoft Word (.docx) file directly inside browser memory.
Free PDF to Word Converter (.docx) Without Losing Formatting | HandleMyFile
/logo.png
https://handlemyfile.com/
website",0,true,29
21,https://handlemyfile.com/ro/pdf-in-ppt,Convertor gratuit PDF în PowerPoint (.pptx) - zero încărcări | HandleMyFile,text/html; charset=utf-8,false,200,0,https://handlemyfile.com/,https://handlemyfile.com/ro/pdf-in-ppt,200,,,true,"og:description
og:title
og:image
og:url
og:type","Transformă-ți documentele PDF cu mai multe pagini în diapozitive PowerPoint (.pptx) editabile cu fidelitate ridicată în interiorul RAM al browserului.
Convertor gratuit PDF în PowerPoint (.pptx) - zero încărcări | HandleMyFile
/logo.png
https://handlemyfile.com/
website",0,true,29
21,https://handlemyfile.com/pl/pdf-do-obrazu,Konwertuj obrazy PDF na obrazy JPG/PNG online — wyodrębniaj strony do formatu ZIP | HandleMyFile,text/html; charset=utf-8,false,200,0,https://handlemyfile.com/,https://handlemyfile.com/pl/pdf-do-obrazu,200,,,true,"og:description
og:title
og:image
og:url
og:type","Rasteryzuj strony PDF lokalnie w krystalicznie czyste obrazy PNG/JPG. Pobierz pojedynczo lub jako szybkie archiwum ZIP.
Konwertuj obrazy PDF na obrazy JPG/PNG online — wyodrębniaj strony do formatu ZIP | HandleMyFile
/logo.png
https://handlemyfile.com/
website",0,true,29
21,https://handlemyfile.com/no/pakk-ut-bilder,Trekk ut bilder fra PDF - Lagre alle bilder fra PDF | HandleMyFile,text/html; charset=utf-8,false,200,0,https://handlemyfile.com/,https://handlemyfile.com/no/pakk-ut-bilder,200,,,true,"og:description
og:title
og:image
og:url
og:type","Skann PDF-en din umiddelbart og trekk ut alle innebygde bilder som JPG/PNG-filer av høy kvalitet lokalt.
Trekk ut bilder fra PDF - Lagre alle bilder fra PDF | HandleMyFile
/logo.png
https://handlemyfile.com/
website",0,true,29
21,https://handlemyfile.com/ko/pdf-keugi-jojeong,PDF 페이지 크기 조정 - PDF 페이지 크기 및 여백 변경 | HandleMyFile,text/html; charset=utf-8,false,200,0,https://handlemyfile.com/,https://handlemyfile.com/ko/pdf-keugi-jojeong,200,,,true,"og:description
og:title
og:image
og:url
og:type","PDF 페이지의 크기를 A4 또는 Letter와 같은 표준 크기로 조정하고, 여백을 추가하고, 콘텐츠를 완벽하게 중앙에 배치하세요.
PDF 페이지 크기 조정 - PDF 페이지 크기 및 여백 변경 | HandleMyFile
/logo.png
https://handlemyfile.com/
website",0,true,29
21,https://handlemyfile.com/el/reduce-pdf-size-offline,Reduce PDF Size Offline | HandleMyFile,text/html; charset=utf-8,false,200,0,https://handlemyfile.com/,https://handlemyfile.com/el/reduce-pdf-size-offline,200,,,true,"og:description
og:title
og:image
og:url
og:type","Reduce the size of your PDF documents offline directly in your browser without any server uploads. 100% secure.
Reduce PDF Size Offline | HandleMyFile
/logo.png
https://handlemyfile.com/
website",0,true,29
21,https://handlemyfile.com/ru/excel-v-csv,Бесплатный конвертер Excel в CSV (.xlsx в .csv) – без загрузок | HandleMyFile,text/html; charset=utf-8,false,200,0,https://handlemyfile.com/,https://handlemyfile.com/ru/excel-v-csv,200,,,true,"og:description
og:title
og:image
og:url
og:type","Быстро экспортируйте данные из электронных таблиц Microsoft Excel (.xlsx, .xls) в универсальный формат CSV прямо в браузере.
Бесплатный конвертер Excel в CSV (.xlsx в .csv) – без загрузок | HandleMyFile
/logo.png
https://handlemyfile.com/
website",0,true,29
21,https://handlemyfile.com/uk/csv-v-excel,Безкоштовний конвертер CSV у Excel (.xlsx) – механізм миттєвого перегляду | HandleMyFile,text/html; charset=utf-8,false,200,0,https://handlemyfile.com/,https://handlemyfile.com/uk/csv-v-excel,200,,,true,"og:description
og:title
og:image
og:url
og:type","Перетворіть необроблені файли CSV на правильно відформатовані електронні таблиці Excel із підтримкою кількох аркушів і нульовою втратою даних у режимі офлайн.
Безкоштовний конвертер CSV у Excel (.xlsx) – механізм миттєвого перегляду | HandleMyFile
/logo.png
https://handlemyfile.com/
website",0,true,29
21,https://handlemyfile.com/ar/pdf-l~-swr,تحويل PDF إلى صور JPG/PNG عبر الإنترنت - استخراج الصفحات إلى ZIP | HandleMyFile,text/html; charset=utf-8,false,200,0,https://handlemyfile.com/,https://handlemyfile.com/ar/pdf-l~-swr,200,,,true,"og:description
og:title
og:image
og:url
og:type","قم بتنقيط صفحات PDF إلى صور PNG/JPG واضحة تمامًا محليًا. قم بالتنزيل بشكل فردي أو كأرشيف ZIP عالي السرعة.
تحويل PDF إلى صور JPG/PNG عبر الإنترنت - استخراج الصفحات إلى ZIP | HandleMyFile
/logo.png
https://handlemyfile.com/
website",0,true,29
21,https://handlemyfile.com/sv/vattenstampel-pdf,Lägg till vattenstämpel till PDF - stämpla anpassad text eller bild lokalt | HandleMyFile,text/html; charset=utf-8,false,200,0,https://handlemyfile.com/,https://handlemyfile.com/sv/vattenstampel-pdf,200,,,true,"og:description
og:title
og:image
og:url
og:type","Skydda din immateriella egendom genom att stämpla transparent text eller bildvattenstämplar över dina PDF-sidor offline.
Lägg till vattenstämpel till PDF - stämpla anpassad text eller bild lokalt | HandleMyFile
/logo.png
https://handlemyfile.com/
website",0,true,29
21,https://handlemyfile.com/sv/skanna-till-pdf,Skanna till PDF - Gör PDF oredigerbar och rasterisera online | HandleMyFile,text/html; charset=utf-8,false,200,0,https://handlemyfile.com/,https://handlemyfile.com/sv/skanna-till-pdf,200,,,true,"og:description
og:title
og:image
og:url
og:type","Rasterisera dina PDF-dokument till platta bilder i en PDF. Förhindrar att kopiera och klistra in och redigera säkert i din webbläsare.
Skanna till PDF - Gör PDF oredigerbar och rasterisera online | HandleMyFile
/logo.png
https://handlemyfile.com/
website",0,true,29
21,https://handlemyfile.com/no/csv-til-excel,Gratis CSV til Excel Converter (.xlsx) - Instant Browser Engine | HandleMyFile,text/html; charset=utf-8,false,200,0,https://handlemyfile.com/,https://handlemyfile.com/no/csv-til-excel,200,,,true,"og:description
og:title
og:image
og:url
og:type","Gjør rå CSV-filer til riktig formaterte Excel-regneark med støtte for flere ark og null datatap offline.
Gratis CSV til Excel Converter (.xlsx) - Instant Browser Engine | HandleMyFile
/logo.png
https://handlemyfile.com/
website",0,true,29
21,https://handlemyfile.com/it/pdf-inverso,Inverti pagine PDF - Modifica l'ordine delle pagine PDF all'indietro | HandleMyFile,text/html; charset=utf-8,false,200,0,https://handlemyfile.com/,https://handlemyfile.com/it/pdf-inverso,200,,,true,"og:description
og:title
og:image
og:url
og:type","Inverti istantaneamente la sequenza delle pagine del tuo documento PDF dall'ultima alla prima in modo sicuro nel tuo browser.
Inverti pagine PDF - Modifica l'ordine delle pagine PDF all'indietro | HandleMyFile
/logo.png
https://handlemyfile.com/
website",0,true,29
21,https://handlemyfile.com/nl/pdf-redigeren,PDF redigeren - tekst en afbeeldingen veilig zwart maken | HandleMyFile,text/html; charset=utf-8,false,200,0,https://handlemyfile.com/,https://handlemyfile.com/nl/pdf-redigeren,200,,,true,"og:description
og:title
og:image
og:url
og:type","Teken redactievakken over privé-informatie. De geredigeerde pagina's worden volledig gerasterd om de verborgen tekst permanent te vernietigen.
PDF redigeren - tekst en afbeeldingen veilig zwart maken | HandleMyFile
/logo.png
https://handlemyfile.com/
website",0,true,29
21,https://handlemyfile.com/cs/odstranit-heslo-pdf-bez-hesla,Remove PDF Password Without Password | HandleMyFile,text/html; charset=utf-8,false,200,0,https://handlemyfile.com/,https://handlemyfile.com/cs/odstranit-heslo-pdf-bez-hesla,200,,,true,"og:description
og:title
og:image
og:url
og:type","Remove password protection from your PDF files without needing the original password using our advanced unlock tool.
Remove PDF Password Without Password | HandleMyFile
/logo.png
https://handlemyfile.com/
website",0,true,29
21,https://handlemyfile.com/hi/greskel-piiddiieph,पीडीएफ को ग्रेस्केल में बदलें - ब्लैक एंड व्हाइट पीडीएफ ऑनलाइन | HandleMyFile,text/html; charset=utf-8,false,200,0,https://handlemyfile.com/,https://handlemyfile.com/hi/greskel-piiddiieph,200,,,true,"og:description
og:title
og:image
og:url
og:type","मुद्रण स्याही बचाने के लिए रंगीन पीडीएफ दस्तावेज़ों को तुरंत अपने ब्राउज़र में ग्रेस्केल में बदलें।
पीडीएफ को ग्रेस्केल में बदलें - ब्लैक एंड व्हाइट पीडीएफ ऑनलाइन | HandleMyFile
/logo.png
https://handlemyfile.com/
website",0,true,29
21,https://handlemyfile.com/th/excel-epn-csv,โปรแกรมแปลง Excel เป็น CSV ฟรี (.xlsx เป็น .csv) - การอัปโหลดเป็นศูนย์ | HandleMyFile,text/html; charset=utf-8,false,200,0,https://handlemyfile.com/,https://handlemyfile.com/th/excel-epn-csv,200,,,true,"og:description
og:title
og:image
og:url
og:type","ส่งออกข้อมูลจากสเปรดชีต Microsoft Excel (.xlsx, .xls) อย่างรวดเร็วเป็นรูปแบบ CSV สากลทั้งหมดในเบราว์เซอร์ของคุณ
โปรแกรมแปลง Excel เป็น CSV ฟรี (.xlsx เป็น .csv) - การอัปโหลดเป็นศูนย์ | HandleMyFile
/logo.png
https://handlemyfile.com/
website",0,true,29
21,https://handlemyfile.com/ko/imiji-cucul,PDF에서 이미지 추출 - PDF에서 모든 그림 저장 | HandleMyFile,text/html; charset=utf-8,false,200,0,https://handlemyfile.com/,https://handlemyfile.com/ko/imiji-cucul,200,,,true,"og:description
og:title
og:image
og:url
og:type","PDF를 즉시 스캔하고 포함된 모든 이미지를 고품질 JPG/PNG 파일로 로컬에서 추출하세요.
PDF에서 이미지 추출 - PDF에서 모든 그림 저장 | HandleMyFile
/logo.png
https://handlemyfile.com/
website",0,true,29
21,https://handlemyfile.com/nl/pdf-comprimeren,Comprimeer PDF online - verklein de bestandsgrootte lokaal met 60-90% | HandleMyFile,text/html; charset=utf-8,false,200,0,https://handlemyfile.com/,https://handlemyfile.com/nl/pdf-comprimeren,200,,,true,"og:description
og:title
og:image
og:url
og:type","Verklein grote PDF-bestanden tot 90% met behulp van adaptieve verliesvrije en DPI-rastertechnieken rechtstreeks in WebAssembly.
Comprimeer PDF online - verklein de bestandsgrootte lokaal met 60-90% | HandleMyFile
/logo.png
https://handlemyfile.com/
website",0,true,29
21,https://handlemyfile.com/ro/extrage-imagini,Extrageți imagini din PDF - Salvați toate imaginile din PDF | HandleMyFile,text/html; charset=utf-8,false,200,0,https://handlemyfile.com/,https://handlemyfile.com/ro/extrage-imagini,200,,,true,"og:description
og:title
og:image
og:url
og:type","Scanați instantaneu PDF-ul și extrageți local toate imaginile încorporate ca fișiere JPG/PNG de înaltă calitate.
Extrageți imagini din PDF - Salvați toate imaginile din PDF | HandleMyFile
/logo.png
https://handlemyfile.com/
website",0,true,29
21,https://handlemyfile.com/uk/zahist-pdf,Protect PDF Online - Password Protect PDF Locally | HandleMyFile,text/html; charset=utf-8,false,200,0,https://handlemyfile.com/,https://handlemyfile.com/uk/zahist-pdf,200,,,true,"og:description
og:title
og:image
og:url
og:type","Secure your PDF files with AES-256 encryption and password protection locally in your browser.
Protect PDF Online - Password Protect PDF Locally | HandleMyFile
/logo.png
https://handlemyfile.com/
website",0,true,29
21,https://handlemyfile.com/fi/kierra-pdf,Kierrä PDF-sivuja verkossa - Käännä PDF-tiedostoa 90/180/270 astetta paikallisesti | HandleMyFile,text/html; charset=utf-8,false,200,0,https://handlemyfile.com/,https://handlemyfile.com/fi/kierra-pdf,200,,,true,"og:description
og:title
og:image
og:url
og:type","Kierrä PDF-dokumentin yksittäisiä sivuja tai kaikkia sivuja paikallisesti sekunneissa. Ei vaadi latauksia.
Kierrä PDF-sivuja verkossa - Käännä PDF-tiedostoa 90/180/270 astetta paikallisesti | HandleMyFile
/logo.png
https://handlemyfile.com/
website",0,true,29
21,https://handlemyfile.com/ko/csvreul-egselro,무료 CSV를 Excel로 변환기(.xlsx) - 인스턴트 브라우저 엔진 | HandleMyFile,text/html; charset=utf-8,false,200,0,https://handlemyfile.com/,https://handlemyfile.com/ko/csvreul-egselro,200,,,true,"og:description
og:title
og:image
og:url
og:type","다중 시트를 지원하고 오프라인에서 데이터 손실이 전혀 없는 원시 CSV 파일을 올바른 형식의 Excel 스프레드시트로 변환하세요.
무료 CSV를 Excel로 변환기(.xlsx) - 인스턴트 브라우저 엔진 | HandleMyFile
/logo.png
https://handlemyfile.com/
website",0,true,29
21,https://handlemyfile.com/pl/pdf-w-skali-szarosci,Konwertuj plik PDF na skalę szarości — czarno-biały plik PDF online | HandleMyFile,text/html; charset=utf-8,false,200,0,https://handlemyfile.com/,https://handlemyfile.com/pl/pdf-w-skali-szarosci,200,,,true,"og:description
og:title
og:image
og:url
og:type","Błyskawicznie konwertuj kolorowe dokumenty PDF na skalę szarości w przeglądarce, aby oszczędzać farbę drukarską.
Konwertuj plik PDF na skalę szarości — czarno-biały plik PDF online | HandleMyFile
/logo.png
https://handlemyfile.com/
website",0,true,29
21,https://handlemyfile.com/th/y-nklab-pdf,ย้อนกลับหน้า PDF - เปลี่ยนลำดับหน้า PDF ย้อนกลับ | HandleMyFile,text/html; charset=utf-8,false,200,0,https://handlemyfile.com/,https://handlemyfile.com/th/y-nklab-pdf,200,,,true,"og:description
og:title
og:image
og:url
og:type","กลับลำดับหน้าในเอกสาร PDF ของคุณจากหน้าสุดท้ายไปหน้าแรกอย่างปลอดภัยในเบราว์เซอร์ของคุณ
ย้อนกลับหน้า PDF - เปลี่ยนลำดับหน้า PDF ย้อนกลับ | HandleMyFile
/logo.png
https://handlemyfile.com/
website",0,true,29
21,https://handlemyfile.com/zh/bao-hu-pdf,在线保护 PDF - 本地密码保护 PDF | HandleMyFile,text/html; charset=utf-8,false,200,0,https://handlemyfile.com/,https://handlemyfile.com/zh/bao-hu-pdf,200,,,true,"og:description
og:title
og:image
og:url
og:type","在浏览器中本地使用 AES-256 加密和密码保护来保护您的 PDF 文件。
在线保护 PDF - 本地密码保护 PDF | HandleMyFile
/logo.png
https://handlemyfile.com/
website",0,true,29
21,https://handlemyfile.com/vi/pdf-sang-ppt,Trình chuyển đổi PDF sang PowerPoint miễn phí (.pptx) - Không tải lên | HandleMyFile,text/html; charset=utf-8,false,200,0,https://handlemyfile.com/,https://handlemyfile.com/vi/pdf-sang-ppt,200,,,true,"og:description
og:title
og:image
og:url
og:type","Biến tài liệu PDF nhiều trang của bạn thành các trang chiếu PowerPoint (.pptx) có thể chỉnh sửa với độ trung thực cao bên trong RAM trình duyệt.
Trình chuyển đổi PDF sang PowerPoint miễn phí (.pptx) - Không tải lên | HandleMyFile
/logo.png
https://handlemyfile.com/
website",0,true,29
21,https://handlemyfile.com/pt/csv-para-excel,Conversor gratuito de CSV para Excel (.xlsx) - mecanismo de navegador instantâneo | HandleMyFile,text/html; charset=utf-8,false,200,0,https://handlemyfile.com/,https://handlemyfile.com/pt/csv-para-excel,200,,,true,"og:description
og:title
og:image
og:url
og:type","Transforme arquivos CSV brutos em planilhas do Excel formatadas corretamente com suporte para várias planilhas e zero perda de dados off-line.
Conversor gratuito de CSV para Excel (.xlsx) - mecanismo de navegador instantâneo | HandleMyFile
/logo.png
https://handlemyfile.com/
website",0,true,29
21,https://handlemyfile.com/vi/txt-sang-pdf,Chuyển đổi TXT sang PDF trực tuyến - Văn bản thuần túy sang tài liệu PDF | HandleMyFile,text/html; charset=utf-8,false,200,0,https://handlemyfile.com/,https://handlemyfile.com/vi/txt-sang-pdf,200,,,true,"og:description
og:title
og:image
og:url
og:type","Nhanh chóng biến các tệp văn bản hoặc nhật ký mã đơn giản thành tài liệu PDF có cấu trúc tốt, có thể đọc được ngay trong trình duyệt của bạn.
Chuyển đổi TXT sang PDF trực tuyến - Văn bản thuần túy sang tài liệu PDF | HandleMyFile
/logo.png
https://handlemyfile.com/
website",0,true,29
21,https://handlemyfile.com/ja/pdf-hikaku,PDF を比較 - 2 つの PDF 間の相違点を見つける | HandleMyFile,text/html; charset=utf-8,false,200,0,https://handlemyfile.com/,https://handlemyfile.com/ja/pdf-hikaku,200,,,true,"og:description
og:title
og:image
og:url
og:type","2 つの PDF ファイルをアップロードし、それらの視覚的な違いをローカルでピクセルごとに強調表示します。
PDF を比較 - 2 つの PDF 間の相違点を見つける | HandleMyFile
/logo.png
https://handlemyfile.com/
website",0,true,29
21,https://handlemyfile.com/tr/pdf-yi-duzelt,PDF'yi Düzelt - Metin ve Görüntüleri Güvenli Bir Şekilde Karartın | HandleMyFile,text/html; charset=utf-8,false,200,0,https://handlemyfile.com/,https://handlemyfile.com/tr/pdf-yi-duzelt,200,,,true,"og:description
og:title
og:image
og:url
og:type","Özel bilgilerin üzerine redaksiyon kutuları çizin. Düzenlenen sayfalar, gizli metni kalıcı olarak yok etmek için tamamen rasterleştirilir.
PDF'yi Düzelt - Metin ve Görüntüleri Güvenli Bir Şekilde Karartın | HandleMyFile
/logo.png
https://handlemyfile.com/
website",0,true,29
21,https://handlemyfile.com/ar/twqyaa-pdf,التوقيع على ملف PDF عبر الإنترنت - إضافة التوقيع الإلكتروني إلى ملف PDF | HandleMyFile,text/html; charset=utf-8,false,200,0,https://handlemyfile.com/,https://handlemyfile.com/ar/twqyaa-pdf,200,,,true,"og:description
og:title
og:image
og:url
og:type","ارسم توقيعًا إلكترونيًا أو قم بتحميله أو إنشاؤه وأضفه إلى ملف PDF الخاص بك.
التوقيع على ملف PDF عبر الإنترنت - إضافة التوقيع الإلكتروني إلى ملف PDF | HandleMyFile
/logo.png
https://handlemyfile.com/
website",0,true,29
21,https://handlemyfile.com/sv/komprimera-pdf,Komprimera PDF Online - Minska filstorleken med 60-90 % lokalt | HandleMyFile,text/html; charset=utf-8,false,200,0,https://handlemyfile.com/,https://handlemyfile.com/sv/komprimera-pdf,200,,,true,"og:description
og:title
og:image
og:url
og:type","Krympa stora PDF-filer upp till 90 % med hjälp av adaptiv förlustfri och DPI-rastreringsteknik direkt i WebAssembly.
Komprimera PDF Online - Minska filstorleken med 60-90 % lokalt | HandleMyFile
/logo.png
https://handlemyfile.com/
website",0,true,29
21,https://handlemyfile.com/nl/pdf-splitsen,PDF online splitsen - Pagina's afzonderlijk extraheren | Privacy aan de clientzijde | HandleMyFile,text/html; charset=utf-8,false,200,0,https://handlemyfile.com/,https://handlemyfile.com/nl/pdf-splitsen,200,,,true,"og:description
og:title
og:image
og:url
og:type","Scheid een of meer PDF-pagina's lokaal in onafhankelijke PDF-bestanden of een ZIP-archief. Snel, veilig en 100% browsergebaseerd.
PDF online splitsen - Pagina's afzonderlijk extraheren | Privacy aan de clientzijde | HandleMyFile
/logo.png
https://handlemyfile.com/
website",0,true,29
21,https://handlemyfile.com/nl/pdf-ondertekenen,PDF online ondertekenen - Elektronische handtekening toevoegen aan PDF | HandleMyFile,text/html; charset=utf-8,false,200,0,https://handlemyfile.com/,https://handlemyfile.com/nl/pdf-ondertekenen,200,,,true,"og:description
og:title
og:image
og:url
og:type","Teken, upload of genereer een elektronische handtekening en voeg deze toe aan uw PDF.
PDF online ondertekenen - Elektronische handtekening toevoegen aan PDF | HandleMyFile
/logo.png
https://handlemyfile.com/
website",0,true,29
21,https://handlemyfile.com/de/pdf-passwort-ohne-passwort-entfernen,Remove PDF Password Without Password | HandleMyFile,text/html; charset=utf-8,false,200,0,https://handlemyfile.com/,https://handlemyfile.com/de/pdf-passwort-ohne-passwort-entfernen,200,,,true,"og:description
og:title
og:image
og:url
og:type","Remove password protection from your PDF files without needing the original password using our advanced unlock tool.
Remove PDF Password Without Password | HandleMyFile
/logo.png
https://handlemyfile.com/
website",0,true,29
21,https://handlemyfile.com/tr/pdf-yi-imzala,PDF'yi Çevrimiçi İmzalayın - PDF'ye Elektronik İmza Ekle | HandleMyFile,text/html; charset=utf-8,false,200,0,https://handlemyfile.com/,https://handlemyfile.com/tr/pdf-yi-imzala,200,,,true,"og:description
og:title
og:image
og:url
og:type","Elektronik imza çizin, yükleyin veya oluşturun ve bunu PDF'nize ekleyin.
PDF'yi Çevrimiçi İmzalayın - PDF'ye Elektronik İmza Ekle | HandleMyFile
/logo.png
https://handlemyfile.com/
website",0,true,29
21,https://handlemyfile.com/id/menyusun-ulang-halaman-pdf-seret-dan-lepas,Susun Ulang Halaman PDF Seret dan Lepas | HandleMyFile,text/html; charset=utf-8,false,200,0,https://handlemyfile.com/,https://handlemyfile.com/id/menyusun-ulang-halaman-pdf-seret-dan-lepas,200,,,true,"og:description
og:title
og:image
og:url
og:type","Atur ulang urutan halaman PDF Anda secara visual hanya dengan seret dan lepas (drag & drop) thumbnail halaman di browser Anda.
Susun Ulang Halaman PDF Seret dan Lepas | HandleMyFile
/logo.png
https://handlemyfile.com/
website",0,true,29
21,https://handlemyfile.com/da/gratoner-pdf,Konverter PDF til gråtoner - Sort og hvid PDF Online | HandleMyFile,text/html; charset=utf-8,false,200,0,https://handlemyfile.com/,https://handlemyfile.com/da/gratoner-pdf,200,,,true,"og:description
og:title
og:image
og:url
og:type","Konverter farvede PDF-dokumenter til gråtoner med det samme i din browser for at spare trykfarve.
Konverter PDF til gråtoner - Sort og hvid PDF Online | HandleMyFile
/logo.png
https://handlemyfile.com/
website",0,true,29
21,https://handlemyfile.com/id/bandingkan-pdf,Bandingkan PDF - Temukan Perbedaan Antara Dua PDF | HandleMyFile,text/html; charset=utf-8,false,200,0,https://handlemyfile.com/,https://handlemyfile.com/id/bandingkan-pdf,200,,,true,"og:description
og:title
og:image
og:url
og:type","Unggah dua file PDF dan soroti perbedaan visual di antara keduanya piksel demi piksel secara lokal.
Bandingkan PDF - Temukan Perbedaan Antara Dua PDF | HandleMyFile
/logo.png
https://handlemyfile.com/
website",0,true,29
21,https://handlemyfile.com/fi/yhdista-pdf,Ilmainen PDF-fuusio - Yhdistä PDF-tiedostoja paikallisesti | Nolla latausta | HandleMyFile,text/html; charset=utf-8,false,200,0,https://handlemyfile.com/,https://handlemyfile.com/fi/yhdista-pdf,200,,,true,"og:description
og:title
og:image
og:url
og:type","Yhdistä useita PDF-tiedostoja yhdeksi asiakirjaksi käyttämällä puhdasta asiakaspuolen WebAssemblya. Ei tiedostojen latausta, 100 %:n tietosuoja taattu, nollarajoituksia.
Ilmainen PDF-fuusio - Yhdistä PDF-tiedostoja paikallisesti | Nolla latausta | HandleMyFile
/logo.png
https://handlemyfile.com/
website",0,true,29
21,https://handlemyfile.com/ms/redact-pdf,Redact PDF - Teks dan Imej Blackout Dengan Selamat | HandleMyFile,text/html; charset=utf-8,false,200,0,https://handlemyfile.com/,https://handlemyfile.com/ms/redact-pdf,200,,,true,"og:description
og:title
og:image
og:url
og:type","Lukis kotak redaksi di atas maklumat peribadi. Halaman yang disunting diraster sepenuhnya untuk memusnahkan teks tersembunyi secara kekal.
Redact PDF - Teks dan Imej Blackout Dengan Selamat | HandleMyFile
/logo.png
https://handlemyfile.com/
website",0,true,29
21,https://handlemyfile.com/nl/excel-naar-csv,Gratis Excel naar CSV-converter (.xlsx naar .csv) - Geen uploads | HandleMyFile,text/html; charset=utf-8,false,200,0,https://handlemyfile.com/,https://handlemyfile.com/nl/excel-naar-csv,200,,,true,"og:description
og:title
og:image
og:url
og:type","Exporteer snel gegevens uit Microsoft Excel-spreadsheets (.xlsx, .xls) naar universeel CSV-formaat, volledig in uw browser.
Gratis Excel naar CSV-converter (.xlsx naar .csv) - Geen uploads | HandleMyFile
/logo.png
https://handlemyfile.com/
website",0,true,29
21,https://handlemyfile.com/uk/pidpisati-pdf,Sign PDF Online - Add Electronic Signature to PDF | HandleMyFile,text/html; charset=utf-8,false,200,0,https://handlemyfile.com/,https://handlemyfile.com/uk/pidpisati-pdf,200,,,true,"og:description
og:title
og:image
og:url
og:type","Draw, upload, or generate an electronic signature and add it to your PDF.
Sign PDF Online - Add Electronic Signature to PDF | HandleMyFile
/logo.png
https://handlemyfile.com/
website",0,true,29
21,https://handlemyfile.com/id/pdf-ke-word-tanpa-kehilangan-format,Konversi PDF ke Word Online Gratis (.docx) Tanpa Merusak Format | HandleMyFile,text/html; charset=utf-8,false,200,0,https://handlemyfile.com/,https://handlemyfile.com/id/pdf-ke-word-tanpa-kehilangan-format,200,,,true,"og:description
og:title
og:image
og:url
og:type","Ekstrak teks, paragraf, dan tata letak dari berkas PDF ke file Microsoft Word (.docx) berstruktur rapi langsung di RAM komputer Anda.
Konversi PDF ke Word Online Gratis (.docx) Tanpa Merusak Format | HandleMyFile
/logo.png
https://handlemyfile.com/
website",0,true,29
21,https://handlemyfile.com/id/csv-ke-excel,Konverter CSV ke Excel Gratis (.xlsx) - Mesin Peramban Instan | HandleMyFile,text/html; charset=utf-8,false,200,0,https://handlemyfile.com/,https://handlemyfile.com/id/csv-ke-excel,200,,,true,"og:description
og:title
og:image
og:url
og:type","Ubah file CSV mentah menjadi spreadsheet Excel yang diformat dengan benar dengan dukungan multi-lembar dan tanpa kehilangan data secara offline.
Konverter CSV ke Excel Gratis (.xlsx) - Mesin Peramban Instan | HandleMyFile
/logo.png
https://handlemyfile.com/
website",0,true,29
21,https://handlemyfile.com/ru/zashchitit-pdf,Защитить PDF онлайн — Локальная защита PDF паролем | HandleMyFile,text/html; charset=utf-8,false,200,0,https://handlemyfile.com/,https://handlemyfile.com/ru/zashchitit-pdf,200,,,true,"og:description
og:title
og:image
og:url
og:type","Защитите свои PDF-файлы с помощью шифрования AES-256 и защиты паролем локально в браузере.
Защитить PDF онлайн — Локальная защита PDF паролем | HandleMyFile
/logo.png
https://handlemyfile.com/
website",0,true,29
21,https://handlemyfile.com/ms/pangkas-pdf,Pangkas PDF Dalam Talian - Alih Keluar Margin daripada PDF Setempat | HandleMyFile,text/html; charset=utf-8,false,200,0,https://handlemyfile.com/,https://handlemyfile.com/ms/pangkas-pdf,200,,,true,"og:description
og:title
og:image
og:url
og:type","Alih keluar jidar putih atau potong halaman PDF kepada saiz tertentu secara setempat dalam penyemak imbas anda.
Pangkas PDF Dalam Talian - Alih Keluar Margin daripada PDF Setempat | HandleMyFile
/logo.png
https://handlemyfile.com/
website",0,true,29
21,https://handlemyfile.com/he/hsr-mt-ntvnym,הסר מטא נתונים של PDF - חיטוי מאפיינים באינטרנט | HandleMyFile,text/html; charset=utf-8,false,200,0,https://handlemyfile.com/,https://handlemyfile.com/he/hsr-mt-ntvnym,200,,,true,"og:description
og:title
og:image
og:url
og:type","הסר מחבר, יוצר ומאפייני טביעת רגל דיגיטלית נסתרים אחרים מקובצי ה-PDF שלך במצב לא מקוון לפרטיות טובה יותר.
הסר מטא נתונים של PDF - חיטוי מאפיינים באינטרנט | HandleMyFile
/logo.png
https://handlemyfile.com/
website",0,true,29
21,https://handlemyfile.com/pl/porownaj-pdf,Porównaj PDF — znajdź różnice między dwoma plikami PDF | HandleMyFile,text/html; charset=utf-8,false,200,0,https://handlemyfile.com/,https://handlemyfile.com/pl/porownaj-pdf,200,,,true,"og:description
og:title
og:image
og:url
og:type","Prześlij dwa pliki PDF i lokalnie zaznacz różnice wizualne między nimi piksel po pikselu.
Porównaj PDF — znajdź różnice między dwoma plikami PDF | HandleMyFile
/logo.png
https://handlemyfile.com/
website",0,true,29
21,https://handlemyfile.com/nl/formaat-van-pdf-wijzigen,Formaat van PDF-pagina's wijzigen - PDF-paginaformaat en -marges wijzigen | HandleMyFile,text/html; charset=utf-8,false,200,0,https://handlemyfile.com/,https://handlemyfile.com/nl/formaat-van-pdf-wijzigen,200,,,true,"og:description
og:title
og:image
og:url
og:type","Pas het formaat van uw PDF-pagina's aan naar standaardformaten zoals A4 of Letter, voeg marges toe en centreer uw inhoud perfect.
Formaat van PDF-pagina's wijzigen - PDF-paginaformaat en -marges wijzigen | HandleMyFile
/logo.png
https://handlemyfile.com/
website",0,true,29
21,https://handlemyfile.com/hu/excel-to-csv,Ingyenes Excel-CSV konvertáló (.xlsx-ből .csv-be) – nulla feltöltés | HandleMyFile,text/html; charset=utf-8,false,200,0,https://handlemyfile.com/,https://handlemyfile.com/hu/excel-to-csv,200,,,true,"og:description
og:title
og:image
og:url
og:type","Gyorsan exportálhatja az adatokat Microsoft Excel táblázatokból (.xlsx, .xls) univerzális CSV formátumba teljes egészében a böngészőjében.
Ingyenes Excel-CSV konvertáló (.xlsx-ből .csv-be) – nulla feltöltés | HandleMyFile
/logo.png
https://handlemyfile.com/
website",0,true,29
21,https://handlemyfile.com/el/excel-se-csv,Δωρεάν μετατροπέας Excel σε CSV (.xlsx σε .csv) - Μηδενικές μεταφορτώσεις | HandleMyFile,text/html; charset=utf-8,false,200,0,https://handlemyfile.com/,https://handlemyfile.com/el/excel-se-csv,200,,,true,"og:description
og:title
og:image
og:url
og:type","Εξάγετε γρήγορα δεδομένα από υπολογιστικά φύλλα του Microsoft Excel (.xlsx, .xls) σε καθολική μορφή CSV εξ ολοκλήρου στο πρόγραμμα περιήγησής σας.
Δωρεάν μετατροπέας Excel σε CSV (.xlsx σε .csv) - Μηδενικές μεταφορτώσεις | HandleMyFile
/logo.png
https://handlemyfile.com/
website",0,true,29
21,https://handlemyfile.com/no/pdf-til-word-uten-miste-formatering,Free PDF to Word Converter (.docx) Without Losing Formatting | HandleMyFile,text/html; charset=utf-8,false,200,0,https://handlemyfile.com/,https://handlemyfile.com/no/pdf-til-word-uten-miste-formatering,200,,,true,"og:description
og:title
og:image
og:url
og:type","Extract exact text, layout runs, and paragraphs from any PDF into a clean Microsoft Word (.docx) file directly inside browser memory.
Free PDF to Word Converter (.docx) Without Losing Formatting | HandleMyFile
/logo.png
https://handlemyfile.com/
website",0,true,29
21,https://handlemyfile.com/hi/piiddiieph-men-chvi,JPG और PNG को ऑनलाइन पीडीएफ में बदलें - छवियाँ स्थानीय स्तर पर पीडीएफ में | HandleMyFile,text/html; charset=utf-8,false,200,0,https://handlemyfile.com/,https://handlemyfile.com/hi/piiddiieph-men-chvi,200,,,true,"og:description
og:title
og:image
og:url
og:type","फ़ोटो, स्क्रीनशॉट, या PNG/JPG छवियों को अपलोड किए बिना स्थानीय रूप से एक साफ़ PDF दस्तावेज़ में संयोजित करें।
JPG और PNG को ऑनलाइन पीडीएफ में बदलें - छवियाँ स्थानीय स्तर पर पीडीएफ में | HandleMyFile
/logo.png
https://handlemyfile.com/
website",0,true,29
21,https://handlemyfile.com/cs/odebrat-metadata,Odebrat metadata PDF - Sanitize Properties online | HandleMyFile,text/html; charset=utf-8,false,200,0,https://handlemyfile.com/,https://handlemyfile.com/cs/odebrat-metadata,200,,,true,"og:description
og:title
og:image
og:url
og:type","Odeberte autora, tvůrce a další skryté vlastnosti digitální stopy ze souborů PDF offline pro lepší soukromí.
Odebrat metadata PDF - Sanitize Properties online | HandleMyFile
/logo.png
https://handlemyfile.com/
website",0,true,29
21,https://handlemyfile.com/id/gambar-ke-pdf,Konversi JPG & PNG ke PDF Online - Gambar ke PDF Secara Lokal | HandleMyFile,text/html; charset=utf-8,false,200,0,https://handlemyfile.com/,https://handlemyfile.com/id/gambar-ke-pdf,200,,,true,"og:description
og:title
og:image
og:url
og:type","Gabungkan foto, tangkapan layar, atau gambar PNG/JPG ke dalam satu dokumen PDF bersih secara lokal tanpa perlu diunggah.
Konversi JPG & PNG ke PDF Online - Gambar ke PDF Secara Lokal | HandleMyFile
/logo.png
https://handlemyfile.com/
website",0,true,29
21,https://handlemyfile.com/cs/reverse-pdf,Obrátit stránky PDF - Změnit pořadí stránek PDF zpět | HandleMyFile,text/html; charset=utf-8,false,200,0,https://handlemyfile.com/,https://handlemyfile.com/cs/reverse-pdf,200,,,true,"og:description
og:title
og:image
og:url
og:type","Okamžitě změňte pořadí stránek v dokumentu PDF od poslední k první bezpečně ve svém prohlížeči.
Obrátit stránky PDF - Změnit pořadí stránek PDF zpět | HandleMyFile
/logo.png
https://handlemyfile.com/
website",0,true,29
21,https://handlemyfile.com/ar/ksl-l~-pdf,تحويل Excel إلى PDF عبر الإنترنت - XLSX وXLS إلى PDF محليًا | HandleMyFile,text/html; charset=utf-8,false,200,0,https://handlemyfile.com/,https://handlemyfile.com/ar/ksl-l~-pdf,200,,,true,"og:description
og:title
og:image
og:url
og:type","قم بتحويل جداول البيانات والبيانات المالية إلى جداول PDF نظيفة وقابلة للطباعة دون الاتصال بالإنترنت في متصفحك.
تحويل Excel إلى PDF عبر الإنترنت - XLSX وXLS إلى PDF محليًا | HandleMyFile
/logo.png
https://handlemyfile.com/
website",0,true,29
21,https://handlemyfile.com/he/hsr-dpym,הסר דפי PDF באינטרנט - מחק דפים מ-PDF באופן מקומי | HandleMyFile,text/html; charset=utf-8,false,200,0,https://handlemyfile.com/,https://handlemyfile.com/he/hsr-dpym,200,,,true,"og:description
og:title
og:image
og:url
og:type","מחק דפים לא רצויים מקובץ ה-PDF שלך בצורה מאובטחת בתוך הדפדפן שלך.
הסר דפי PDF באינטרנט - מחק דפים מ-PDF באופן מקומי | HandleMyFile
/logo.png
https://handlemyfile.com/
website",0,true,29
21,https://handlemyfile.com/sk/txt-do-pdf,Prevod TXT do PDF online – obyčajný text do PDF dokumentu | HandleMyFile,text/html; charset=utf-8,false,200,0,https://handlemyfile.com/,https://handlemyfile.com/sk/txt-do-pdf,200,,,true,"og:description
og:title
og:image
og:url
og:type","Rýchlo premeňte obyčajné textové súbory alebo denníky kódu na dobre štruktúrované a čitateľné dokumenty PDF vo svojom prehliadači.
Prevod TXT do PDF online – obyčajný text do PDF dokumentu | HandleMyFile
/logo.png
https://handlemyfile.com/
website",0,true,29
21,https://handlemyfile.com/it/ruota-pdf,Ruota le pagine PDF online: ruota il PDF di 90/180/270 gradi localmente | HandleMyFile,text/html; charset=utf-8,false,200,0,https://handlemyfile.com/,https://handlemyfile.com/it/ruota-pdf,200,,,true,"og:description
og:title
og:image
og:url
og:type","Ruota localmente le singole pagine o tutte le pagine del tuo documento PDF in pochi secondi. Non sono richiesti caricamenti.
Ruota le pagine PDF online: ruota il PDF di 90/180/270 gradi localmente | HandleMyFile
/logo.png
https://handlemyfile.com/
website",0,true,29
21,https://handlemyfile.com/pt/digitalizar-para-pdf,Digitalizar para PDF - Tornar PDF não editável e rasterizar online | HandleMyFile,text/html; charset=utf-8,false,200,0,https://handlemyfile.com/,https://handlemyfile.com/pt/digitalizar-para-pdf,200,,,true,"og:description
og:title
og:image
og:url
og:type","Rasterize seus documentos PDF em imagens planas dentro de um PDF. Impede copiar, colar e editar com segurança em seu navegador.
Digitalizar para PDF - Tornar PDF não editável e rasterizar online | HandleMyFile
/logo.png
https://handlemyfile.com/
website",0,true,29
21,https://handlemyfile.com/fr/numeriser-vers-pdf,Numériser vers PDF - Rendre un PDF non modifiable et pixelliser en ligne | HandleMyFile,text/html; charset=utf-8,false,200,0,https://handlemyfile.com/,https://handlemyfile.com/fr/numeriser-vers-pdf,200,,,true,"og:description
og:title
og:image
og:url
og:type","Pixellisez vos documents PDF en images plates à l'intérieur d'un PDF. Empêche le copier-coller et la modification en toute sécurité dans votre navigateur.
Numériser vers PDF - Rendre un PDF non modifiable et pixelliser en ligne | HandleMyFile
/logo.png
https://handlemyfile.com/
website",0,true,29
21,https://handlemyfile.com/no/rediger-pdf,Redact PDF - Sikker mørklegging av tekst og bilder | HandleMyFile,text/html; charset=utf-8,false,200,0,https://handlemyfile.com/,https://handlemyfile.com/no/rediger-pdf,200,,,true,"og:description
og:title
og:image
og:url
og:type","Tegn redigeringsbokser over privat informasjon. De redigerte sidene er fullstendig rasterisert for å ødelegge den skjulte teksten permanent.
Redact PDF - Sikker mørklegging av tekst og bilder | HandleMyFile
/logo.png
https://handlemyfile.com/
website",0,true,48
21,https://handlemyfile.com/fi/rajaa-pdf,Rajaa PDF Online - Poista marginaalit PDF:stä paikallisesti | HandleMyFile,text/html; charset=utf-8,false,200,0,https://handlemyfile.com/,https://handlemyfile.com/fi/rajaa-pdf,200,,,true,"og:description
og:title
og:image
og:url
og:type","Poista valkoiset marginaalit tai leikkaa PDF-sivut tiettyyn kokoon paikallisesti selaimessasi.
Rajaa PDF Online - Poista marginaalit PDF:stä paikallisesti | HandleMyFile
/logo.png
https://handlemyfile.com/
website",0,true,29
21,https://handlemyfile.com/sk/odomknut-pdf,Odomknúť PDF online – lokálne odstrániť heslo PDF | HandleMyFile,text/html; charset=utf-8,false,200,0,https://handlemyfile.com/,https://handlemyfile.com/sk/odomknut-pdf,200,,,true,"og:description
og:title
og:image
og:url
og:type","Okamžite odstráňte heslo a šifrovanie zo súborov PDF v prehliadači.
Odomknúť PDF online – lokálne odstrániť heslo PDF | HandleMyFile
/logo.png
https://handlemyfile.com/
website",0,true,29
21,https://handlemyfile.com/vi/ky-pdf,Ký PDF trực tuyến - Thêm chữ ký điện tử vào PDF | HandleMyFile,text/html; charset=utf-8,false,200,0,https://handlemyfile.com/,https://handlemyfile.com/vi/ky-pdf,200,,,true,"og:description
og:title
og:image
og:url
og:type","Vẽ, tải lên hoặc tạo chữ ký điện tử và thêm nó vào tệp PDF của bạn.
Ký PDF trực tuyến - Thêm chữ ký điện tử vào PDF | HandleMyFile
/logo.png
https://handlemyfile.com/
website",0,true,29
21,https://handlemyfile.com/cs/excel-do-pdf,Převést Excel do PDF online – XLSX a XLS do PDF lokálně | HandleMyFile,text/html; charset=utf-8,false,200,0,https://handlemyfile.com/,https://handlemyfile.com/cs/excel-do-pdf,200,,,true,"og:description
og:title
og:image
og:url
og:type","Transformujte tabulky a finanční data do čistých, tisknutelných PDF tabulek offline ve vašem prohlížeči.
Převést Excel do PDF online – XLSX a XLS do PDF lokálně | HandleMyFile
/logo.png
https://handlemyfile.com/
website",0,true,29
21,https://handlemyfile.com/uk/vidobutok-zobrazhen,Видобудьте зображення з PDF - Збережіть усі зображення з PDF | HandleMyFile,text/html; charset=utf-8,false,200,0,https://handlemyfile.com/,https://handlemyfile.com/uk/vidobutok-zobrazhen,200,,,true,"og:description
og:title
og:image
og:url
og:type","Миттєво відскануйте PDF-файл і витягніть усі вбудовані зображення як високоякісні файли JPG/PNG локально.
Видобудьте зображення з PDF - Збережіть усі зображення з PDF | HandleMyFile
/logo.png
https://handlemyfile.com/
website",0,true,29
21,https://handlemyfile.com/hu/redact-pdf,PDF szerkesztése – Szöveg és képek biztonságos eltüntetése | HandleMyFile,text/html; charset=utf-8,false,200,0,https://handlemyfile.com/,https://handlemyfile.com/hu/redact-pdf,200,,,true,"og:description
og:title
og:image
og:url
og:type","Rajzolj szerkesztődobozokat a személyes adatok fölé. A szerkesztett oldalak teljesen raszterezettek, hogy véglegesen megsemmisítsék a rejtett szöveget.
PDF szerkesztése – Szöveg és képek biztonságos eltüntetése | HandleMyFile
/logo.png
https://handlemyfile.com/
website",0,true,29
21,https://handlemyfile.com/hi/piiddiieph-anlonk-kren,पीडीएफ को ऑनलाइन अनलॉक करें - पीडीएफ पासवर्ड को स्थानीय रूप से हटाएं | HandleMyFile,text/html; charset=utf-8,false,200,0,https://handlemyfile.com/,https://handlemyfile.com/hi/piiddiieph-anlonk-kren,200,,,true,"og:description
og:title
og:image
og:url
og:type","अपने ब्राउज़र में तुरंत अपनी पीडीएफ फाइलों से पासवर्ड और एन्क्रिप्शन हटाएं।
पीडीएफ को ऑनलाइन अनलॉक करें - पीडीएफ पासवर्ड को स्थानीय रूप से हटाएं | HandleMyFile
/logo.png
https://handlemyfile.com/
website",0,true,29
21,https://handlemyfile.com/zh/diao-zheng-pdf-da-xiao,调整 PDF 页面大小 - 更改 PDF 页面大小和边距 | HandleMyFile,text/html; charset=utf-8,false,200,0,https://handlemyfile.com/,https://handlemyfile.com/zh/diao-zheng-pdf-da-xiao,200,,,true,"og:description
og:title
og:image
og:url
og:type","将 PDF 页面大小调整为 A4 或 Letter 等标准尺寸、添加边距并将内容完美居中。
调整 PDF 页面大小 - 更改 PDF 页面大小和边距 | HandleMyFile
/logo.png
https://handlemyfile.com/
website",0,true,29
21,https://handlemyfile.com/de/pdf-entsperren,PDF online entsperren – PDF-Passwort lokal entfernen | HandleMyFile,text/html; charset=utf-8,false,200,0,https://handlemyfile.com/,https://handlemyfile.com/de/pdf-entsperren,200,,,true,"og:description
og:title
og:image
og:url
og:type","Entfernen Sie das Passwort und die Verschlüsselung sofort in Ihrem Browser aus Ihren PDF-Dateien.
PDF online entsperren – PDF-Passwort lokal entfernen | HandleMyFile
/logo.png
https://handlemyfile.com/
website",0,true,29
21,https://handlemyfile.com/no/sla-sammen-pdf,Gratis online PDF-sammenslåing - Kombiner PDF-filer lokalt | Null opplasting | HandleMyFile,text/html; charset=utf-8,false,200,0,https://handlemyfile.com/,https://handlemyfile.com/no/sla-sammen-pdf,200,,,true,"og:description
og:title
og:image
og:url
og:type","Kombiner flere PDF-filer til ett enkelt dokument ved å bruke ren klientside WebAssembly. Ingen filopplasting, 100 % personvern garantert, null grenser.
Gratis online PDF-sammenslåing - Kombiner PDF-filer lokalt | Null opplasting | HandleMyFile
/logo.png
https://handlemyfile.com/
website",0,true,29
21,https://handlemyfile.com/ru/pdf-v-ottenkah-serogo,Конвертировать PDF в оттенки серого — черно-белый PDF онлайн | HandleMyFile,text/html; charset=utf-8,false,200,0,https://handlemyfile.com/,https://handlemyfile.com/ru/pdf-v-ottenkah-serogo,200,,,true,"og:description
og:title
og:image
og:url
og:type","Мгновенно конвертируйте цветные PDF-документы в оттенки серого в браузере, чтобы сэкономить печатную краску.
Конвертировать PDF в оттенки серого — черно-белый PDF онлайн | HandleMyFile
/logo.png
https://handlemyfile.com/
website",0,true,29
21,https://handlemyfile.com/ro/excel-in-pdf,Conversia Excel în PDF online - XLSX și XLS în PDF local | HandleMyFile,text/html; charset=utf-8,false,200,0,https://handlemyfile.com/,https://handlemyfile.com/ro/excel-in-pdf,200,,,true,"og:description
og:title
og:image
og:url
og:type","Transformați foile de calcul și datele financiare în tabele PDF curate și imprimabile offline în browser.
Conversia Excel în PDF online - XLSX și XLS în PDF local | HandleMyFile
/logo.png
https://handlemyfile.com/
website",0,true,29
21,https://handlemyfile.com/ro/eliminati-pagini,Eliminați paginile PDF online - Ștergeți paginile din PDF local | HandleMyFile,text/html; charset=utf-8,false,200,0,https://handlemyfile.com/,https://handlemyfile.com/ro/eliminati-pagini,200,,,true,"og:description
og:title
og:image
og:url
og:type","Ștergeți paginile nedorite din fișierul PDF în siguranță în browser.
Eliminați paginile PDF online - Ștergeți paginile din PDF local | HandleMyFile
/logo.png
https://handlemyfile.com/
website",0,true,29
21,https://handlemyfile.com/vi/pdf-sang-hinh-anh,Chuyển đổi hình ảnh PDF sang JPG/PNG trực tuyến - Trích xuất trang thành ZIP | HandleMyFile,text/html; charset=utf-8,false,200,0,https://handlemyfile.com/,https://handlemyfile.com/vi/pdf-sang-hinh-anh,200,,,true,"og:description
og:title
og:image
og:url
og:type","Rasterize các trang PDF thành hình ảnh PNG/JPG rõ nét cục bộ. Tải xuống riêng lẻ hoặc dưới dạng kho lưu trữ ZIP tốc độ cao.
Chuyển đổi hình ảnh PDF sang JPG/PNG trực tuyến - Trích xuất trang thành ZIP | HandleMyFile
/logo.png
https://handlemyfile.com/
website",0,true,29
21,https://handlemyfile.com/sv/excel-till-pdf,Konvertera Excel till PDF Online - XLSX & XLS till PDF lokalt | HandleMyFile,text/html; charset=utf-8,false,200,0,https://handlemyfile.com/,https://handlemyfile.com/sv/excel-till-pdf,200,,,true,"og:description
og:title
og:image
og:url
og:type","Förvandla kalkylblad och finansiell data till rena, utskrivbara PDF-tabeller offline i din webbläsare.
Konvertera Excel till PDF Online - XLSX & XLS till PDF lokalt | HandleMyFile
/logo.png
https://handlemyfile.com/
website",0,true,29
21,https://handlemyfile.com/sk/odtiene-sedej-pdf,Previesť PDF do odtieňov sivej – čiernobiele PDF online | HandleMyFile,text/html; charset=utf-8,false,200,0,https://handlemyfile.com/,https://handlemyfile.com/sk/odtiene-sedej-pdf,200,,,true,"og:description
og:title
og:image
og:url
og:type","Okamžite konvertujte farebné dokumenty PDF do odtieňov sivej vo svojom prehliadači, aby ste ušetrili tlačový atrament.
Previesť PDF do odtieňov sivej – čiernobiele PDF online | HandleMyFile
/logo.png
https://handlemyfile.com/
website",0,true,29
21,https://handlemyfile.com/cs/odemknout-pdf,Odemknout PDF online – odstranit heslo PDF lokálně | HandleMyFile,text/html; charset=utf-8,false,200,0,https://handlemyfile.com/,https://handlemyfile.com/cs/odemknout-pdf,200,,,true,"og:description
og:title
og:image
og:url
og:type","Odstraňte heslo a šifrování ze souborů PDF okamžitě v prohlížeči.
Odemknout PDF online – odstranit heslo PDF lokálně | HandleMyFile
/logo.png
https://handlemyfile.com/
website",0,true,29
21,https://handlemyfile.com/es/pdf-a-imagen,Convierta imágenes de PDF a JPG/PNG en línea: extraiga páginas a ZIP | HandleMyFile,text/html; charset=utf-8,false,200,0,https://handlemyfile.com/,https://handlemyfile.com/es/pdf-a-imagen,200,,,true,"og:description
og:title
og:image
og:url
og:type","Rasteriza páginas PDF en imágenes PNG/JPG nítidas localmente. Descárguelo individualmente o como un archivo ZIP de alta velocidad.
Convierta imágenes de PDF a JPG/PNG en línea: extraiga páginas a ZIP | HandleMyFile
/logo.png
https://handlemyfile.com/
website",0,true,29
21,https://handlemyfile.com/nl/pdf-samenvoegen,Gratis online PDF-fusie - Combineer PDF-bestanden lokaal | Nul uploaden | HandleMyFile,text/html; charset=utf-8,false,200,0,https://handlemyfile.com/,https://handlemyfile.com/nl/pdf-samenvoegen,200,,,true,"og:description
og:title
og:image
og:url
og:type","Combineer meerdere PDF-bestanden in één document met pure WebAssembly aan de clientzijde. Geen bestandsuploads, 100% privacy gegarandeerd, nullimieten.
Gratis online PDF-fusie - Combineer PDF-bestanden lokaal | Nul uploaden | HandleMyFile
/logo.png
https://handlemyfile.com/
website",0,true,29
21,https://handlemyfile.com/pl/usun-strony,Usuń strony PDF online — usuń strony z pliku PDF lokalnie | HandleMyFile,text/html; charset=utf-8,false,200,0,https://handlemyfile.com/,https://handlemyfile.com/pl/usun-strony,200,,,true,"og:description
og:title
og:image
og:url
og:type","Usuń niechciane strony z pliku PDF bezpiecznie w przeglądarce.
Usuń strony PDF online — usuń strony z pliku PDF lokalnie | HandleMyFile
/logo.png
https://handlemyfile.com/
website",0,true,29
21,https://handlemyfile.com/scanned-pdf-to-text-ocr,Convert Scanned PDF to Text | HandleMyFile,text/html; charset=utf-8,false,200,0,https://handlemyfile.com/,https://handlemyfile.com/scanned-pdf-to-text-ocr,200,,,true,"og:description
og:title
og:image
og:url
og:type","Turn non-searchable scanned PDFs and images into editable plain text locally using multi-language WebAssembly OCR workers.
Convert Scanned PDF to Text | HandleMyFile
/logo.png
https://handlemyfile.com/
website",0,true,58
21,https://handlemyfile.com/cs/rozdelit-pdf,Rozdělit PDF online – extrahovat stránky samostatně | Ochrana osobních údajů na straně klienta | HandleMyFile,text/html; charset=utf-8,false,200,0,https://handlemyfile.com/,https://handlemyfile.com/cs/rozdelit-pdf,200,,,true,"og:description
og:title
og:image
og:url
og:type","Lokálně oddělte jednu nebo více stránek PDF do nezávislých souborů PDF nebo ZIP archivu. Rychlé, bezpečné a 100% založené na prohlížeči.
Rozdělit PDF online – extrahovat stránky samostatně | Ochrana osobních údajů na straně klienta | HandleMyFile
/logo.png
https://handlemyfile.com/
website",0,true,29
21,https://handlemyfile.com/pt/assinar-pdf,Assinar PDF Online - Adicionar Assinatura Eletrônica ao PDF | HandleMyFile,text/html; charset=utf-8,false,200,0,https://handlemyfile.com/,https://handlemyfile.com/pt/assinar-pdf,200,,,true,"og:description
og:title
og:image
og:url
og:type","Desenhe, carregue ou gere uma assinatura eletrônica e adicione-a ao seu PDF.
Assinar PDF Online - Adicionar Assinatura Eletrônica ao PDF | HandleMyFile
/logo.png
https://handlemyfile.com/
website",0,true,29
21,https://handlemyfile.com/tr/ocr-pdf-si,Ücretsiz Tarayıcı OCR - Taranan PDF ve Görüntülerden Metin Çıkarma | HandleMyFile,text/html; charset=utf-8,false,200,0,https://handlemyfile.com/,https://handlemyfile.com/tr/ocr-pdf-si,200,,,true,"og:description
og:title
og:image
og:url
og:type","Çok dilli WebAssembly OCR çalışanlarını kullanarak, aranamayan taranmış PDF'leri ve görüntüleri yerel olarak düzenlenebilir düz metne dönüştürün.
Ücretsiz Tarayıcı OCR - Taranan PDF ve Görüntülerden Metin Çıkarma | HandleMyFile
/logo.png
https://handlemyfile.com/
website",0,true,29
21,https://handlemyfile.com/sv/graskala-pdf,Konvertera PDF till gråskala - Svartvit PDF Online | HandleMyFile,text/html; charset=utf-8,false,200,0,https://handlemyfile.com/,https://handlemyfile.com/sv/graskala-pdf,200,,,true,"og:description
og:title
og:image
og:url
og:type","Konvertera färgade PDF-dokument till gråskala direkt i din webbläsare för att spara tryckfärg.
Konvertera PDF till gråskala - Svartvit PDF Online | HandleMyFile
/logo.png
https://handlemyfile.com/
website",0,true,29
21,https://handlemyfile.com/zh/reduce-pdf-size-offline,Reduce PDF Size Offline | HandleMyFile,text/html; charset=utf-8,false,200,0,https://handlemyfile.com/,https://handlemyfile.com/zh/reduce-pdf-size-offline,200,,,true,"og:description
og:title
og:image
og:url
og:type","Reduce the size of your PDF documents offline directly in your browser without any server uploads. 100% secure.
Reduce PDF Size Offline | HandleMyFile
/logo.png
https://handlemyfile.com/
website",0,true,29
21,https://handlemyfile.com/hu/pdf-to-ppt,Ingyenes PDF-ből PowerPoint Converter (.pptx) – nulla feltöltés | HandleMyFile,text/html; charset=utf-8,false,200,0,https://handlemyfile.com/,https://handlemyfile.com/hu/pdf-to-ppt,200,,,true,"og:description
og:title
og:image
og:url
og:type","Változtassa többoldalas PDF-dokumentumait szerkeszthető PowerPoint (.pptx) diákká nagy pontossággal a böngésző RAM-jában.
Ingyenes PDF-ből PowerPoint Converter (.pptx) – nulla feltöltés | HandleMyFile
/logo.png
https://handlemyfile.com/
website",0,true,29
21,https://handlemyfile.com/el/pdf-se-ppt,Δωρεάν μετατροπέας PDF σε PowerPoint (.pptx) - Μηδενικές μεταφορτώσεις | HandleMyFile,text/html; charset=utf-8,false,200,0,https://handlemyfile.com/,https://handlemyfile.com/el/pdf-se-ppt,200,,,true,"og:description
og:title
og:image
og:url
og:type","Μετατρέψτε τα πολυσέλιδα έγγραφα PDF σε επεξεργάσιμες διαφάνειες PowerPoint (.pptx) με υψηλή πιστότητα στη μνήμη RAM του προγράμματος περιήγησης.
Δωρεάν μετατροπέας PDF σε PowerPoint (.pptx) - Μηδενικές μεταφορτώσεις | HandleMyFile
/logo.png
https://handlemyfile.com/
website",0,true,29
21,https://handlemyfile.com/sk/pdf-do-ppt,Bezplatný prevodník PDF do PowerPointu (.pptx) – nulové nahrávanie | HandleMyFile,text/html; charset=utf-8,false,200,0,https://handlemyfile.com/,https://handlemyfile.com/sk/pdf-do-ppt,200,,,true,"og:description
og:title
og:image
og:url
og:type","Premeňte svoje viacstranové dokumenty PDF na upraviteľné snímky PowerPoint (.pptx) s vysokou presnosťou v pamäti RAM prehliadača.
Bezplatný prevodník PDF do PowerPointu (.pptx) – nulové nahrávanie | HandleMyFile
/logo.png
https://handlemyfile.com/
website",0,true,29
21,https://handlemyfile.com/sv/omvand-pdf,Omvänd PDF-sidor - Ändra PDF-sidordning bakåt | HandleMyFile,text/html; charset=utf-8,false,200,0,https://handlemyfile.com/,https://handlemyfile.com/sv/omvand-pdf,200,,,true,"og:description
og:title
og:image
og:url
og:type","Vänd omedelbart om sekvensen av sidor i ditt PDF-dokument från sista till första säkert i din webbläsare.
Omvänd PDF-sidor - Ändra PDF-sidordning bakåt | HandleMyFile
/logo.png
https://handlemyfile.com/
website",0,true,29
21,https://handlemyfile.com/uk/reduce-pdf-size-offline,Reduce PDF Size Offline | HandleMyFile,text/html; charset=utf-8,false,200,0,https://handlemyfile.com/,https://handlemyfile.com/uk/reduce-pdf-size-offline,200,,,true,"og:description
og:title
og:image
og:url
og:type","Reduce the size of your PDF documents offline directly in your browser without any server uploads. 100% secure.
Reduce PDF Size Offline | HandleMyFile
/logo.png
https://handlemyfile.com/
website",0,true,29
21,https://handlemyfile.com/he/csv-lqsl,ממיר CSV ל-Excel בחינם (.xlsx) - מנוע דפדפן מיידי | HandleMyFile,text/html; charset=utf-8,false,200,0,https://handlemyfile.com/,https://handlemyfile.com/he/csv-lqsl,200,,,true,"og:description
og:title
og:image
og:url
og:type","הפוך קובצי CSV גולמיים לגיליונות אלקטרוניים של Excel בפורמט תקין עם תמיכה בריבוי גיליונות ואפס אובדן נתונים במצב לא מקוון.
ממיר CSV ל-Excel בחינם (.xlsx) - מנוע דפדפן מיידי | HandleMyFile
/logo.png
https://handlemyfile.com/
website",0,true,29
21,https://handlemyfile.com/pl/excel-do-csv,Darmowy konwerter Excela na CSV (.xlsx na .csv) — brak przesyłania plików | HandleMyFile,text/html; charset=utf-8,false,200,0,https://handlemyfile.com/,https://handlemyfile.com/pl/excel-do-csv,200,,,true,"og:description
og:title
og:image
og:url
og:type","Szybko eksportuj dane z arkuszy kalkulacyjnych Microsoft Excel (.xlsx, .xls) do uniwersalnego formatu CSV całkowicie w swojej przeglądarce.
Darmowy konwerter Excela na CSV (.xlsx na .csv) — brak przesyłania plików | HandleMyFile
/logo.png
https://handlemyfile.com/
website",0,true,29
21,https://handlemyfile.com/vi/hinh-mo-pdf,Thêm hình mờ vào PDF - Đóng dấu văn bản hoặc hình ảnh tùy chỉnh cục bộ | HandleMyFile,text/html; charset=utf-8,false,200,0,https://handlemyfile.com/,https://handlemyfile.com/vi/hinh-mo-pdf,200,,,true,"og:description
og:title
og:image
og:url
og:type","Bảo vệ tài sản trí tuệ của bạn bằng cách đóng dấu hình mờ văn bản hoặc hình ảnh trong suốt trên các trang PDF của bạn ngoại tuyến.
Thêm hình mờ vào PDF - Đóng dấu văn bản hoặc hình ảnh tùy chỉnh cục bộ | HandleMyFile
/logo.png
https://handlemyfile.com/
website",0,true,29
21,https://handlemyfile.com/cs/excel-do-csv,Bezplatný převodník Excel do CSV (.xlsx na .csv) – nulové nahrávání | HandleMyFile,text/html; charset=utf-8,false,200,0,https://handlemyfile.com/,https://handlemyfile.com/cs/excel-do-csv,200,,,true,"og:description
og:title
og:image
og:url
og:type","Rychle exportujte data z tabulek Microsoft Excel (.xlsx, .xls) do univerzálního formátu CSV zcela ve vašem prohlížeči.
Bezplatný převodník Excel do CSV (.xlsx na .csv) – nulové nahrávání | HandleMyFile
/logo.png
https://handlemyfile.com/
website",0,true,29
21,https://handlemyfile.com/ja/pdf-seiri,オンラインで PDF を整理 - ローカルで PDF にページを挿入 | HandleMyFile,text/html; charset=utf-8,false,200,0,https://handlemyfile.com/,https://handlemyfile.com/ja/pdf-seiri,200,,,true,"og:description
og:title
og:image
og:url
og:type","ブラウザ内の特定のページ インデックスに別の PDF ファイルを安全に挿入します。
オンラインで PDF を整理 - ローカルで PDF にページを挿入 | HandleMyFile
/logo.png
https://handlemyfile.com/
website",0,true,29
21,https://handlemyfile.com/nl/pdf-omkeren,PDF-pagina's omkeren - PDF-paginavolgorde achteruit wijzigen | HandleMyFile,text/html; charset=utf-8,false,200,0,https://handlemyfile.com/,https://handlemyfile.com/nl/pdf-omkeren,200,,,true,"og:description
og:title
og:image
og:url
og:type","Draai de volgorde van pagina's in uw PDF-document onmiddellijk om, van de laatste naar de eerste, veilig in uw browser.
PDF-pagina's omkeren - PDF-paginavolgorde achteruit wijzigen | HandleMyFile
/logo.png
https://handlemyfile.com/
website",0,true,29
21,https://handlemyfile.com/de/csv-zu-excel,Kostenloser CSV-zu-Excel-Konverter (.xlsx) – Instant Browser Engine | HandleMyFile,text/html; charset=utf-8,false,200,0,https://handlemyfile.com/,https://handlemyfile.com/de/csv-zu-excel,200,,,true,"og:description
og:title
og:image
og:url
og:type","Verwandeln Sie rohe CSV-Dateien in richtig formatierte Excel-Tabellen mit Unterstützung für mehrere Blätter und ohne Datenverlust offline.
Kostenloser CSV-zu-Excel-Konverter (.xlsx) – Instant Browser Engine | HandleMyFile
/logo.png
https://handlemyfile.com/
website",0,true,29
21,https://handlemyfile.com/ko/remove-pdf-password-without-password,Remove PDF Password Without Password | HandleMyFile,text/html; charset=utf-8,false,200,0,https://handlemyfile.com/,https://handlemyfile.com/ko/remove-pdf-password-without-password,200,,,true,"og:description
og:title
og:image
og:url
og:type","Remove password protection from your PDF files without needing the original password using our advanced unlock tool.
Remove PDF Password Without Password | HandleMyFile
/logo.png
https://handlemyfile.com/
website",0,true,29
21,https://handlemyfile.com/vi/xoa-sieu-du-lieu,Xóa siêu dữ liệu PDF - Vệ sinh thuộc tính trực tuyến | HandleMyFile,text/html; charset=utf-8,false,200,0,https://handlemyfile.com/,https://handlemyfile.com/vi/xoa-sieu-du-lieu,200,,,true,"og:description
og:title
og:image
og:url
og:type","Xóa tác giả, người sáng tạo và các thuộc tính dấu chân kỹ thuật số ẩn khác khỏi tệp PDF của bạn ngoại tuyến để bảo mật tốt hơn.
Xóa siêu dữ liệu PDF - Vệ sinh thuộc tính trực tuyến | HandleMyFile
/logo.png
https://handlemyfile.com/
website",0,true,29
21,https://handlemyfile.com/fi/kaanteinen-pdf,Käänteiset PDF-sivut - Muuta PDF-sivujen järjestystä taaksepäin | HandleMyFile,text/html; charset=utf-8,false,200,0,https://handlemyfile.com/,https://handlemyfile.com/fi/kaanteinen-pdf,200,,,true,"og:description
og:title
og:image
og:url
og:type","Käännä välittömästi PDF-dokumentin sivujen järjestys viimeisestä ensimmäiseen turvallisesti selaimessasi.
Käänteiset PDF-sivut - Muuta PDF-sivujen järjestystä taaksepäin | HandleMyFile
/logo.png
https://handlemyfile.com/
website",0,true,29
21,https://handlemyfile.com/ko/pdf-sujeong,PDF 편집 - 텍스트 및 이미지를 안전하게 차단 | HandleMyFile,text/html; charset=utf-8,false,200,0,https://handlemyfile.com/,https://handlemyfile.com/ko/pdf-sujeong,200,,,true,"og:description
og:title
og:image
og:url
og:type","개인 정보 위에 교정 상자를 그립니다. 수정된 페이지는 완전히 래스터화되어 숨겨진 텍스트를 영구적으로 삭제합니다.
PDF 편집 - 텍스트 및 이미지를 안전하게 차단 | HandleMyFile
/logo.png
https://handlemyfile.com/
website",0,true,29
21,https://handlemyfile.com/vi/s-p-x-p-l-i-c-c-trang-pdf-b-ng-c-ch-k-o-v-th,Reorder PDF Pages Drag and Drop Free | HandleMyFile,text/html; charset=utf-8,false,200,0,https://handlemyfile.com/,https://handlemyfile.com/vi/s-p-x-p-l-i-c-c-trang-pdf-b-ng-c-ch-k-o-v-th,200,,,true,"og:description
og:title
og:image
og:url
og:type","Organize and reorder pages in your PDF document visually by dragging and dropping thumbnails. 100% free and local.
Reorder PDF Pages Drag and Drop Free | HandleMyFile
/logo.png
https://handlemyfile.com/
website",0,true,29
21,https://handlemyfile.com/sv/ndra-ordning-p-pdf-sidor-dra-och-sl-pp,Reorder PDF Pages Drag and Drop Free | HandleMyFile,text/html; charset=utf-8,false,200,0,https://handlemyfile.com/,https://handlemyfile.com/sv/ndra-ordning-p-pdf-sidor-dra-och-sl-pp,200,,,true,"og:description
og:title
og:image
og:url
og:type","Organize and reorder pages in your PDF document visually by dragging and dropping thumbnails. 100% free and local.
Reorder PDF Pages Drag and Drop Free | HandleMyFile
/logo.png
https://handlemyfile.com/
website",0,true,29
21,https://handlemyfile.com/no/omvendt-pdf,Omvendt PDF-sider - Endre PDF-siderekkefølge bakover | HandleMyFile,text/html; charset=utf-8,false,200,0,https://handlemyfile.com/,https://handlemyfile.com/no/omvendt-pdf,200,,,true,"og:description
og:title
og:image
og:url
og:type","Snu rekkefølgen av sider i PDF-dokumentet ditt øyeblikkelig fra sist til første sikkert i nettleseren din.
Omvendt PDF-sider - Endre PDF-siderekkefølge bakover | HandleMyFile
/logo.png
https://handlemyfile.com/
website",0,true,29
21,https://handlemyfile.com/fi/txt-pdf,Muunna TXT PDF-muotoon verkossa - Pelkkä teksti PDF-asiakirjaksi | HandleMyFile,text/html; charset=utf-8,false,200,0,https://handlemyfile.com/,https://handlemyfile.com/fi/txt-pdf,200,,,true,"og:description
og:title
og:image
og:url
og:type","Muuta pelkät tekstitiedostot tai koodilokit nopeasti hyvin jäsennellyiksi, luettavissa oleviksi PDF-dokumenteiksi heti selaimessasi.
Muunna TXT PDF-muotoon verkossa - Pelkkä teksti PDF-asiakirjaksi | HandleMyFile
/logo.png
https://handlemyfile.com/
website",0,true,29
21,https://handlemyfile.com/ru/izobrazhenie-v-pdf,Конвертируйте JPG и PNG в PDF онлайн — изображения в PDF локально | HandleMyFile,text/html; charset=utf-8,false,200,0,https://handlemyfile.com/,https://handlemyfile.com/ru/izobrazhenie-v-pdf,200,,,true,"og:description
og:title
og:image
og:url
og:type","Объединяйте фотографии, снимки экрана или изображения PNG/JPG в один чистый PDF-документ локально без загрузки.
Конвертируйте JPG и PNG в PDF онлайн — изображения в PDF локально | HandleMyFile
/logo.png
https://handlemyfile.com/
website",0,true,29
21,https://handlemyfile.com/no/skannet-pdf-til-tekst-ocr,Convert Scanned PDF to Text | HandleMyFile,text/html; charset=utf-8,false,200,0,https://handlemyfile.com/,https://handlemyfile.com/no/skannet-pdf-til-tekst-ocr,200,,,true,"og:description
og:title
og:image
og:url
og:type","Turn non-searchable scanned PDFs and images into editable plain text locally using multi-language WebAssembly OCR workers.
Convert Scanned PDF to Text | HandleMyFile
/logo.png
https://handlemyfile.com/
website",0,true,29
21,https://handlemyfile.com/de/pdf-zuschneiden,PDF online zuschneiden – Ränder lokal aus PDF entfernen | HandleMyFile,text/html; charset=utf-8,false,200,0,https://handlemyfile.com/,https://handlemyfile.com/de/pdf-zuschneiden,200,,,true,"og:description
og:title
og:image
og:url
og:type","Entfernen Sie weiße Ränder oder schneiden Sie PDF-Seiten lokal in Ihrem Browser auf eine bestimmte Größe zu.
PDF online zuschneiden – Ränder lokal aus PDF entfernen | HandleMyFile
/logo.png
https://handlemyfile.com/
website",0,true,29
21,https://handlemyfile.com/ja/sukyan-to-pdf,PDF にスキャン - PDF を編集不可にしてオンラインでラスタライズ | HandleMyFile,text/html; charset=utf-8,false,200,0,https://handlemyfile.com/,https://handlemyfile.com/ja/sukyan-to-pdf,200,,,true,"og:description
og:title
og:image
og:url
og:type","PDF ドキュメントを PDF 内のフラット イメージにラスタライズします。ブラウザでのコピー＆ペーストや編集を安全に防止します。
PDF にスキャン - PDF を編集不可にしてオンラインでラスタライズ | HandleMyFile
/logo.png
https://handlemyfile.com/
website",0,true,29
21,https://handlemyfile.com/hu/reverse-pdf,Fordított PDF-oldalak – PDF-oldalak sorrendjének módosítása visszafelé | HandleMyFile,text/html; charset=utf-8,false,200,0,https://handlemyfile.com/,https://handlemyfile.com/hu/reverse-pdf,200,,,true,"og:description
og:title
og:image
og:url
og:type","Azonnal megfordíthatja a PDF-dokumentum oldalainak sorrendjét az utolsótól az elsőig biztonságosan a böngészőben.
Fordított PDF-oldalak – PDF-oldalak sorrendjének módosítása visszafelé | HandleMyFile
/logo.png
https://handlemyfile.com/
website",0,true,29
21,https://handlemyfile.com/he/shnh-gvdl-pdf,שינוי גודל דפי PDF - שנה גודל ושוליים של עמוד PDF | HandleMyFile,text/html; charset=utf-8,false,200,0,https://handlemyfile.com/,https://handlemyfile.com/he/shnh-gvdl-pdf,200,,,true,"og:description
og:title
og:image
og:url
og:type","שנה את גודל דפי ה-PDF שלך לגדלים סטנדרטיים כמו A4 או Letter, הוסף שוליים ומרכז את התוכן שלך בצורה מושלמת.
שינוי גודל דפי PDF - שנה גודל ושוליים של עמוד PDF | HandleMyFile
/logo.png
https://handlemyfile.com/
website",0,true,29
21,https://handlemyfile.com/ro/pdf-in-tonuri-de-gri,Convertiți PDF în tonuri de gri - PDF alb-negru online | HandleMyFile,text/html; charset=utf-8,false,200,0,https://handlemyfile.com/,https://handlemyfile.com/ro/pdf-in-tonuri-de-gri,200,,,true,"og:description
og:title
og:image
og:url
og:type","Convertiți instantaneu documentele PDF colorate în tonuri de gri în browser pentru a economisi cerneală de imprimare.
Convertiți PDF în tonuri de gri - PDF alb-negru online | HandleMyFile
/logo.png
https://handlemyfile.com/
website",0,true,29
21,https://handlemyfile.com/hu/excel-to-pdf,Excel konvertálása PDF formátumba online – XLSX és XLS helyileg PDF formátumba | HandleMyFile,text/html; charset=utf-8,false,200,0,https://handlemyfile.com/,https://handlemyfile.com/hu/excel-to-pdf,200,,,true,"og:description
og:title
og:image
og:url
og:type","Alakítsa át táblázatokat és pénzügyi adatokat tiszta, nyomtatható PDF-táblázatokká offline böngészőjében.
Excel konvertálása PDF formátumba online – XLSX és XLS helyileg PDF formátumba | HandleMyFile
/logo.png
https://handlemyfile.com/
website",0,true,29
21,https://handlemyfile.com/pt/pdf-reverso,Inverter páginas do PDF - Alterar a ordem das páginas do PDF para trás | HandleMyFile,text/html; charset=utf-8,false,200,0,https://handlemyfile.com/,https://handlemyfile.com/pt/pdf-reverso,200,,,true,"og:description
og:title
og:image
og:url
og:type","Inverta instantaneamente a sequência de páginas do seu documento PDF, da última para a primeira, com segurança no seu navegador.
Inverter páginas do PDF - Alterar a ordem das páginas do PDF para trás | HandleMyFile
/logo.png
https://handlemyfile.com/
website",0,true,29
21,https://handlemyfile.com/he/pdf-hpvk,הפוך דפי PDF - שנה סדר דפי PDF לאחור | HandleMyFile,text/html; charset=utf-8,false,200,0,https://handlemyfile.com/,https://handlemyfile.com/he/pdf-hpvk,200,,,true,"og:description
og:title
og:image
og:url
og:type","הפוך באופן מיידי את רצף הדפים במסמך ה-PDF שלך מהאחרון לראשון בצורה מאובטחת בדפדפן שלך.
הפוך דפי PDF - שנה סדר דפי PDF לאחור | HandleMyFile
/logo.png
https://handlemyfile.com/
website",0,true,29
21,https://handlemyfile.com/sign-pdf,Sign PDF Online - Add Electronic Signature to PDF | HandleMyFile,text/html; charset=utf-8,false,200,0,https://handlemyfile.com/,https://handlemyfile.com/sign-pdf,200,,,true,"og:description
og:title
og:image
og:url
og:type","Draw, upload, or generate an electronic signature and add it to your PDF.
Sign PDF Online - Add Electronic Signature to PDF | HandleMyFile
/logo.png
https://handlemyfile.com/
website",0,true,58
21,https://handlemyfile.com/id/pdf-ke-ppt,Konverter PDF ke PowerPoint Gratis (.pptx) - Tanpa Unggahan | HandleMyFile,text/html; charset=utf-8,false,200,0,https://handlemyfile.com/,https://handlemyfile.com/id/pdf-ke-ppt,200,,,true,"og:description
og:title
og:image
og:url
og:type","Ubah dokumen PDF multi-halaman Anda menjadi slide PowerPoint (.pptx) yang dapat diedit dengan fidelitas tinggi di dalam RAM browser.
Konverter PDF ke PowerPoint Gratis (.pptx) - Tanpa Unggahan | HandleMyFile
/logo.png
https://handlemyfile.com/
website",0,true,29
21,https://handlemyfile.com/ru/pdf-v-ppt,Бесплатный конвертер PDF в PowerPoint (.pptx) — без загрузок | HandleMyFile,text/html; charset=utf-8,false,200,0,https://handlemyfile.com/,https://handlemyfile.com/ru/pdf-v-ppt,200,,,true,"og:description
og:title
og:image
og:url
og:type","Превратите свои многостраничные PDF-документы в редактируемые слайды PowerPoint (.pptx) с высокой точностью в оперативной памяти браузера.
Бесплатный конвертер PDF в PowerPoint (.pptx) — без загрузок | HandleMyFile
/logo.png
https://handlemyfile.com/
website",0,true,29
21,https://handlemyfile.com/sv/ordna-pdf,Ordna PDF online - Infoga sidor i PDF lokalt | HandleMyFile,text/html; charset=utf-8,false,200,0,https://handlemyfile.com/,https://handlemyfile.com/sv/ordna-pdf,200,,,true,"og:description
og:title
og:image
og:url
og:type","Infoga en annan PDF-fil på ett specifikt sidindex säkert i din webbläsare.
Ordna PDF online - Infoga sidor i PDF lokalt | HandleMyFile
/logo.png
https://handlemyfile.com/
website",0,true,29
21,https://handlemyfile.com/ms/excel-kepada-csv,Penukar Excel ke CSV Percuma (.xlsx ke .csv) - Sifar Muat Naik | HandleMyFile,text/html; charset=utf-8,false,200,0,https://handlemyfile.com/,https://handlemyfile.com/ms/excel-kepada-csv,200,,,true,"og:description
og:title
og:image
og:url
og:type","Eksport data dengan pantas daripada hamparan Microsoft Excel (.xlsx, .xls) ke dalam format CSV universal sepenuhnya dalam penyemak imbas anda.
Penukar Excel ke CSV Percuma (.xlsx ke .csv) - Sifar Muat Naik | HandleMyFile
/logo.png
https://handlemyfile.com/
website",0,true,29
21,https://handlemyfile.com/de/graustufen-pdf,Konvertieren Sie PDF in Graustufen – Schwarzweiß-PDF online | HandleMyFile,text/html; charset=utf-8,false,200,0,https://handlemyfile.com/,https://handlemyfile.com/de/graustufen-pdf,200,,,true,"og:description
og:title
og:image
og:url
og:type","Konvertieren Sie farbige PDF-Dokumente sofort in Ihrem Browser in Graustufen, um Drucktinte zu sparen.
Konvertieren Sie PDF in Graustufen – Schwarzweiß-PDF online | HandleMyFile
/logo.png
https://handlemyfile.com/
website",0,true,29
21,https://handlemyfile.com/it/comprimi-pdf,Comprimi PDF online: riduci le dimensioni del file del 60-90% localmente | HandleMyFile,text/html; charset=utf-8,false,200,0,https://handlemyfile.com/,https://handlemyfile.com/it/comprimi-pdf,200,,,true,"og:description
og:title
og:image
og:url
og:type","Riduci file PDF di grandi dimensioni fino al 90% utilizzando tecniche di rasterizzazione DPI e lossless adattative direttamente in WebAssembly.
Comprimi PDF online: riduci le dimensioni del file del 60-90% localmente | HandleMyFile
/logo.png
https://handlemyfile.com/
website",0,true,29
21,https://handlemyfile.com/ru/scanned-pdf-to-text-ocr,Convert Scanned PDF to Text | HandleMyFile,text/html; charset=utf-8,false,200,0,https://handlemyfile.com/,https://handlemyfile.com/ru/scanned-pdf-to-text-ocr,200,,,true,"og:description
og:title
og:image
og:url
og:type","Turn non-searchable scanned PDFs and images into editable plain text locally using multi-language WebAssembly OCR workers.
Convert Scanned PDF to Text | HandleMyFile
/logo.png
https://handlemyfile.com/
website",0,true,29
21,https://handlemyfile.com/th/aekaikh-pdf,ทำซ้ำ PDF - ปิดทับข้อความและรูปภาพอย่างปลอดภัย | HandleMyFile,text/html; charset=utf-8,false,200,0,https://handlemyfile.com/,https://handlemyfile.com/th/aekaikh-pdf,200,,,true,"og:description
og:title
og:image
og:url
og:type","วาดกล่องเขียนทับข้อมูลส่วนตัว หน้าที่แก้ไขจะถูกแรสเตอร์ทั้งหมดเพื่อทำลายข้อความที่ซ่อนอยู่อย่างถาวร
ทำซ้ำ PDF - ปิดทับข้อความและรูปภาพอย่างปลอดภัย | HandleMyFile
/logo.png
https://handlemyfile.com/
website",0,true,48
21,https://handlemyfile.com/sv/ta-bort-pdf-l-senord-utan-l-senord,Remove PDF Password Without Password | HandleMyFile,text/html; charset=utf-8,false,200,0,https://handlemyfile.com/,https://handlemyfile.com/sv/ta-bort-pdf-l-senord-utan-l-senord,200,,,true,"og:description
og:title
og:image
og:url
og:type","Remove password protection from your PDF files without needing the original password using our advanced unlock tool.
Remove PDF Password Without Password | HandleMyFile
/logo.png
https://handlemyfile.com/
website",0,true,29
21,https://handlemyfile.com/fi/kuva-pdf-ksi,Muunna JPG ja PNG PDF-muotoon verkossa - Kuvat PDF-muotoon paikallisesti | HandleMyFile,text/html; charset=utf-8,false,200,0,https://handlemyfile.com/,https://handlemyfile.com/fi/kuva-pdf-ksi,200,,,true,"og:description
og:title
og:image
og:url
og:type","Yhdistä valokuvat, kuvakaappaukset tai PNG/JPG-kuvat yhdeksi puhtaaksi PDF-dokumentiksi paikallisesti lataamatta.
Muunna JPG ja PNG PDF-muotoon verkossa - Kuvat PDF-muotoon paikallisesti | HandleMyFile
/logo.png
https://handlemyfile.com/
website",0,true,29
21,https://handlemyfile.com/pt/redigir-pdf,Redigir PDF - ocultar textos e imagens com segurança | HandleMyFile,text/html; charset=utf-8,false,200,0,https://handlemyfile.com/,https://handlemyfile.com/pt/redigir-pdf,200,,,true,"og:description
og:title
og:image
og:url
og:type","Desenhe caixas de redação sobre informações privadas. As páginas editadas são totalmente rasterizadas para destruir permanentemente o texto oculto.
Redigir PDF - ocultar textos e imagens com segurança | HandleMyFile
/logo.png
https://handlemyfile.com/
website",0,true,29
21,https://handlemyfile.com/th/khr-btad-pdf,ครอบตัด PDF ออนไลน์ - ลบระยะขอบออกจาก PDF ในเครื่อง | HandleMyFile,text/html; charset=utf-8,false,200,0,https://handlemyfile.com/,https://handlemyfile.com/th/khr-btad-pdf,200,,,true,"og:description
og:title
og:image
og:url
og:type","ลบระยะขอบสีขาวหรือตัดหน้า PDF ให้มีขนาดเฉพาะในเบราว์เซอร์ของคุณ
ครอบตัด PDF ออนไลน์ - ลบระยะขอบออกจาก PDF ในเครื่อง | HandleMyFile
/logo.png
https://handlemyfile.com/
website",0,true,29
21,https://handlemyfile.com/ru/redaktirovat-pdf,Редактировать PDF — безопасное затемнение текста и изображений | HandleMyFile,text/html; charset=utf-8,false,200,0,https://handlemyfile.com/,https://handlemyfile.com/ru/redaktirovat-pdf,200,,,true,"og:description
og:title
og:image
og:url
og:type","Нарисуйте поля для редактирования над личной информацией. Отредактированные страницы полностью растрируются, чтобы навсегда уничтожить скрытый текст.
Редактировать PDF — безопасное затемнение текста и изображений | HandleMyFile
/logo.png
https://handlemyfile.com/
website",0,true,48
21,https://handlemyfile.com/tr/pdf-yi-dondur,PDF Sayfalarını Çevrimiçi Döndürün - PDF'yi Yerel Olarak 90/180/270 Derece Döndürün | HandleMyFile,text/html; charset=utf-8,false,200,0,https://handlemyfile.com/,https://handlemyfile.com/tr/pdf-yi-dondur,200,,,true,"og:description
og:title
og:image
og:url
og:type","PDF belgenizdeki tek tek sayfaları veya tüm sayfaları saniyeler içinde yerel olarak döndürün. Sıfır yükleme gerekli.
PDF Sayfalarını Çevrimiçi Döndürün - PDF'yi Yerel Olarak 90/180/270 Derece Döndürün | HandleMyFile
/logo.png
https://handlemyfile.com/
website",0,true,29
21,https://handlemyfile.com/ko/pdf-jamgeum-haeje,온라인으로 PDF 잠금 해제 - 로컬에서 PDF 비밀번호 제거 | HandleMyFile,text/html; charset=utf-8,false,200,0,https://handlemyfile.com/,https://handlemyfile.com/ko/pdf-jamgeum-haeje,200,,,true,"og:description
og:title
og:image
og:url
og:type","브라우저에서 PDF 파일의 비밀번호와 암호화를 즉시 제거하세요.
온라인으로 PDF 잠금 해제 - 로컬에서 PDF 비밀번호 제거 | HandleMyFile
/logo.png
https://handlemyfile.com/
website",0,true,29
21,https://handlemyfile.com/ru/udalit-stranicy,Удалить страницы PDF онлайн — удалить страницы из PDF локально | HandleMyFile,text/html; charset=utf-8,false,200,0,https://handlemyfile.com/,https://handlemyfile.com/ru/udalit-stranicy,200,,,true,"og:description
og:title
og:image
og:url
og:type","Удаляйте ненужные страницы из PDF-файла безопасно в браузере.
Удалить страницы PDF онлайн — удалить страницы из PDF локально | HandleMyFile
/logo.png
https://handlemyfile.com/
website",0,true,29
21,https://handlemyfile.com/uk/vidtinki-sirogo-pdf,Перетворення PDF на відтінки сірого - чорно-білий PDF онлайн | HandleMyFile,text/html; charset=utf-8,false,200,0,https://handlemyfile.com/,https://handlemyfile.com/uk/vidtinki-sirogo-pdf,200,,,true,"og:description
og:title
og:image
og:url
og:type","Миттєво перетворюйте кольорові PDF-документи на градації сірого у вашому браузері, щоб заощадити друкарське чорнило.
Перетворення PDF на відтінки сірого - чорно-білий PDF онлайн | HandleMyFile
/logo.png
https://handlemyfile.com/
website",0,true,29
21,https://handlemyfile.com/sk/odstranit-metadata,Odstrániť metadáta PDF - Sanitize Properties online | HandleMyFile,text/html; charset=utf-8,false,200,0,https://handlemyfile.com/,https://handlemyfile.com/sk/odstranit-metadata,200,,,true,"og:description
og:title
og:image
og:url
og:type","Odstráňte autora, tvorcu a ďalšie skryté vlastnosti digitálnej stopy zo súborov PDF offline, aby ste získali lepšie súkromie.
Odstrániť metadáta PDF - Sanitize Properties online | HandleMyFile
/logo.png
https://handlemyfile.com/
website",0,true,29
21,https://handlemyfile.com/sk/obratit-pdf,Obrátiť strany PDF - Zmeniť poradie strán PDF dozadu | HandleMyFile,text/html; charset=utf-8,false,200,0,https://handlemyfile.com/,https://handlemyfile.com/sk/obratit-pdf,200,,,true,"og:description
og:title
og:image
og:url
og:type","Okamžite zmeňte poradie stránok v dokumente PDF od poslednej po prvú bezpečne vo svojom prehliadači.
Obrátiť strany PDF - Zmeniť poradie strán PDF dozadu | HandleMyFile
/logo.png
https://handlemyfile.com/
website",0,true,29
21,https://handlemyfile.com/zh/reorder-pdf-pages-drag-and-drop,Reorder PDF Pages Drag and Drop Free | HandleMyFile,text/html; charset=utf-8,false,200,0,https://handlemyfile.com/,https://handlemyfile.com/zh/reorder-pdf-pages-drag-and-drop,200,,,true,"og:description
og:title
og:image
og:url
og:type","Organize and reorder pages in your PDF document visually by dragging and dropping thumbnails. 100% free and local.
Reorder PDF Pages Drag and Drop Free | HandleMyFile
/logo.png
https://handlemyfile.com/
website",0,true,29
21,https://handlemyfile.com/ms/susun-pdf,Susun PDF Dalam Talian - Sisipkan Halaman ke dalam PDF Secara Setempat | HandleMyFile,text/html; charset=utf-8,false,200,0,https://handlemyfile.com/,https://handlemyfile.com/ms/susun-pdf,200,,,true,"og:description
og:title
og:image
og:url
og:type","Masukkan fail PDF lain pada indeks halaman tertentu dengan selamat di dalam penyemak imbas anda.
Susun PDF Dalam Talian - Sisipkan Halaman ke dalam PDF Secara Setempat | HandleMyFile
/logo.png
https://handlemyfile.com/
website",0,true,29
21,https://handlemyfile.com/sv/ta-bort-metadata,Ta bort PDF-metadata - Sanitize Properties Online | HandleMyFile,text/html; charset=utf-8,false,200,0,https://handlemyfile.com/,https://handlemyfile.com/sv/ta-bort-metadata,200,,,true,"og:description
og:title
og:image
og:url
og:type","Ta bort författare, skapare och andra dolda digitala fotavtrycksegenskaper från dina PDF-filer offline för bättre integritet.
Ta bort PDF-metadata - Sanitize Properties Online | HandleMyFile
/logo.png
https://handlemyfile.com/
website",0,true,29
21,https://handlemyfile.com/el/prostasia-pdf,Προστασία PDF Online - Προστασία PDF με κωδικό πρόσβασης τοπικά | HandleMyFile,text/html; charset=utf-8,false,200,0,https://handlemyfile.com/,https://handlemyfile.com/el/prostasia-pdf,200,,,true,"og:description
og:title
og:image
og:url
og:type","Ασφαλίστε τα αρχεία PDF σας με κρυπτογράφηση AES-256 και προστασία με κωδικό πρόσβασης τοπικά στο πρόγραμμα περιήγησής σας.
Προστασία PDF Online - Προστασία PDF με κωδικό πρόσβασης τοπικά | HandleMyFile
/logo.png
https://handlemyfile.com/
website",0,true,29
21,https://handlemyfile.com/ro/semneaza-pdf,Semnați PDF online - Adăugați semnătură electronică la PDF | HandleMyFile,text/html; charset=utf-8,false,200,0,https://handlemyfile.com/,https://handlemyfile.com/ro/semneaza-pdf,200,,,true,"og:description
og:title
og:image
og:url
og:type","Desenați, încărcați sau generați o semnătură electronică și adăugați-o la PDF.
Semnați PDF online - Adăugați semnătură electronică la PDF | HandleMyFile
/logo.png
https://handlemyfile.com/
website",0,true,29
21,https://handlemyfile.com/cs/ocr-pdf,OCR v prohlížeči zdarma – extrahování textu z naskenovaných PDF a obrázků | HandleMyFile,text/html; charset=utf-8,false,200,0,https://handlemyfile.com/,https://handlemyfile.com/cs/ocr-pdf,200,,,true,"og:description
og:title
og:image
og:url
og:type","Pomocí vícejazyčných pracovníků WebAssembly OCR přeměňte naskenované soubory PDF a obrázky bez možnosti vyhledávání na upravitelný prostý text lokálně.
OCR v prohlížeči zdarma – extrahování textu z naskenovaných PDF a obrázků | HandleMyFile
/logo.png
https://handlemyfile.com/
website",0,true,29
21,https://handlemyfile.com/tr/taranan-pdf-i-metin-ocr-a-d-n-t-rme,Convert Scanned PDF to Text | HandleMyFile,text/html; charset=utf-8,false,200,0,https://handlemyfile.com/,https://handlemyfile.com/tr/taranan-pdf-i-metin-ocr-a-d-n-t-rme,200,,,true,"og:description
og:title
og:image
og:url
og:type","Turn non-searchable scanned PDFs and images into editable plain text locally using multi-language WebAssembly OCR workers.
Convert Scanned PDF to Text | HandleMyFile
/logo.png
https://handlemyfile.com/
website",0,true,29
21,https://handlemyfile.com/ms/ppt-kepada-pdf,Tukar PowerPoint kepada PDF - Slaid PPTX kepada PDF Secara Setempat | HandleMyFile,text/html; charset=utf-8,false,200,0,https://handlemyfile.com/,https://handlemyfile.com/ms/ppt-kepada-pdf,200,,,true,"og:description
og:title
og:image
og:url
og:type","Simpan slaid pembentangan PPTX sebagai dokumen PDF universal untuk perkongsian dan pencetakan yang mudah tanpa muat naik pelayan.
Tukar PowerPoint kepada PDF - Slaid PPTX kepada PDF Secara Setempat | HandleMyFile
/logo.png
https://handlemyfile.com/
website",0,true,29
21,https://handlemyfile.com/he/khytvk-pdf,חיתוך PDF באינטרנט - הסר שוליים מ-PDF באופן מקומי | HandleMyFile,text/html; charset=utf-8,false,200,0,https://handlemyfile.com/,https://handlemyfile.com/he/khytvk-pdf,200,,,true,"og:description
og:title
og:image
og:url
og:type","הסר שוליים לבנים או חתוך דפי PDF לגודל מסוים באופן מקומי בדפדפן שלך.
חיתוך PDF באינטרנט - הסר שוליים מ-PDF באופן מקומי | HandleMyFile
/logo.png
https://handlemyfile.com/
website",0,true,29
21,https://handlemyfile.com/ru/obrezat-pdf,Обрезать PDF онлайн — удалить поля из PDF локально | HandleMyFile,text/html; charset=utf-8,false,200,0,https://handlemyfile.com/,https://handlemyfile.com/ru/obrezat-pdf,200,,,true,"og:description
og:title
og:image
og:url
og:type","Удалите белые поля или обрежьте страницы PDF до определенного размера локально в браузере.
Обрезать PDF онлайн — удалить поля из PDF локально | HandleMyFile
/logo.png
https://handlemyfile.com/
website",0,true,29
21,https://handlemyfile.com/he/txt-l-pdf,המרת TXT ל-PDF באינטרנט - טקסט רגיל למסמך PDF | HandleMyFile,text/html; charset=utf-8,false,200,0,https://handlemyfile.com/,https://handlemyfile.com/he/txt-l-pdf,200,,,true,"og:description
og:title
og:image
og:url
og:type","הפוך במהירות קובצי טקסט רגיל או יומני קוד למסמכי PDF מובנים היטב וקריאים באופן מיידי בדפדפן שלך.
המרת TXT ל-PDF באינטרנט - טקסט רגיל למסמך PDF | HandleMyFile
/logo.png
https://handlemyfile.com/
website",0,true,29
21,https://handlemyfile.com/split-pdf,Split PDF Online - Extract Pages Separately | Client-Side Privacy | HandleMyFile,text/html; charset=utf-8,false,200,0,https://handlemyfile.com/,https://handlemyfile.com/split-pdf,200,,,true,"og:description
og:title
og:image
og:url
og:type","Separate one or more PDF pages into independent PDF files or a ZIP archive locally. Fast, secure, and 100% browser-based.
Split PDF Online - Extract Pages Separately | Client-Side Privacy | HandleMyFile
/logo.png
https://handlemyfile.com/
website",0,true,58
21,https://handlemyfile.com/sv/ocr-pdf,Gratis webbläsare OCR - Extrahera text från skannade PDF och bilder | HandleMyFile,text/html; charset=utf-8,false,200,0,https://handlemyfile.com/,https://handlemyfile.com/sv/ocr-pdf,200,,,true,"og:description
og:title
og:image
og:url
og:type","Förvandla icke-sökbara skannade PDF-filer och bilder till redigerbar vanlig text lokalt med hjälp av flerspråkiga WebAssembly OCR-arbetare.
Gratis webbläsare OCR - Extrahera text från skannade PDF och bilder | HandleMyFile
/logo.png
https://handlemyfile.com/
website",0,true,29
21,https://handlemyfile.com/fr/pdf-en-word-sans-perdre-le-formatage,Free PDF to Word Converter (.docx) Without Losing Formatting | HandleMyFile,text/html; charset=utf-8,false,200,0,https://handlemyfile.com/,https://handlemyfile.com/fr/pdf-en-word-sans-perdre-le-formatage,200,,,true,"og:description
og:title
og:image
og:url
og:type","Extract exact text, layout runs, and paragraphs from any PDF into a clean Microsoft Word (.docx) file directly inside browser memory.
Free PDF to Word Converter (.docx) Without Losing Formatting | HandleMyFile
/logo.png
https://handlemyfile.com/
website",0,true,29
21,https://handlemyfile.com/th/pdf-word,Free PDF to Word Converter (.docx) Without Losing Formatting | HandleMyFile,text/html; charset=utf-8,false,200,0,https://handlemyfile.com/,https://handlemyfile.com/th/pdf-word,200,,,true,"og:description
og:title
og:image
og:url
og:type","Extract exact text, layout runs, and paragraphs from any PDF into a clean Microsoft Word (.docx) file directly inside browser memory.
Free PDF to Word Converter (.docx) Without Losing Formatting | HandleMyFile
/logo.png
https://handlemyfile.com/
website",0,true,29
21,https://handlemyfile.com/da/pdf-til-billede,Konverter PDF til JPG/PNG-billeder online - Udpak sider til ZIP | HandleMyFile,text/html; charset=utf-8,false,200,0,https://handlemyfile.com/,https://handlemyfile.com/da/pdf-til-billede,200,,,true,"og:description
og:title
og:image
og:url
og:type","Rasteriser PDF-sider til krystalklare PNG/JPG-billeder lokalt. Download individuelt eller som et high-speed ZIP-arkiv.
Konverter PDF til JPG/PNG-billeder online - Udpak sider til ZIP | HandleMyFile
/logo.png
https://handlemyfile.com/
website",0,true,29
21,https://handlemyfile.com/he/pdf-word,Free PDF to Word Converter (.docx) Without Losing Formatting | HandleMyFile,text/html; charset=utf-8,false,200,0,https://handlemyfile.com/,https://handlemyfile.com/he/pdf-word,200,,,true,"og:description
og:title
og:image
og:url
og:type","Extract exact text, layout runs, and paragraphs from any PDF into a clean Microsoft Word (.docx) file directly inside browser memory.
Free PDF to Word Converter (.docx) Without Losing Formatting | HandleMyFile
/logo.png
https://handlemyfile.com/
website",0,true,29
21,https://handlemyfile.com/ro/pdf-in-imagine,Convertiți PDF în imagini JPG/PNG online - Extrageți pagini în ZIP | HandleMyFile,text/html; charset=utf-8,false,200,0,https://handlemyfile.com/,https://handlemyfile.com/ro/pdf-in-imagine,200,,,true,"og:description
og:title
og:image
og:url
og:type","Rasterizați paginile PDF în imagini PNG/JPG clare la nivel local. Descărcați individual sau ca arhivă ZIP de mare viteză.
Convertiți PDF în imagini JPG/PNG online - Extrageți pagini în ZIP | HandleMyFile
/logo.png
https://handlemyfile.com/
website",0,true,29
21,https://handlemyfile.com/cs/pdf-do-wordu-bez-ztr-ty-form-tov-n,Free PDF to Word Converter (.docx) Without Losing Formatting | HandleMyFile,text/html; charset=utf-8,false,200,0,https://handlemyfile.com/,https://handlemyfile.com/cs/pdf-do-wordu-bez-ztr-ty-form-tov-n,200,,,true,"og:description
og:title
og:image
og:url
og:type","Extract exact text, layout runs, and paragraphs from any PDF into a clean Microsoft Word (.docx) file directly inside browser memory.
Free PDF to Word Converter (.docx) Without Losing Formatting | HandleMyFile
/logo.png
https://handlemyfile.com/
website",0,true,29
21,https://handlemyfile.com/uk/nomeri-storinok,Додавання номерів сторінок до PDF - Користувацький верхній і нижній колонтитули локально | HandleMyFile,text/html; charset=utf-8,false,200,0,https://handlemyfile.com/,https://handlemyfile.com/uk/nomeri-storinok,200,,,true,"og:description
og:title
og:image
og:url
og:type","Легко додавайте чіткі, настроювані номери сторінок до верхнього або нижнього колонтитула PDF-файлу з повним контролем стилю у вашому браузері.
Додавання номерів сторінок до PDF - Користувацький верхній і нижній колонтитули локально | HandleMyFile
/logo.png
https://handlemyfile.com/
website",0,true,29
21,https://handlemyfile.com/pl/usu-has-o-pdf-bez-has-a,Remove PDF Password Without Password | HandleMyFile,text/html; charset=utf-8,false,200,0,https://handlemyfile.com/,https://handlemyfile.com/pl/usu-has-o-pdf-bez-has-a,200,,,true,"og:description
og:title
og:image
og:url
og:type","Remove password protection from your PDF files without needing the original password using our advanced unlock tool.
Remove PDF Password Without Password | HandleMyFile
/logo.png
https://handlemyfile.com/
website",0,true,29
21,https://handlemyfile.com/hu/csv-to-excel,Ingyenes CSV-ből Excel konvertáló (.xlsx) – Azonnali böngészőmotor | HandleMyFile,text/html; charset=utf-8,false,200,0,https://handlemyfile.com/,https://handlemyfile.com/hu/csv-to-excel,200,,,true,"og:description
og:title
og:image
og:url
og:type","A nyers CSV-fájlokat megfelelően formázott Excel-táblázatokká alakíthatja, többlapos támogatással és offline adatvesztés nélkül.
Ingyenes CSV-ből Excel konvertáló (.xlsx) – Azonnali böngészőmotor | HandleMyFile
/logo.png
https://handlemyfile.com/
website",0,true,29
21,https://handlemyfile.com/sk/vodoznak-pdf,Pridať vodoznak do PDF – opečiatkovať vlastný text alebo obrázok lokálne | HandleMyFile,text/html; charset=utf-8,false,200,0,https://handlemyfile.com/,https://handlemyfile.com/sk/vodoznak-pdf,200,,,true,"og:description
og:title
og:image
og:url
og:type","Chráňte svoje duševné vlastníctvo pečiatkou priehľadných textových alebo obrázkových vodoznakov na vaše stránky PDF offline.
Pridať vodoznak do PDF – opečiatkovať vlastný text alebo obrázok lokálne | HandleMyFile
/logo.png
https://handlemyfile.com/
website",0,true,29
21,https://handlemyfile.com/hi/piiddiieph-vyvsthit-kren,पीडीएफ को ऑनलाइन व्यवस्थित करें - पीडीएफ में स्थानीय रूप से पेज डालें | HandleMyFile,text/html; charset=utf-8,false,200,0,https://handlemyfile.com/,https://handlemyfile.com/hi/piiddiieph-vyvsthit-kren,200,,,true,"og:description
og:title
og:image
og:url
og:type","अपने ब्राउज़र के अंदर एक विशिष्ट पेज इंडेक्स पर सुरक्षित रूप से एक और पीडीएफ फाइल डालें।
पीडीएफ को ऑनलाइन व्यवस्थित करें - पीडीएफ में स्थानीय रूप से पेज डालें | HandleMyFile
/logo.png
https://handlemyfile.com/
website",0,true,29
21,https://handlemyfile.com/pt/organizar-pdf,Organize PDF Online - Insira páginas em PDF localmente | HandleMyFile,text/html; charset=utf-8,false,200,0,https://handlemyfile.com/,https://handlemyfile.com/pt/organizar-pdf,200,,,true,"og:description
og:title
og:image
og:url
og:type","Insira outro arquivo PDF em um índice de página específico com segurança dentro do seu navegador.
Organize PDF Online - Insira páginas em PDF localmente | HandleMyFile
/logo.png
https://handlemyfile.com/
website",0,true,29
21,https://handlemyfile.com/sv/jamfor-pdf,Jämför PDF - Hitta skillnader mellan två PDF-filer | HandleMyFile,text/html; charset=utf-8,false,200,0,https://handlemyfile.com/,https://handlemyfile.com/sv/jamfor-pdf,200,,,true,"og:description
og:title
og:image
og:url
og:type","Ladda upp två PDF-filer och markera de visuella skillnaderna mellan dem pixel för pixel lokalt.
Jämför PDF - Hitta skillnader mellan två PDF-filer | HandleMyFile
/logo.png
https://handlemyfile.com/
website",0,true,29
21,https://handlemyfile.com/he/bytvl-n-ylt-pdf,ביטול נעילת PDF Online - הסר סיסמת PDF באופן מקומי | HandleMyFile,text/html; charset=utf-8,false,200,0,https://handlemyfile.com/,https://handlemyfile.com/he/bytvl-n-ylt-pdf,200,,,true,"og:description
og:title
og:image
og:url
og:type","הסר סיסמה והצפנה מקובצי ה-PDF שלך באופן מיידי בדפדפן שלך.
ביטול נעילת PDF Online - הסר סיסמת PDF באופן מקומי | HandleMyFile
/logo.png
https://handlemyfile.com/
website",0,true,29
21,https://handlemyfile.com/tr/pdf-yi-karsilastir,PDF'yi Karşılaştır - İki PDF Arasındaki Farkları Bulun | HandleMyFile,text/html; charset=utf-8,false,200,0,https://handlemyfile.com/,https://handlemyfile.com/tr/pdf-yi-karsilastir,200,,,true,"og:description
og:title
og:image
og:url
og:type","İki PDF dosyası yükleyin ve aralarındaki görsel farkları yerel olarak piksel piksel vurgulayın.
PDF'yi Karşılaştır - İki PDF Arasındaki Farkları Bulun | HandleMyFile
/logo.png
https://handlemyfile.com/
website",0,true,29
21,https://handlemyfile.com/it/organizza-pdf,Organizza PDF online: inserisci le pagine nel PDF localmente | HandleMyFile,text/html; charset=utf-8,false,200,0,https://handlemyfile.com/,https://handlemyfile.com/it/organizza-pdf,200,,,true,"og:description
og:title
og:image
og:url
og:type","Inserisci un altro file PDF in un indice di pagina specifico in modo sicuro all'interno del tuo browser.
Organizza PDF online: inserisci le pagine nel PDF localmente | HandleMyFile
/logo.png
https://handlemyfile.com/
website",0,true,29
21,https://handlemyfile.com/he/khtvm-pdf,חתום PDF באינטרנט - הוסף חתימה אלקטרונית ל-PDF | HandleMyFile,text/html; charset=utf-8,false,200,0,https://handlemyfile.com/,https://handlemyfile.com/he/khtvm-pdf,200,,,true,"og:description
og:title
og:image
og:url
og:type","צייר, העלה או הפק חתימה אלקטרונית והוסף אותה ל-PDF שלך.
חתום PDF באינטרנט - הוסף חתימה אלקטרונית ל-PDF | HandleMyFile
/logo.png
https://handlemyfile.com/
website",0,true,29
21,https://handlemyfile.com/it/pdf-in-word-senza-perdere-la-formattazione,Free PDF to Word Converter (.docx) Without Losing Formatting | HandleMyFile,text/html; charset=utf-8,false,200,0,https://handlemyfile.com/,https://handlemyfile.com/it/pdf-in-word-senza-perdere-la-formattazione,200,,,true,"og:description
og:title
og:image
og:url
og:type","Extract exact text, layout runs, and paragraphs from any PDF into a clean Microsoft Word (.docx) file directly inside browser memory.
Free PDF to Word Converter (.docx) Without Losing Formatting | HandleMyFile
/logo.png
https://handlemyfile.com/
website",0,true,29
21,https://handlemyfile.com/es/ppt-a-pdf,Convierta PowerPoint a PDF: diapositivas PPTX a PDF localmente | HandleMyFile,text/html; charset=utf-8,false,200,0,https://handlemyfile.com/,https://handlemyfile.com/es/ppt-a-pdf,200,,,true,"og:description
og:title
og:image
og:url
og:type","Guarde diapositivas de presentación PPTX como documentos PDF universales para compartirlas e imprimirlas fácilmente sin necesidad de cargarlas en el servidor.
Convierta PowerPoint a PDF: diapositivas PPTX a PDF localmente | HandleMyFile
/logo.png
https://handlemyfile.com/
website",0,true,29
21,https://handlemyfile.com/it/riordinare-le-pagine-pdf-trascinandole,Reorder PDF Pages Drag and Drop Free | HandleMyFile,text/html; charset=utf-8,false,200,0,https://handlemyfile.com/,https://handlemyfile.com/it/riordinare-le-pagine-pdf-trascinandole,200,,,true,"og:description
og:title
og:image
og:url
og:type","Organize and reorder pages in your PDF document visually by dragging and dropping thumbnails. 100% free and local.
Reorder PDF Pages Drag and Drop Free | HandleMyFile
/logo.png
https://handlemyfile.com/
website",0,true,29
21,https://handlemyfile.com/th/reorder-pdf-pages-drag-and-drop,Reorder PDF Pages Drag and Drop Free | HandleMyFile,text/html; charset=utf-8,false,200,0,https://handlemyfile.com/,https://handlemyfile.com/th/reorder-pdf-pages-drag-and-drop,200,,,true,"og:description
og:title
og:image
og:url
og:type","Organize and reorder pages in your PDF document visually by dragging and dropping thumbnails. 100% free and local.
Reorder PDF Pages Drag and Drop Free | HandleMyFile
/logo.png
https://handlemyfile.com/
website",0,true,29
21,https://handlemyfile.com/fr/excel-en-pdf,Convertir Excel en PDF en ligne - XLSX et XLS en PDF localement | HandleMyFile,text/html; charset=utf-8,false,200,0,https://handlemyfile.com/,https://handlemyfile.com/fr/excel-en-pdf,200,,,true,"og:description
og:title
og:image
og:url
og:type","Transformez des feuilles de calcul et des données financières en tableaux PDF propres et imprimables hors ligne dans votre navigateur.
Convertir Excel en PDF en ligne - XLSX et XLS en PDF localement | HandleMyFile
/logo.png
https://handlemyfile.com/
website",0,true,29
21,https://handlemyfile.com/it/da-pdf-a-ppt,Convertitore gratuito da PDF a PowerPoint (.pptx) - Caricamenti zero | HandleMyFile,text/html; charset=utf-8,false,200,0,https://handlemyfile.com/,https://handlemyfile.com/it/da-pdf-a-ppt,200,,,true,"og:description
og:title
og:image
og:url
og:type","Trasforma i tuoi documenti PDF multipagina in diapositive PowerPoint (.pptx) modificabili con alta fedeltà all'interno della RAM del browser.
Convertitore gratuito da PDF a PowerPoint (.pptx) - Caricamenti zero | HandleMyFile
/logo.png
https://handlemyfile.com/
website",0,true,29
21,https://handlemyfile.com/uk/zobrazhennya-v-pdf,Конвертуйте JPG і PNG у PDF онлайн - зображення в PDF локально | HandleMyFile,text/html; charset=utf-8,false,200,0,https://handlemyfile.com/,https://handlemyfile.com/uk/zobrazhennya-v-pdf,200,,,true,"og:description
og:title
og:image
og:url
og:type","Об’єднайте фотографії, знімки екрана або зображення PNG/JPG в один чистий PDF-документ локально без завантаження.
Конвертуйте JPG і PNG у PDF онлайн - зображення в PDF локально | HandleMyFile
/logo.png
https://handlemyfile.com/
website",0,true,29
21,https://handlemyfile.com/ko/pdf-to-word-without-losing-formatting,Free PDF to Word Converter (.docx) Without Losing Formatting | HandleMyFile,text/html; charset=utf-8,false,200,0,https://handlemyfile.com/,https://handlemyfile.com/ko/pdf-to-word-without-losing-formatting,200,,,true,"og:description
og:title
og:image
og:url
og:type","Extract exact text, layout runs, and paragraphs from any PDF into a clean Microsoft Word (.docx) file directly inside browser memory.
Free PDF to Word Converter (.docx) Without Losing Formatting | HandleMyFile
/logo.png
https://handlemyfile.com/
website",0,true,29
21,https://handlemyfile.com/ms/txt-kepada-pdf,Tukar TXT kepada PDF Dalam Talian - Teks Biasa kepada Dokumen PDF | HandleMyFile,text/html; charset=utf-8,false,200,0,https://handlemyfile.com/,https://handlemyfile.com/ms/txt-kepada-pdf,200,,,true,"og:description
og:title
og:image
og:url
og:type","Tukar fail teks biasa atau log kod dengan pantas menjadi dokumen PDF yang tersusun dengan baik dan boleh dibaca serta-merta dalam penyemak imbas anda.
Tukar TXT kepada PDF Dalam Talian - Teks Biasa kepada Dokumen PDF | HandleMyFile
/logo.png
https://handlemyfile.com/
website",0,true,29
21,https://handlemyfile.com/ru/reduce-pdf-size-offline,Reduce PDF Size Offline | HandleMyFile,text/html; charset=utf-8,false,200,0,https://handlemyfile.com/,https://handlemyfile.com/ru/reduce-pdf-size-offline,200,,,true,"og:description
og:title
og:image
og:url
og:type","Reduce the size of your PDF documents offline directly in your browser without any server uploads. 100% secure.
Reduce PDF Size Offline | HandleMyFile
/logo.png
https://handlemyfile.com/
website",0,true,29
21,https://handlemyfile.com/es/pdf-inverso,Invertir páginas PDF - Cambiar el orden de las páginas PDF hacia atrás | HandleMyFile,text/html; charset=utf-8,false,200,0,https://handlemyfile.com/,https://handlemyfile.com/es/pdf-inverso,200,,,true,"og:description
og:title
og:image
og:url
og:type","Invierte instantáneamente la secuencia de páginas de tu documento PDF desde la última a la primera de forma segura en tu navegador.
Invertir páginas PDF - Cambiar el orden de las páginas PDF hacia atrás | HandleMyFile
/logo.png
https://handlemyfile.com/
website",0,true,29
21,https://handlemyfile.com/hu/pdf-felosztasa,PDF felosztása online – Oldalak kibontása külön | Ügyféloldali adatvédelem | HandleMyFile,text/html; charset=utf-8,false,200,0,https://handlemyfile.com/,https://handlemyfile.com/hu/pdf-felosztasa,200,,,true,"og:description
og:title
og:image
og:url
og:type","Válasszon szét egy vagy több PDF-oldalt független PDF-fájlokká vagy helyi ZIP-archívummá. Gyors, biztonságos és 100%-ban böngésző alapú.
PDF felosztása online – Oldalak kibontása külön | Ügyféloldali adatvédelem | HandleMyFile
/logo.png
https://handlemyfile.com/
website",0,true,29
21,https://handlemyfile.com/el/csv-se-excel,Δωρεάν μετατροπέας CSV σε Excel (.xlsx) - Instant Browser Engine | HandleMyFile,text/html; charset=utf-8,false,200,0,https://handlemyfile.com/,https://handlemyfile.com/el/csv-se-excel,200,,,true,"og:description
og:title
og:image
og:url
og:type","Μετατρέψτε τα ακατέργαστα αρχεία CSV σε σωστά μορφοποιημένα υπολογιστικά φύλλα Excel με υποστήριξη πολλών φύλλων και μηδενική απώλεια δεδομένων εκτός σύνδεσης.
Δωρεάν μετατροπέας CSV σε Excel (.xlsx) - Instant Browser Engine | HandleMyFile
/logo.png
https://handlemyfile.com/
website",0,true,29
21,https://handlemyfile.com/ja/peji-sakujo,オンラインで PDF ページを削除 - PDF からローカルでページを削除 | HandleMyFile,text/html; charset=utf-8,false,200,0,https://handlemyfile.com/,https://handlemyfile.com/ja/peji-sakujo,200,,,true,"og:description
og:title
og:image
og:url
og:type","ブラウザ内で PDF ファイルから不要なページを安全に削除します。
オンラインで PDF ページを削除 - PDF からローカルでページを削除 | HandleMyFile
/logo.png
https://handlemyfile.com/
website",0,true,29
21,https://handlemyfile.com/ja/reorder-pdf-pages-drag-and-drop,Reorder PDF Pages Drag and Drop Free | HandleMyFile,text/html; charset=utf-8,false,200,0,https://handlemyfile.com/,https://handlemyfile.com/ja/reorder-pdf-pages-drag-and-drop,200,,,true,"og:description
og:title
og:image
og:url
og:type","Organize and reorder pages in your PDF document visually by dragging and dropping thumbnails. 100% free and local.
Reorder PDF Pages Drag and Drop Free | HandleMyFile
/logo.png
https://handlemyfile.com/
website",0,true,29
21,https://handlemyfile.com/ru/skanirovat-v-pdf,Сканирование в PDF — сделайте PDF нередактируемым и растрируйте онлайн | HandleMyFile,text/html; charset=utf-8,false,200,0,https://handlemyfile.com/,https://handlemyfile.com/ru/skanirovat-v-pdf,200,,,true,"og:description
og:title
og:image
og:url
og:type","Растрируйте PDF-документы в плоские изображения внутри PDF-файла. Надежно предотвращает копирование и редактирование в вашем браузере.
Сканирование в PDF — сделайте PDF нередактируемым и растрируйте онлайн | HandleMyFile
/logo.png
https://handlemyfile.com/
website",0,true,29
21,https://handlemyfile.com/ko/egseleul-pdfro,Excel을 온라인에서 PDF로 변환 - XLSX 및 XLS를 로컬에서 PDF로 | HandleMyFile,text/html; charset=utf-8,false,200,0,https://handlemyfile.com/,https://handlemyfile.com/ko/egseleul-pdfro,200,,,true,"og:description
og:title
og:image
og:url
og:type","브라우저에서 오프라인으로 스프레드시트와 재무 데이터를 깨끗하고 인쇄 가능한 PDF 테이블로 변환하세요.
Excel을 온라인에서 PDF로 변환 - XLSX 및 XLS를 로컬에서 PDF로 | HandleMyFile
/logo.png
https://handlemyfile.com/
website",0,true,29
21,https://handlemyfile.com/da/pdf-til-word-uden-at-miste-formatering,Free PDF to Word Converter (.docx) Without Losing Formatting | HandleMyFile,text/html; charset=utf-8,false,200,0,https://handlemyfile.com/,https://handlemyfile.com/da/pdf-til-word-uden-at-miste-formatering,200,,,true,"og:description
og:title
og:image
og:url
og:type","Extract exact text, layout runs, and paragraphs from any PDF into a clean Microsoft Word (.docx) file directly inside browser memory.
Free PDF to Word Converter (.docx) Without Losing Formatting | HandleMyFile
/logo.png
https://handlemyfile.com/
website",0,true,29
21,https://handlemyfile.com/es/eliminar-contrase-a-de-pdf-sin-contrase-a,Remove PDF Password Without Password | HandleMyFile,text/html; charset=utf-8,false,200,0,https://handlemyfile.com/,https://handlemyfile.com/es/eliminar-contrase-a-de-pdf-sin-contrase-a,200,,,true,"og:description
og:title
og:image
og:url
og:type","Remove password protection from your PDF files without needing the original password using our advanced unlock tool.
Remove PDF Password Without Password | HandleMyFile
/logo.png
https://handlemyfile.com/
website",0,true,29
21,https://handlemyfile.com/ja/pdf-asshuku,オンラインで PDF を圧縮 - ローカルでファイル サイズを 60 ～ 90% 削減 | HandleMyFile,text/html; charset=utf-8,false,200,0,https://handlemyfile.com/,https://handlemyfile.com/ja/pdf-asshuku,200,,,true,"og:description
og:title
og:image
og:url
og:type","WebAssembly で直接適応ロスレスおよび DPI ラスタライゼーション技術を使用して、大きな PDF ファイルを最大 90% 縮小します。
オンラインで PDF を圧縮 - ローカルでファイル サイズを 60 ～ 90% 削減 | HandleMyFile
/logo.png
https://handlemyfile.com/
website",0,true,29
21,https://handlemyfile.com/fi/poista-pdf-salasana-ilman-salasanaa,Remove PDF Password Without Password | HandleMyFile,text/html; charset=utf-8,false,200,0,https://handlemyfile.com/,https://handlemyfile.com/fi/poista-pdf-salasana-ilman-salasanaa,200,,,true,"og:description
og:title
og:image
og:url
og:type","Remove password protection from your PDF files without needing the original password using our advanced unlock tool.
Remove PDF Password Without Password | HandleMyFile
/logo.png
https://handlemyfile.com/
website",0,true,29
21,https://handlemyfile.com/uk/redaguvati-pdf,Редагувати PDF - безпечне затемнення тексту та зображень | HandleMyFile,text/html; charset=utf-8,false,200,0,https://handlemyfile.com/,https://handlemyfile.com/uk/redaguvati-pdf,200,,,true,"og:description
og:title
og:image
og:url
og:type","Намалюйте рамки редагування над особистою інформацією. Відредаговані сторінки повністю растеризуються, щоб остаточно знищити прихований текст.
Редагувати PDF - безпечне затемнення тексту та зображень | HandleMyFile
/logo.png
https://handlemyfile.com/
website",0,true,48
21,https://handlemyfile.com/cs/podepsat-pdf,Podepsat PDF online – Přidat elektronický podpis do PDF | HandleMyFile,text/html; charset=utf-8,false,200,0,https://handlemyfile.com/,https://handlemyfile.com/cs/podepsat-pdf,200,,,true,"og:description
og:title
og:image
og:url
og:type","Nakreslete, nahrajte nebo vygenerujte elektronický podpis a přidejte jej do svého PDF.
Podepsat PDF online – Přidat elektronický podpis do PDF | HandleMyFile
/logo.png
https://handlemyfile.com/
website",0,true,29
21,https://handlemyfile.com/es/escanear-a-pdf,Escanear a PDF: convertir PDF en no editable y rasterizar en línea | HandleMyFile,text/html; charset=utf-8,false,200,0,https://handlemyfile.com/,https://handlemyfile.com/es/escanear-a-pdf,200,,,true,"og:description
og:title
og:image
og:url
og:type","Rasterice sus documentos PDF en imágenes planas dentro de un PDF. Impide copiar, pegar y editar de forma segura en su navegador.
Escanear a PDF: convertir PDF en no editable y rasterizar en línea | HandleMyFile
/logo.png
https://handlemyfile.com/
website",0,true,29
21,https://handlemyfile.com/organize-pdf,Organize PDF Online - Insert Pages into PDF Locally | HandleMyFile,text/html; charset=utf-8,false,200,0,https://handlemyfile.com/,https://handlemyfile.com/organize-pdf,200,,,true,"og:description
og:title
og:image
og:url
og:type","Insert another PDF file at a specific page index securely inside your browser.
Organize PDF Online - Insert Pages into PDF Locally | HandleMyFile
/logo.png
https://handlemyfile.com/
website",0,true,58
21,https://handlemyfile.com/cs/zmenit-velikost-pdf,Změnit velikost stránek PDF – Změnit velikost a okraje stránky PDF | HandleMyFile,text/html; charset=utf-8,false,200,0,https://handlemyfile.com/,https://handlemyfile.com/cs/zmenit-velikost-pdf,200,,,true,"og:description
og:title
og:image
og:url
og:type","Změňte velikost stránek PDF na standardní velikosti, jako je A4 nebo Letter, přidejte okraje a obsah dokonale vycentrujte.
Změnit velikost stránek PDF – Změnit velikost a okraje stránky PDF | HandleMyFile
/logo.png
https://handlemyfile.com/
website",0,true,29
21,https://handlemyfile.com/id/excel-ke-csv,Konverter Excel ke CSV Gratis (.xlsx ke .csv) - Tanpa Unggahan | HandleMyFile,text/html; charset=utf-8,false,200,0,https://handlemyfile.com/,https://handlemyfile.com/id/excel-ke-csv,200,,,true,"og:description
og:title
og:image
og:url
og:type","Ekspor data dengan cepat dari spreadsheet Microsoft Excel (.xlsx, .xls) ke dalam format CSV universal sepenuhnya di browser Anda.
Konverter Excel ke CSV Gratis (.xlsx ke .csv) - Tanpa Unggahan | HandleMyFile
/logo.png
https://handlemyfile.com/
website",0,true,29
21,https://handlemyfile.com/de/wasserzeichen-pdf,Wasserzeichen zu PDF hinzufügen – Benutzerdefinierten Text oder Bild lokal stempeln | HandleMyFile,text/html; charset=utf-8,false,200,0,https://handlemyfile.com/,https://handlemyfile.com/de/wasserzeichen-pdf,200,,,true,"og:description
og:title
og:image
og:url
og:type","Schützen Sie Ihr geistiges Eigentum, indem Sie Ihre PDF-Seiten offline mit transparenten Text- oder Bildwasserzeichen versehen.
Wasserzeichen zu PDF hinzufügen – Benutzerdefinierten Text oder Bild lokal stempeln | HandleMyFile
/logo.png
https://handlemyfile.com/
website",0,true,29
21,https://handlemyfile.com/cs/txt-do-pdf,Převést TXT do PDF online – prostý text na dokument PDF | HandleMyFile,text/html; charset=utf-8,false,200,0,https://handlemyfile.com/,https://handlemyfile.com/cs/txt-do-pdf,200,,,true,"og:description
og:title
og:image
og:url
og:type","Rychle přeměňte prosté textové soubory nebo protokoly kódu na dobře strukturované a čitelné dokumenty PDF ve svém prohlížeči.
Převést TXT do PDF online – prostý text na dokument PDF | HandleMyFile
/logo.png
https://handlemyfile.com/
website",0,true,29
21,https://handlemyfile.com/ja/pdf-kaijo,オンラインで PDF のロックを解除 - PDF パスワードをローカルで削除 | HandleMyFile,text/html; charset=utf-8,false,200,0,https://handlemyfile.com/,https://handlemyfile.com/ja/pdf-kaijo,200,,,true,"og:description
og:title
og:image
og:url
og:type","ブラウザで PDF ファイルからパスワードと暗号化を即座に削除します。
オンラインで PDF のロックを解除 - PDF パスワードをローカルで削除 | HandleMyFile
/logo.png
https://handlemyfile.com/
website",0,true,29
21,https://handlemyfile.com/es/recortar-pdf,Recortar PDF en línea: eliminar márgenes del PDF localmente | HandleMyFile,text/html; charset=utf-8,false,200,0,https://handlemyfile.com/,https://handlemyfile.com/es/recortar-pdf,200,,,true,"og:description
og:title
og:image
og:url
og:type","Elimine los márgenes blancos o corte páginas PDF a un tamaño específico localmente en su navegador.
Recortar PDF en línea: eliminar márgenes del PDF localmente | HandleMyFile
/logo.png
https://handlemyfile.com/
website",0,true,29
21,https://handlemyfile.com/ru/uporyadochit-pdf,Организуйте PDF онлайн — вставляйте страницы в PDF локально | HandleMyFile,text/html; charset=utf-8,false,200,0,https://handlemyfile.com/,https://handlemyfile.com/ru/uporyadochit-pdf,200,,,true,"og:description
og:title
og:image
og:url
og:type","Надежно вставьте другой PDF-файл в индекс определенной страницы в браузере.
Организуйте PDF онлайн — вставляйте страницы в PDF локально | HandleMyFile
/logo.png
https://handlemyfile.com/
website",0,true,29
21,https://handlemyfile.com/hu/pdf-rendezese,PDF online rendezése – Oldalak beszúrása PDF-be helyileg | HandleMyFile,text/html; charset=utf-8,false,200,0,https://handlemyfile.com/,https://handlemyfile.com/hu/pdf-rendezese,200,,,true,"og:description
og:title
og:image
og:url
og:type","Szúrjon be egy másik PDF-fájlt egy adott oldalindexbe biztonságosan a böngészőbe.
PDF online rendezése – Oldalak beszúrása PDF-be helyileg | HandleMyFile
/logo.png
https://handlemyfile.com/
website",0,true,29
21,https://handlemyfile.com/fi/harmaasavy-pdf,Muunna PDF harmaasävyiksi - Black and White PDF Online | HandleMyFile,text/html; charset=utf-8,false,200,0,https://handlemyfile.com/,https://handlemyfile.com/fi/harmaasavy-pdf,200,,,true,"og:description
og:title
og:image
og:url
og:type","Muunna värilliset PDF-asiakirjat harmaasävyiksi välittömästi selaimessasi tulostusmusteen säästämiseksi.
Muunna PDF harmaasävyiksi - Black and White PDF Online | HandleMyFile
/logo.png
https://handlemyfile.com/
website",0,true,29
21,https://handlemyfile.com/nl/pagina-s-verwijderen,PDF-pagina's online verwijderen - Pagina's lokaal uit PDF verwijderen | HandleMyFile,text/html; charset=utf-8,false,200,0,https://handlemyfile.com/,https://handlemyfile.com/nl/pagina-s-verwijderen,200,,,true,"og:description
og:title
og:image
og:url
og:type","Verwijder ongewenste pagina's veilig uit uw PDF-bestand in uw browser.
PDF-pagina's online verwijderen - Pagina's lokaal uit PDF verwijderen | HandleMyFile
/logo.png
https://handlemyfile.com/
website",0,true,29
21,https://handlemyfile.com/ro/elimina-i-parola-pdf-f-r-parol,Remove PDF Password Without Password | HandleMyFile,text/html; charset=utf-8,false,200,0,https://handlemyfile.com/,https://handlemyfile.com/ro/elimina-i-parola-pdf-f-r-parol,200,,,true,"og:description
og:title
og:image
og:url
og:type","Remove password protection from your PDF files without needing the original password using our advanced unlock tool.
Remove PDF Password Without Password | HandleMyFile
/logo.png
https://handlemyfile.com/
website",0,true,29
21,https://handlemyfile.com/ar/hmy-qwt-ldfaa-lshaaby,حماية ملفات PDF عبر الإنترنت - حماية ملفات PDF محليًا بكلمة مرور | HandleMyFile,text/html; charset=utf-8,false,200,0,https://handlemyfile.com/,https://handlemyfile.com/ar/hmy-qwt-ldfaa-lshaaby,200,,,true,"og:description
og:title
og:image
og:url
og:type","قم بتأمين ملفات PDF الخاصة بك باستخدام تشفير AES-256 وحماية كلمة المرور محليًا في متصفحك.
حماية ملفات PDF عبر الإنترنت - حماية ملفات PDF محليًا بكلمة مرور | HandleMyFile
/logo.png
https://handlemyfile.com/
website",0,true,29
20,https://handlemyfile.com/fr,HandleMyFile | Tous les outils de documentation en un seul endroit,text/html; charset=utf-8,false,200,0,https://handlemyfile.com/,https://handlemyfile.com/fr,200,,,true,"og:description
og:title
og:image
og:url
og:type","Merge, split, compress, convert Office files, and OCR directly in your browser. 100% processed offline via WebAssembly.
HandleMyFile | Tous les outils de documentation en un seul endroit
/logo.png
https://handlemyfile.com/
website",1,true,1
20,https://handlemyfile.com/ja/pdf-henshu,無料のオンライン PDF エディター - テキストと画像をローカルに追加 |ゼロアップロード | HandleMyFile,text/html; charset=utf-8,false,200,0,https://handlemyfile.com/,https://handlemyfile.com/ja/pdf-henshu,200,,,true,"og:description
og:title
og:image
og:url
og:type","完全にクライアント側のインタラクティブな PDF エディター。テキストの追加、画像のオーバーレイ、PDF の操作をローカルで 100% のプライバシーとアップロードなしで実行できます。
無料のオンライン PDF エディター - テキストと画像をローカルに追加 |ゼロアップロード | HandleMyFile
/logo.png
https://handlemyfile.com/
website",0,true,18
20,https://handlemyfile.com/es/editar-pdf,Editor de PDF en línea gratuito: agregue texto e imágenes localmente | Carga cero | HandleMyFile,text/html; charset=utf-8,false,200,0,https://handlemyfile.com/,https://handlemyfile.com/es/editar-pdf,200,,,true,"og:description
og:title
og:image
og:url
og:type","Un editor de PDF interactivo totalmente del lado del cliente. Agregue texto, superponga imágenes y manipule archivos PDF localmente con 100% de privacidad y sin cargas.
Editor de PDF en línea gratuito: agregue texto e imágenes localmente | Carga cero | HandleMyFile
/logo.png
https://handlemyfile.com/
website",0,true,18
20,https://handlemyfile.com/el,HandleMyFile | Όλα τα εργαλεία εγγράφων σε ένα μέρος,text/html; charset=utf-8,false,200,0,https://handlemyfile.com/,https://handlemyfile.com/el,200,,,true,"og:description
og:title
og:image
og:url
og:type","Merge, split, compress, convert Office files, and OCR directly in your browser. 100% processed offline via WebAssembly.
HandleMyFile | Όλα τα εργαλεία εγγράφων σε ένα μέρος
/logo.png
https://handlemyfile.com/
website",1,true,1
20,https://handlemyfile.com/vi/chinh-sua-pdf,Trình chỉnh sửa PDF trực tuyến miễn phí - Thêm văn bản và hình ảnh cục bộ | Không tải lên | HandleMyFile,text/html; charset=utf-8,false,200,0,https://handlemyfile.com/,https://handlemyfile.com/vi/chinh-sua-pdf,200,,,true,"og:description
og:title
og:image
og:url
og:type","Trình chỉnh sửa PDF tương tác hoàn toàn phía khách hàng. Thêm văn bản, hình ảnh lớp phủ và thao tác cục bộ với tệp PDF với 100% quyền riêng tư và không cần tải lên.
Trình chỉnh sửa PDF trực tuyến miễn phí - Thêm văn bản và hình ảnh cục bộ | Không tải lên | HandleMyFile
/logo.png
https://handlemyfile.com/
website",0,true,18
20,https://handlemyfile.com/it,HandleMyFile | Tutti gli strumenti per i documenti in un unico posto,text/html; charset=utf-8,false,200,0,https://handlemyfile.com/,https://handlemyfile.com/it,200,,,true,"og:description
og:title
og:image
og:url
og:type","Merge, split, compress, convert Office files, and OCR directly in your browser. 100% processed offline via WebAssembly.
HandleMyFile | Tutti gli strumenti per i documenti in un unico posto
/logo.png
https://handlemyfile.com/
website",1,true,1
20,https://handlemyfile.com/ar,HandleMyFile | جميع أدوات المستندات في مكان واحد,text/html; charset=utf-8,false,200,0,https://handlemyfile.com/,https://handlemyfile.com/ar,200,,,true,"og:description
og:title
og:image
og:url
og:type","Merge, split, compress, convert Office files, and OCR directly in your browser. 100% processed offline via WebAssembly.
HandleMyFile | جميع أدوات المستندات في مكان واحد
/logo.png
https://handlemyfile.com/
website",1,true,1
20,https://handlemyfile.com/vi,HandleMyFile | Tất cả các công cụ tài liệu ở một nơi,text/html; charset=utf-8,false,200,0,https://handlemyfile.com/,https://handlemyfile.com/vi,200,,,true,"og:description
og:title
og:image
og:url
og:type","Merge, split, compress, convert Office files, and OCR directly in your browser. 100% processed offline via WebAssembly.
HandleMyFile | Tất cả các công cụ tài liệu ở một nơi
/logo.png
https://handlemyfile.com/
website",1,true,1
20,https://handlemyfile.com/pt,HandleMyFile | Todas as ferramentas de documentos em um só lugar,text/html; charset=utf-8,false,200,0,https://handlemyfile.com/,https://handlemyfile.com/pt,200,,,true,"og:description
og:title
og:image
og:url
og:type","Merge, split, compress, convert Office files, and OCR directly in your browser. 100% processed offline via WebAssembly.
HandleMyFile | Todas as ferramentas de documentos em um só lugar
/logo.png
https://handlemyfile.com/
website",1,true,1
20,https://handlemyfile.com/nl/pdf-bewerken,Gratis online PDF-editor - Lokaal tekst en afbeeldingen toevoegen | Nul uploaden | HandleMyFile,text/html; charset=utf-8,false,200,0,https://handlemyfile.com/,https://handlemyfile.com/nl/pdf-bewerken,200,,,true,"og:description
og:title
og:image
og:url
og:type","Een volledig interactieve PDF-editor aan de clientzijde. Voeg tekst toe, overlay-afbeeldingen en manipuleer PDF's lokaal met 100% privacy en geen uploads.
Gratis online PDF-editor - Lokaal tekst en afbeeldingen toevoegen | Nul uploaden | HandleMyFile
/logo.png
https://handlemyfile.com/
website",0,true,18
20,https://handlemyfile.com/cs,HandleMyFile | Všechny nástroje pro dokumenty na jednom místě,text/html; charset=utf-8,false,200,0,https://handlemyfile.com/,https://handlemyfile.com/cs,200,,,true,"og:description
og:title
og:image
og:url
og:type","Merge, split, compress, convert Office files, and OCR directly in your browser. 100% processed offline via WebAssembly.
HandleMyFile | Všechny nástroje pro dokumenty na jednom místě
/logo.png
https://handlemyfile.com/
website",1,true,1
20,https://handlemyfile.com/nl,HandleMyFile | Alle documenthulpmiddelen op één plek,text/html; charset=utf-8,false,200,0,https://handlemyfile.com/,https://handlemyfile.com/nl,200,,,true,"og:description
og:title
og:image
og:url
og:type","Merge, split, compress, convert Office files, and OCR directly in your browser. 100% processed offline via WebAssembly.
HandleMyFile | Alle documenthulpmiddelen op één plek
/logo.png
https://handlemyfile.com/
website",1,true,1
20,https://handlemyfile.com/de,HandleMyFile | Alle Dokumententools an einem Ort,text/html; charset=utf-8,false,200,0,https://handlemyfile.com/,https://handlemyfile.com/de,200,,,true,"og:description
og:title
og:image
og:url
og:type","Merge, split, compress, convert Office files, and OCR directly in your browser. 100% processed offline via WebAssembly.
HandleMyFile | Alle Dokumententools an einem Ort
/logo.png
https://handlemyfile.com/
website",1,true,1
20,https://handlemyfile.com/ru,HandleMyFile | Все инструменты для работы с документами в одном месте,text/html; charset=utf-8,false,200,0,https://handlemyfile.com/,https://handlemyfile.com/ru,200,,,true,"og:description
og:title
og:image
og:url
og:type","Merge, split, compress, convert Office files, and OCR directly in your browser. 100% processed offline via WebAssembly.
HandleMyFile | Все инструменты для работы с документами в одном месте
/logo.png
https://handlemyfile.com/
website",1,true,1
20,https://handlemyfile.com/pt/editar-pdf,Editor de PDF online gratuito - Adicione texto e imagens localmente | Carregamento Zero | HandleMyFile,text/html; charset=utf-8,false,200,0,https://handlemyfile.com/,https://handlemyfile.com/pt/editar-pdf,200,,,true,"og:description
og:title
og:image
og:url
og:type","Um editor de PDF totalmente interativo do lado do cliente. Adicione texto, sobreponha imagens e manipule PDFs localmente com 100% de privacidade e zero uploads.
Editor de PDF online gratuito - Adicione texto e imagens localmente | Carregamento Zero | HandleMyFile
/logo.png
https://handlemyfile.com/
website",0,true,18
20,https://handlemyfile.com/it/modifica-pdf,Editor PDF online gratuito: aggiungi testo e immagini localmente | Caricamento zero | HandleMyFile,text/html; charset=utf-8,false,200,0,https://handlemyfile.com/,https://handlemyfile.com/it/modifica-pdf,200,,,true,"og:description
og:title
og:image
og:url
og:type","Un editor PDF interattivo completamente lato client. Aggiungi testo, sovrapponi immagini e manipola i PDF localmente con il 100% di privacy e zero caricamenti.
Editor PDF online gratuito: aggiungi testo e immagini localmente | Caricamento zero | HandleMyFile
/logo.png
https://handlemyfile.com/
website",0,true,18
20,https://handlemyfile.com/hu,HandleMyFile | Minden dokumentumeszköz egy helyen,text/html; charset=utf-8,false,200,0,https://handlemyfile.com/,https://handlemyfile.com/hu,200,,,true,"og:description
og:title
og:image
og:url
og:type","Merge, split, compress, convert Office files, and OCR directly in your browser. 100% processed offline via WebAssembly.
HandleMyFile | Minden dokumentumeszköz egy helyen
/logo.png
https://handlemyfile.com/
website",1,true,1
20,https://handlemyfile.com/ro,HandleMyFile | Toate instrumentele pentru documente într-un singur loc,text/html; charset=utf-8,false,200,0,https://handlemyfile.com/,https://handlemyfile.com/ro,200,,,true,"og:description
og:title
og:image
og:url
og:type","Merge, split, compress, convert Office files, and OCR directly in your browser. 100% processed offline via WebAssembly.
HandleMyFile | Toate instrumentele pentru documente într-un singur loc
/logo.png
https://handlemyfile.com/
website",1,true,1
20,https://handlemyfile.com/he/rvk-pdf,עורך PDF מקוון בחינם - הוסף טקסט ותמונות באופן מקומי | אפס העלאה | HandleMyFile,text/html; charset=utf-8,false,200,0,https://handlemyfile.com/,https://handlemyfile.com/he/rvk-pdf,200,,,true,"og:description
og:title
og:image
og:url
og:type","עורך PDF אינטראקטיבי לחלוטין בצד הלקוח. הוסף טקסט, שכבת-על ותפעל קובצי PDF באופן מקומי עם 100% פרטיות ואפס העלאות.
עורך PDF מקוון בחינם - הוסף טקסט ותמונות באופן מקומי | אפס העלאה | HandleMyFile
/logo.png
https://handlemyfile.com/
website",0,true,18
20,https://handlemyfile.com/ko,HandleMyFile | 모든 문서 도구를 한 곳에 모아보세요,text/html; charset=utf-8,false,200,0,https://handlemyfile.com/,https://handlemyfile.com/ko,200,,,true,"og:description
og:title
og:image
og:url
og:type","Merge, split, compress, convert Office files, and OCR directly in your browser. 100% processed offline via WebAssembly.
HandleMyFile | 모든 문서 도구를 한 곳에 모아보세요
/logo.png
https://handlemyfile.com/
website",1,true,1
20,https://handlemyfile.com/hi,HandleMyFile | सभी दस्तावेज़ उपकरण एक ही स्थान पर,text/html; charset=utf-8,false,200,0,https://handlemyfile.com/,https://handlemyfile.com/hi,200,,,true,"og:description
og:title
og:image
og:url
og:type","Merge, split, compress, convert Office files, and OCR directly in your browser. 100% processed offline via WebAssembly.
HandleMyFile | सभी दस्तावेज़ उपकरण एक ही स्थान पर
/logo.png
https://handlemyfile.com/
website",1,true,1
20,https://handlemyfile.com/no,HandleMyFile | Alle dokumentverktøy på ett sted,text/html; charset=utf-8,false,200,0,https://handlemyfile.com/,https://handlemyfile.com/no,200,,,true,"og:description
og:title
og:image
og:url
og:type","Merge, split, compress, convert Office files, and OCR directly in your browser. 100% processed offline via WebAssembly.
HandleMyFile | Alle dokumentverktøy på ett sted
/logo.png
https://handlemyfile.com/
website",1,true,1
20,https://handlemyfile.com/pl/edytuj-plik-pdf,Darmowy edytor plików PDF online — dodawaj tekst i obrazy lokalnie | Zero przesyłania | HandleMyFile,text/html; charset=utf-8,false,200,0,https://handlemyfile.com/,https://handlemyfile.com/pl/edytuj-plik-pdf,200,,,true,"og:description
og:title
og:image
og:url
og:type","W pełni interaktywny edytor plików PDF po stronie klienta. Dodawaj tekst, nakładaj obrazy i manipuluj plikami PDF lokalnie, zachowując 100% prywatności i bez przesyłania.
Darmowy edytor plików PDF online — dodawaj tekst i obrazy lokalnie | Zero przesyłania | HandleMyFile
/logo.png
https://handlemyfile.com/
website",0,true,18
20,https://handlemyfile.com/es,HandleMyFile | Todas las herramientas de documentos en un solo lugar,text/html; charset=utf-8,false,200,0,https://handlemyfile.com/,https://handlemyfile.com/es,200,,,true,"og:description
og:title
og:image
og:url
og:type","Merge, split, compress, convert Office files, and OCR directly in your browser. 100% processed offline via WebAssembly.
HandleMyFile | Todas las herramientas de documentos en un solo lugar
/logo.png
https://handlemyfile.com/
website",1,true,1
20,https://handlemyfile.com/sv,HandleMyFile | Alla dokumentverktyg på ett ställe,text/html; charset=utf-8,false,200,0,https://handlemyfile.com/,https://handlemyfile.com/sv,200,,,true,"og:description
og:title
og:image
og:url
og:type","Merge, split, compress, convert Office files, and OCR directly in your browser. 100% processed offline via WebAssembly.
HandleMyFile | Alla dokumentverktyg på ett ställe
/logo.png
https://handlemyfile.com/
website",1,true,1
20,https://handlemyfile.com/zh,HandleMyFile | 所有文档工具都集中在一处,text/html; charset=utf-8,false,200,0,https://handlemyfile.com/,https://handlemyfile.com/zh,200,,,true,"og:description
og:title
og:image
og:url
og:type","Merge, split, compress, convert Office files, and OCR directly in your browser. 100% processed offline via WebAssembly.
HandleMyFile | 所有文档工具都集中在一处
/logo.png
https://handlemyfile.com/
website",1,true,1
20,https://handlemyfile.com/ro/editati-pdf,Editor PDF online gratuit - Adăugați text și imagini local | Încărcare zero | HandleMyFile,text/html; charset=utf-8,false,200,0,https://handlemyfile.com/,https://handlemyfile.com/ro/editati-pdf,200,,,true,"og:description
og:title
og:image
og:url
og:type","Un editor PDF interactiv complet la nivelul clientului. Adăugați text, suprapuneți imagini și manipulați fișierele PDF la nivel local, cu confidențialitate 100% și fără încărcări.
Editor PDF online gratuit - Adăugați text și imagini local | Încărcare zero | HandleMyFile
/logo.png
https://handlemyfile.com/
website",0,true,18
20,https://handlemyfile.com/ja,HandleMyFile | すべてのドキュメント ツールを 1 か所に,text/html; charset=utf-8,false,200,0,https://handlemyfile.com/,https://handlemyfile.com/ja,200,,,true,"og:description
og:title
og:image
og:url
og:type","Merge, split, compress, convert Office files, and OCR directly in your browser. 100% processed offline via WebAssembly.
HandleMyFile | すべてのドキュメント ツールを 1 か所に
/logo.png
https://handlemyfile.com/
website",1,true,1
20,https://handlemyfile.com/de/pdf-bearbeiten,Kostenloser Online-PDF-Editor – Text und Bilder lokal hinzufügen | Kein Upload | HandleMyFile,text/html; charset=utf-8,false,200,0,https://handlemyfile.com/,https://handlemyfile.com/de/pdf-bearbeiten,200,,,true,"og:description
og:title
og:image
og:url
og:type","Ein vollständig clientseitiger interaktiver PDF-Editor. Fügen Sie Text hinzu, überlagern Sie Bilder und bearbeiten Sie PDFs lokal mit 100 % Datenschutz und ohne Uploads.
Kostenloser Online-PDF-Editor – Text und Bilder lokal hinzufügen | Kein Upload | HandleMyFile
/logo.png
https://handlemyfile.com/
website",0,true,18
20,https://handlemyfile.com/el/epexergasia-pdf,Δωρεάν Online πρόγραμμα επεξεργασίας PDF - Προσθήκη κειμένου και εικόνων τοπικά | Μηδενική μεταφόρτωση | HandleMyFile,text/html; charset=utf-8,false,200,0,https://handlemyfile.com/,https://handlemyfile.com/el/epexergasia-pdf,200,,,true,"og:description
og:title
og:image
og:url
og:type","Ένας πλήρως διαδραστικός επεξεργαστής PDF από την πλευρά του πελάτη. Προσθέστε κείμενο, επικαλύψτε εικόνες και χειριστείτε αρχεία PDF τοπικά με 100% απόρρητο και μηδενικές μεταφορτώσεις.
Δωρεάν Online πρόγραμμα επεξεργασίας PDF - Προσθήκη κειμένου και εικόνων τοπικά | Μηδενική μεταφόρτωση | HandleMyFile
/logo.png
https://handlemyfile.com/
website",0,true,18
20,https://handlemyfile.com/ms/edit-pdf,Editor PDF Dalam Talian Percuma - Tambah Teks & Imej Setempat | Sifar Muat Naik | HandleMyFile,text/html; charset=utf-8,false,200,0,https://handlemyfile.com/,https://handlemyfile.com/ms/edit-pdf,200,,,true,"og:description
og:title
og:image
og:url
og:type","Editor PDF interaktif sisi pelanggan sepenuhnya. Tambahkan teks, imej tindanan dan manipulasi PDF secara setempat dengan 100% privasi dan sifar muat naik.
Editor PDF Dalam Talian Percuma - Tambah Teks & Imej Setempat | Sifar Muat Naik | HandleMyFile
/logo.png
https://handlemyfile.com/
website",0,true,18
20,https://handlemyfile.com/ko/pdf-pyeonjib,무료 온라인 PDF 편집기 - 로컬에서 텍스트 및 이미지 추가 | 제로 업로드 | HandleMyFile,text/html; charset=utf-8,false,200,0,https://handlemyfile.com/,https://handlemyfile.com/ko/pdf-pyeonjib,200,,,true,"og:description
og:title
og:image
og:url
og:type","완전한 클라이언트측 대화형 PDF 편집기입니다. 100% 개인 정보 보호와 업로드 없이 로컬에서 텍스트를 추가하고, 이미지를 오버레이하고, PDF를 조작할 수 있습니다.
무료 온라인 PDF 편집기 - 로컬에서 텍스트 및 이미지 추가 | 제로 업로드 | HandleMyFile
/logo.png
https://handlemyfile.com/
website",0,true,18
20,https://handlemyfile.com/fi,HandleMyFile | Kaikki asiakirjatyökalut yhdessä paikassa,text/html; charset=utf-8,false,200,0,https://handlemyfile.com/,https://handlemyfile.com/fi,200,,,true,"og:description
og:title
og:image
og:url
og:type","Merge, split, compress, convert Office files, and OCR directly in your browser. 100% processed offline via WebAssembly.
HandleMyFile | Kaikki asiakirjatyökalut yhdessä paikassa
/logo.png
https://handlemyfile.com/
website",1,true,1
20,https://handlemyfile.com/sk,HandleMyFile | Všetky nástroje dokumentov na jednom mieste,text/html; charset=utf-8,false,200,0,https://handlemyfile.com/,https://handlemyfile.com/sk,200,,,true,"og:description
og:title
og:image
og:url
og:type","Merge, split, compress, convert Office files, and OCR directly in your browser. 100% processed offline via WebAssembly.
HandleMyFile | Všetky nástroje dokumentov na jednom mieste
/logo.png
https://handlemyfile.com/
website",1,true,1
20,https://handlemyfile.com/id,HandleMyFile | Semua Alat Dokumen di Satu Tempat,text/html; charset=utf-8,false,200,0,https://handlemyfile.com/,https://handlemyfile.com/id,200,,,true,"og:description
og:title
og:image
og:url
og:type","Merge, split, compress, convert Office files, and OCR directly in your browser. 100% processed offline via WebAssembly.
HandleMyFile | Semua Alat Dokumen di Satu Tempat
/logo.png
https://handlemyfile.com/
website",1,true,1
20,https://handlemyfile.com/he,HandleMyFile | All Document Tools in One Place,text/html; charset=utf-8,false,200,0,https://handlemyfile.com/,https://handlemyfile.com/he,200,,,true,"og:description
og:title
og:image
og:url
og:type","Merge, split, compress, convert Office files, and OCR directly in your browser. 100% processed offline via WebAssembly.
HandleMyFile | All Document Tools in One Place
/logo.png
https://handlemyfile.com/
website",1,true,1
20,https://handlemyfile.com/uk,HandleMyFile | Усі інструменти для роботи з документами в одному місці,text/html; charset=utf-8,false,200,0,https://handlemyfile.com/,https://handlemyfile.com/uk,200,,,true,"og:description
og:title
og:image
og:url
og:type","Merge, split, compress, convert Office files, and OCR directly in your browser. 100% processed offline via WebAssembly.
HandleMyFile | Усі інструменти для роботи з документами в одному місці
/logo.png
https://handlemyfile.com/
website",1,true,1
20,https://handlemyfile.com/ms,HandleMyFile | Semua Alat Dokumen di Satu Tempat,text/html; charset=utf-8,false,200,0,https://handlemyfile.com/,https://handlemyfile.com/ms,200,,,true,"og:description
og:title
og:image
og:url
og:type","Merge, split, compress, convert Office files, and OCR directly in your browser. 100% processed offline via WebAssembly.
HandleMyFile | Semua Alat Dokumen di Satu Tempat
/logo.png
https://handlemyfile.com/
website",1,true,1
20,https://handlemyfile.com/pl,HandleMyFile | Wszystkie narzędzia do obsługi dokumentów w jednym miejscu,text/html; charset=utf-8,false,200,0,https://handlemyfile.com/,https://handlemyfile.com/pl,200,,,true,"og:description
og:title
og:image
og:url
og:type","Merge, split, compress, convert Office files, and OCR directly in your browser. 100% processed offline via WebAssembly.
HandleMyFile | Wszystkie narzędzia do obsługi dokumentów w jednym miejscu
/logo.png
https://handlemyfile.com/
website",1,true,1
20,https://handlemyfile.com/th,HandleMyFile | เครื่องมือเอกสารทั้งหมดในที่เดียว,text/html; charset=utf-8,false,200,0,https://handlemyfile.com/,https://handlemyfile.com/th,200,,,true,"og:description
og:title
og:image
og:url
og:type","Merge, split, compress, convert Office files, and OCR directly in your browser. 100% processed offline via WebAssembly.
HandleMyFile | เครื่องมือเอกสารทั้งหมดในที่เดียว
/logo.png
https://handlemyfile.com/
website",1,true,1
20,https://handlemyfile.com/hu/pdf-szerkesztese,Ingyenes online PDF-szerkesztő – Szöveg és képek helyi hozzáadása | Nulla feltöltés | HandleMyFile,text/html; charset=utf-8,false,200,0,https://handlemyfile.com/,https://handlemyfile.com/hu/pdf-szerkesztese,200,,,true,"og:description
og:title
og:image
og:url
og:type","Teljesen ügyféloldali interaktív PDF-szerkesztő. Adjon hozzá szöveget, fedjen le képeket, és kezelje a PDF-eket helyben 100%-os adatvédelemmel és nulla feltöltéssel.
Ingyenes online PDF-szerkesztő – Szöveg és képek helyi hozzáadása | Nulla feltöltés | HandleMyFile
/logo.png
https://handlemyfile.com/
website",0,true,18
20,https://handlemyfile.com/da,HandleMyFile | Alle dokumentværktøjer på ét sted,text/html; charset=utf-8,false,200,0,https://handlemyfile.com/,https://handlemyfile.com/da,200,,,true,"og:description
og:title
og:image
og:url
og:type","Merge, split, compress, convert Office files, and OCR directly in your browser. 100% processed offline via WebAssembly.
HandleMyFile | Alle dokumentværktøjer på ét sted
/logo.png
https://handlemyfile.com/
website",1,true,1
20,https://handlemyfile.com/tr,HandleMyFile | Tüm Belge Araçları Tek Bir Yerde,text/html; charset=utf-8,false,200,0,https://handlemyfile.com/,https://handlemyfile.com/tr,200,,,true,"og:description
og:title
og:image
og:url
og:type","Merge, split, compress, convert Office files, and OCR directly in your browser. 100% processed offline via WebAssembly.
HandleMyFile | Tüm Belge Araçları Tek Bir Yerde
/logo.png
https://handlemyfile.com/
website",1,true,1
20,https://handlemyfile.com/hi/piiddiieph-snpaadit-kren,मुफ़्त ऑनलाइन पीडीएफ संपादक - स्थानीय रूप से टेक्स्ट और छवियाँ जोड़ें | शून्य अपलोड | HandleMyFile,text/html; charset=utf-8,false,200,0,https://handlemyfile.com/,https://handlemyfile.com/hi/piiddiieph-snpaadit-kren,200,,,true,"og:description
og:title
og:image
og:url
og:type","एक पूरी तरह से क्लाइंट-साइड इंटरैक्टिव पीडीएफ संपादक। 100% गोपनीयता और शून्य अपलोड के साथ स्थानीय रूप से टेक्स्ट जोड़ें, छवियों को ओवरले करें और पीडीएफ में हेरफेर करें।
मुफ़्त ऑनलाइन पीडीएफ संपादक - स्थानीय रूप से टेक्स्ट और छवियाँ जोड़ें | शून्य अपलोड | HandleMyFile
/logo.png
https://handlemyfile.com/
website",0,true,18
20,https://handlemyfile.com/ar/thryr-qwt-ldfaa-lshaaby,محرر PDF مجاني عبر الإنترنت - إضافة نص وصور محليًا | تحميل صفر | HandleMyFile,text/html; charset=utf-8,false,200,0,https://handlemyfile.com/,https://handlemyfile.com/ar/thryr-qwt-ldfaa-lshaaby,200,,,true,"og:description
og:title
og:image
og:url
og:type","محرر PDF تفاعلي بالكامل من جانب العميل. يمكنك إضافة نص وتراكب الصور ومعالجة ملفات PDF محليًا بخصوصية 100% وبدون أي تحميلات.
محرر PDF مجاني عبر الإنترنت - إضافة نص وصور محليًا | تحميل صفر | HandleMyFile
/logo.png
https://handlemyfile.com/
website",0,true,18
