PR,URL,Title,Content type,Is rendered page,HTTP status code,Organic traffic,Depth,No. of internal outlinks,No. of external outlinks
21,https://handlemyfile.com/da/fjern-metadata,Fjern PDF-metadata - Sanitize Properties Online | HandleMyFile,text/html; charset=utf-8,false,200,0,0,0,0
21,https://handlemyfile.com/sk/csv-do-excelu,Bezplatný prevodník CSV do Excelu (.xlsx) – Instant Browser Engine | HandleMyFile,text/html; charset=utf-8,false,200,0,0,0,0
21,https://handlemyfile.com/ja/pdf-risaizu,PDF ページのサイズを変更する - PDF ページのサイズと余白を変更する | HandleMyFile,text/html; charset=utf-8,false,200,0,0,0,0
21,https://handlemyfile.com/he/hshvvh-pdf,השווה PDF - מצא הבדלים בין שני קובצי PDF | HandleMyFile,text/html; charset=utf-8,false,200,0,0,0,0
21,https://handlemyfile.com/fr/r-organiser-les-pages-pdf-par-glisser-d-poser,Reorder PDF Pages Drag and Drop Free | HandleMyFile,text/html; charset=utf-8,false,200,0,0,0,0
21,https://handlemyfile.com/da/scannet-pdf-til-tekst-ocr,Convert Scanned PDF to Text | HandleMyFile,text/html; charset=utf-8,false,200,0,0,0,0
21,https://handlemyfile.com/zh/pdf-word,Free PDF to Word Converter (.docx) Without Losing Formatting | HandleMyFile,text/html; charset=utf-8,false,200,0,0,0,0
21,https://handlemyfile.com/he/excel-l-csv,ממיר Excel ל-CSV בחינם (.xlsx ל-.csv) - אפס העלאות | HandleMyFile,text/html; charset=utf-8,false,200,0,0,0,0
21,https://handlemyfile.com/ro/csv-in-excel,Convertor gratuit CSV în Excel (.xlsx) - Motor de browser instantaneu | HandleMyFile,text/html; charset=utf-8,false,200,0,0,0,0
21,https://handlemyfile.com/es/imagen-a-pdf,Convierta JPG y PNG a PDF en línea: imágenes a PDF localmente | HandleMyFile,text/html; charset=utf-8,false,200,0,0,0,0
21,https://handlemyfile.com/tr/pdf-nin-kilidini-acin,PDF Online'ın Kilidini Açın - PDF Parolasını Yerel Olarak Kaldır | HandleMyFile,text/html; charset=utf-8,false,200,0,0,0,0
21,https://handlemyfile.com/cs/extrahovat-obrazky,Extrahovat obrázky z PDF - Uložit všechny obrázky z PDF | HandleMyFile,text/html; charset=utf-8,false,200,0,0,0,0
21,https://handlemyfile.com/vi/csv-sang-excel,Công cụ chuyển đổi CSV sang Excel miễn phí (.xlsx) - Công cụ trình duyệt tức thì | HandleMyFile,text/html; charset=utf-8,false,200,0,0,0,0
21,https://handlemyfile.com/ko/egseleul-csvro,무료 Excel to CSV 변환기(.xlsx to .csv) - 제로 업로드 | HandleMyFile,text/html; charset=utf-8,false,200,0,0,0,0
21,https://handlemyfile.com/remove-pdf-password-without-password,Remove PDF Password Without Password | HandleMyFile,text/html; charset=utf-8,false,200,0,0,0,0
21,https://handlemyfile.com/no/redusere-pdf-st-rrelse-offline,Reduce PDF Size Offline | HandleMyFile,text/html; charset=utf-8,false,200,0,0,0,0
21,https://handlemyfile.com/redact-pdf,Redact PDF - Securely Blackout Text and Images | HandleMyFile,text/html; charset=utf-8,false,200,0,0,0,0
21,https://handlemyfile.com/hi/piiddiieph-ghumaaen,पीडीएफ पेजों को ऑनलाइन घुमाएँ - पीडीएफ को 90/180/270 डिग्री स्थानीय रूप से घुमाएँ | HandleMyFile,text/html; charset=utf-8,false,200,0,0,0,0
21,https://handlemyfile.com/da/beskyt-pdf,Beskyt PDF Online - Adgangskodebeskyt PDF lokalt | HandleMyFile,text/html; charset=utf-8,false,200,0,0,0,0
21,https://handlemyfile.com/pl/zmie-kolejno-stron-pdf-przeci-gnij-i-upu,Reorder PDF Pages Drag and Drop Free | HandleMyFile,text/html; charset=utf-8,false,200,0,0,0,0
21,https://handlemyfile.com/ru/csv-v-excel,Бесплатный конвертер CSV в Excel (.xlsx) — механизм мгновенного браузера | HandleMyFile,text/html; charset=utf-8,false,200,0,0,0,0
21,https://handlemyfile.com/ar/tqsym-qwt-ldfaa-lshaaby,تقسيم ملف PDF عبر الإنترنت - استخراج الصفحات بشكل منفصل | الخصوصية من جانب العميل | HandleMyFile,text/html; charset=utf-8,false,200,0,0,0,0
21,https://handlemyfile.com/hi/pdf-to-word-without-losing-formatting,Free PDF to Word Converter (.docx) Without Losing Formatting | HandleMyFile,text/html; charset=utf-8,false,200,0,0,0,0
21,https://handlemyfile.com/el/peristrofi-pdf,Περιστροφή σελίδων PDF Online - Περιστρέψτε το PDF 90/180/270 μοίρες τοπικά | HandleMyFile,text/html; charset=utf-8,false,200,0,0,0,0
21,https://handlemyfile.com/nl/pdf-naar-ppt,Gratis PDF naar PowerPoint-converter (.pptx) - Geen uploads | HandleMyFile,text/html; charset=utf-8,false,200,0,0,0,0
21,https://handlemyfile.com/it/confronta-pdf,Confronta PDF: trova le differenze tra due PDF | HandleMyFile,text/html; charset=utf-8,false,200,0,0,0,0
21,https://handlemyfile.com/nl/watermerk-pdf,Watermerk toevoegen aan PDF - Aangepaste tekst of afbeelding lokaal stempelen | HandleMyFile,text/html; charset=utf-8,false,200,0,0,0,0
21,https://handlemyfile.com/ro/txt-in-pdf,Convertiți TXT în PDF online - Text simplu în document PDF | HandleMyFile,text/html; charset=utf-8,false,200,0,0,0,0
21,https://handlemyfile.com/tr/goruntuleri-cikart,PDF'den Görüntü Çıkarma - PDF'den Tüm Resimleri Kaydet | HandleMyFile,text/html; charset=utf-8,false,200,0,0,0,0
21,https://handlemyfile.com/uk/ppt-v-pdf,Конвертуйте PowerPoint у PDF - PPTX Slides to PDF Locally | HandleMyFile,text/html; charset=utf-8,false,200,0,0,0,0
21,https://handlemyfile.com/ja/ocr-pdf,無料のブラウザ OCR - スキャンした PDF と画像からテキストを抽出 | HandleMyFile,text/html; charset=utf-8,false,200,0,0,0,0
21,https://handlemyfile.com/hu/kepek-kibontasa,Képek kibontása PDF-ből – Minden kép mentése PDF-ből | HandleMyFile,text/html; charset=utf-8,false,200,0,0,0,0
21,https://handlemyfile.com/fr/pdf-en-image,Convertir des PDF en images JPG/PNG en ligne - Extraire des pages en ZIP | HandleMyFile,text/html; charset=utf-8,false,200,0,0,0,0
21,https://handlemyfile.com/hi/piiddiieph-se-piipiittii,मुफ़्त पीडीएफ से पावरपॉइंट कन्वर्टर (.pptx) - शून्य अपलोड | HandleMyFile,text/html; charset=utf-8,false,200,0,0,0,0
21,https://handlemyfile.com/ko/yeogbanghyang-pdf,PDF 페이지 역방향 - PDF 페이지 순서를 거꾸로 변경 | HandleMyFile,text/html; charset=utf-8,false,200,0,0,0,0
21,https://handlemyfile.com/da/fjern-pdf-adgangskode-uden-adgangskode,Remove PDF Password Without Password | HandleMyFile,text/html; charset=utf-8,false,200,0,0,0,0
21,https://handlemyfile.com/ro/pdf-invers,Inversați paginile PDF - Schimbați ordinea paginilor PDF înapoi | HandleMyFile,text/html; charset=utf-8,false,200,0,0,0,0
21,https://handlemyfile.com/it/estrai-immagini,Estrai immagini da PDF - Salva tutte le immagini da PDF | HandleMyFile,text/html; charset=utf-8,false,200,0,0,0,0
21,https://handlemyfile.com/th/excel-epn-pdf,แปลง Excel เป็น PDF ออนไลน์ - XLSX & XLS เป็น PDF ในเครื่อง | HandleMyFile,text/html; charset=utf-8,false,200,0,0,0,0
21,https://handlemyfile.com/ar/reorder-pdf-pages-drag-and-drop,Reorder PDF Pages Drag and Drop Free | HandleMyFile,text/html; charset=utf-8,false,200,0,0,0,0
21,https://handlemyfile.com/ko/metadeiteo-jegeo,PDF 메타데이터 제거 - 온라인 속성 삭제 | HandleMyFile,text/html; charset=utf-8,false,200,0,0,0,0
21,https://handlemyfile.com/da/sidetal,Tilføj sidetal til PDF - tilpasset sidehoved og sidefod lokalt | HandleMyFile,text/html; charset=utf-8,false,200,0,0,0,0
21,https://handlemyfile.com/zh/pdf-zhuan-ppt,免费 PDF 到 PowerPoint 转换器 (.pptx) - 零上传 | HandleMyFile,text/html; charset=utf-8,false,200,0,0,0,0
21,https://handlemyfile.com/fi/excelista-csv-ksi,Ilmainen Excel–CSV-muunnin (.xlsx–.csv) – nolla latausta | HandleMyFile,text/html; charset=utf-8,false,200,0,0,0,0
21,https://handlemyfile.com/hu/pdf-feloldasa,PDF online feloldása – PDF jelszó helyi eltávolítása | HandleMyFile,text/html; charset=utf-8,false,200,0,0,0,0
21,https://handlemyfile.com/fr/numeros-de-pages,Ajouter des numéros de page au PDF - En-tête et pied de page personnalisés localement | HandleMyFile,text/html; charset=utf-8,false,200,0,0,0,0
21,https://handlemyfile.com/da/uddrag-billeder,Uddrag billeder fra PDF - Gem alle billeder fra PDF | HandleMyFile,text/html; charset=utf-8,false,200,0,0,0,0
21,https://handlemyfile.com/es/firmar-pdf,Firmar PDF en línea - Agregar firma electrónica a PDF | HandleMyFile,text/html; charset=utf-8,false,200,0,0,0,0
21,https://handlemyfile.com/no/excel-til-pdf,Konverter Excel til PDF Online - XLSX og XLS til PDF lokalt | HandleMyFile,text/html; charset=utf-8,false,200,0,0,0,0
21,https://handlemyfile.com/tr/excel-den-pdf-ye,Excel'i Çevrimiçi Olarak PDF'ye Dönüştürün - XLSX ve XLS'yi Yerel Olarak PDF'ye Dönüştürün | HandleMyFile,text/html; charset=utf-8,false,200,0,0,0,0
21,https://handlemyfile.com/fr/pdf-inverse,Pages PDF inversées - Modifier l'ordre des pages PDF à l'envers | HandleMyFile,text/html; charset=utf-8,false,200,0,0,0,0
21,https://handlemyfile.com/nl/csv-naar-excel,Gratis CSV naar Excel-converter (.xlsx) - Instant Browser-engine | HandleMyFile,text/html; charset=utf-8,false,200,0,0,0,0
21,https://handlemyfile.com/he/reduce-pdf-size-offline,Reduce PDF Size Offline | HandleMyFile,text/html; charset=utf-8,false,200,0,0,0,0
21,https://handlemyfile.com/fi/excelista-pdf,Muunna Excel PDF-muotoon Online - XLSX ja XLS PDF:ksi paikallisesti | HandleMyFile,text/html; charset=utf-8,false,200,0,0,0,0
21,https://handlemyfile.com/sk/chranit-pdf,Chráňte PDF online – Chráňte PDF lokálne heslom | HandleMyFile,text/html; charset=utf-8,false,200,0,0,0,0
21,https://handlemyfile.com/hu/txt-to-pdf,TXT konvertálása PDF-be online - Egyszerű szöveg PDF-dokumentummá | HandleMyFile,text/html; charset=utf-8,false,200,0,0,0,0
21,https://handlemyfile.com/zh/scanned-pdf-to-text-ocr,Convert Scanned PDF to Text | HandleMyFile,text/html; charset=utf-8,false,200,0,0,0,0
21,https://handlemyfile.com/ko/pptreul-pdfro,PowerPoint를 PDF로 변환 - PPTX 슬라이드를 로컬에서 PDF로 | HandleMyFile,text/html; charset=utf-8,false,200,0,0,0,0
21,https://handlemyfile.com/ja/pdf-shomei,オンラインで PDF に署名 - PDF に電子署名を追加 | HandleMyFile,text/html; charset=utf-8,false,200,0,0,0,0
21,https://handlemyfile.com/ru/razblokirovat-pdf,Разблокировать PDF онлайн — удалить пароль PDF локально | HandleMyFile,text/html; charset=utf-8,false,200,0,0,0,0
21,https://handlemyfile.com/da/billede-til-pdf,Konverter JPG & PNG til PDF online - Billeder til PDF lokalt | HandleMyFile,text/html; charset=utf-8,false,200,0,0,0,0
21,https://handlemyfile.com/el/ydatografima-pdf,Προσθήκη υδατογραφήματος σε PDF - Σφραγίδα προσαρμοσμένου κειμένου ή εικόνας τοπικά | HandleMyFile,text/html; charset=utf-8,false,200,0,0,0,0
21,https://handlemyfile.com/id/pdf-ke-gambar,Konversi Gambar PDF ke JPG/PNG Secara Online - Ekstrak Halaman ke ZIP | HandleMyFile,text/html; charset=utf-8,false,200,0,0,0,0
21,https://handlemyfile.com/vi/qu-t-pdf-sang-v-n-b-n-ocr,Convert Scanned PDF to Text | HandleMyFile,text/html; charset=utf-8,false,200,0,0,0,0
21,https://handlemyfile.com/cs/zm-nit-po-ad-str-nek-pdf-p-eta-en-m,Reorder PDF Pages Drag and Drop Free | HandleMyFile,text/html; charset=utf-8,false,200,0,0,0,0
21,https://handlemyfile.com/vi/nen-pdf,Nén PDF trực tuyến - Giảm 60-90% kích thước tệp cục bộ | HandleMyFile,text/html; charset=utf-8,false,200,0,0,0,0
21,https://handlemyfile.com/ms/bandingkan-pdf,Bandingkan PDF - Cari Perbezaan Antara Dua PDF | HandleMyFile,text/html; charset=utf-8,false,200,0,0,0,0
21,https://handlemyfile.com/unlock-pdf,Unlock PDF Online - Remove PDF Password Locally | HandleMyFile,text/html; charset=utf-8,false,200,0,0,0,0
21,https://handlemyfile.com/pt/pdf-para-word-sem-perder-formata-o,Free PDF to Word Converter (.docx) Without Losing Formatting | HandleMyFile,text/html; charset=utf-8,false,200,0,0,0,0
21,https://handlemyfile.com/ro/organizati-pdf,Organizați PDF online - Inserați pagini în PDF local | HandleMyFile,text/html; charset=utf-8,false,200,0,0,0,0
21,https://handlemyfile.com/ro/comparati-pdf,Comparați PDF - Găsiți diferențe între două fișiere PDF | HandleMyFile,text/html; charset=utf-8,false,200,0,0,0,0
21,https://handlemyfile.com/el/pdf-se-eikona,Μετατροπή PDF σε εικόνες JPG/PNG Online - Εξαγωγή σελίδων σε ZIP | HandleMyFile,text/html; charset=utf-8,false,200,0,0,0,0
21,https://handlemyfile.com/hu/pdf-b-l-word-be-a-form-z-s-elveszt-se-n-lk-l,Free PDF to Word Converter (.docx) Without Losing Formatting | HandleMyFile,text/html; charset=utf-8,false,200,0,0,0,0
21,https://handlemyfile.com/pl/redaguj-pdf,Redaguj plik PDF — bezpieczne zaciemnianie tekstu i obrazów | HandleMyFile,text/html; charset=utf-8,false,200,0,0,0,0
21,https://handlemyfile.com/hi/piiddiieph-kii-tulnaa-kren,पीडीएफ की तुलना करें - दो पीडीएफ के बीच अंतर खोजें | HandleMyFile,text/html; charset=utf-8,false,200,0,0,0,0
21,https://handlemyfile.com/cs/obrazek-do-pdf,Převést JPG a PNG do PDF online – obrázky do PDF lokálně | HandleMyFile,text/html; charset=utf-8,false,200,0,0,0,0
21,https://handlemyfile.com/sk/excel-do-csv,Bezplatný prevodník Excel do CSV (.xlsx na .csv) – nulové nahrávanie | HandleMyFile,text/html; charset=utf-8,false,200,0,0,0,0
21,https://handlemyfile.com/vi/excel-sang-csv,Trình chuyển đổi Excel sang CSV miễn phí (.xlsx sang .csv) - Không tải lên | HandleMyFile,text/html; charset=utf-8,false,200,0,0,0,0
21,https://handlemyfile.com/ms/pdf-ke-ppt,PDF to PowerPoint Converter Percuma (.pptx) - Sifar Muat Naik | HandleMyFile,text/html; charset=utf-8,false,200,0,0,0,0
21,https://handlemyfile.com/it/immagine-in-pdf,Converti JPG e PNG in PDF online - Immagini in PDF localmente | HandleMyFile,text/html; charset=utf-8,false,200,0,0,0,0
21,https://handlemyfile.com/pt/ocr-pdf,OCR de navegador gratuito - Extraia texto de PDF e imagens digitalizados | HandleMyFile,text/html; charset=utf-8,false,200,0,0,0,0
21,https://handlemyfile.com/uk/zminiti-rozmir-pdf,Зміна розміру PDF-сторінок - зміна розміру PDF-сторінки та полів | HandleMyFile,text/html; charset=utf-8,false,200,0,0,0,0
21,https://handlemyfile.com/id/buka-kunci-pdf,Buka Kunci PDF Online - Hapus Kata Sandi PDF Secara Lokal | HandleMyFile,text/html; charset=utf-8,false,200,0,0,0,0
21,https://handlemyfile.com/nl/verklein-de-pdf-grootte-offline,Reduce PDF Size Offline | HandleMyFile,text/html; charset=utf-8,false,200,0,0,0,0
21,https://handlemyfile.com/hi/splitt-piiddiieph,पीडीएफ को ऑनलाइन विभाजित करें - पेज अलग से निकालें | क्लाइंट-साइड गोपनीयता | HandleMyFile,text/html; charset=utf-8,false,200,0,0,0,0
21,https://handlemyfile.com/hi/eksel-se-siiesvii,निःशुल्क एक्सेल से सीएसवी कन्वर्टर (.xlsx से .csv) - शून्य अपलोड | HandleMyFile,text/html; charset=utf-8,false,200,0,0,0,0
21,https://handlemyfile.com/zh/pdf-zhuan-tu-xiang,在线将 PDF 转换为 JPG/PNG 图像 - 将页面提取为 ZIP | HandleMyFile,text/html; charset=utf-8,false,200,0,0,0,0
21,https://handlemyfile.com/vi/x-a-m-t-kh-u-pdf-kh-ng-c-n-m-t-kh-u,Remove PDF Password Without Password | HandleMyFile,text/html; charset=utf-8,false,200,0,0,0,0
21,https://handlemyfile.com/hu/pdf-forgatasa,PDF-oldalak online forgatása – helyileg 90/180/270 fokkal fordítsa el a PDF-et | HandleMyFile,text/html; charset=utf-8,false,200,0,0,0,0
21,https://handlemyfile.com/uk/vodyaniy-znak-pdf,Add Watermark to PDF - Stamp Custom Text or Image Locally | HandleMyFile,text/html; charset=utf-8,false,200,0,0,0,0
21,https://handlemyfile.com/uk/excel-u-csv,Безкоштовний конвертер Excel у CSV (.xlsx у .csv) - Нуль завантажень | HandleMyFile,text/html; charset=utf-8,false,200,0,0,0,0
21,https://handlemyfile.com/uk/obrizati-pdf,Обрізати PDF-файл онлайн - видаліть поля з PDF-файлу локально | HandleMyFile,text/html; charset=utf-8,false,200,0,0,0,0
21,https://handlemyfile.com/pl/pdf-do-ppt,Bezpłatny konwerter plików PDF do programu PowerPoint (.pptx) — brak przesyłania plików | HandleMyFile,text/html; charset=utf-8,false,200,0,0,0,0
21,https://handlemyfile.com/it/csv-in-excel,Convertitore gratuito da CSV a Excel (.xlsx) - Motore browser istantaneo | HandleMyFile,text/html; charset=utf-8,false,200,0,0,0,0
21,https://handlemyfile.com/ro/redact-pdf,Redact PDF - Închideți în siguranță textul și imaginile | HandleMyFile,text/html; charset=utf-8,false,200,0,0,0,0
21,https://handlemyfile.com/ar/csv-l~-excel,محول CSV إلى Excel مجاني (.xlsx) - محرك المتصفح الفوري | HandleMyFile,text/html; charset=utf-8,false,200,0,0,0,0
21,https://handlemyfile.com/cs/vodoznak-pdf,Přidat vodoznak do PDF - Lokálně razit vlastní text nebo obrázek | HandleMyFile,text/html; charset=utf-8,false,200,0,0,0,0
21,https://handlemyfile.com/ro/ppt-in-pdf,Conversia PowerPoint în PDF - PPTX Slides în PDF local | HandleMyFile,text/html; charset=utf-8,false,200,0,0,0,0
21,https://handlemyfile.com/hu/pdf-jelsz-elt-vol-t-sa-jelsz-n-lk-l,Remove PDF Password Without Password | HandleMyFile,text/html; charset=utf-8,false,200,0,0,0,0
21,https://handlemyfile.com/ru/sravnit-pdf,Сравнить PDF – найти различия между двумя PDF-файлами | HandleMyFile,text/html; charset=utf-8,false,200,0,0,0,0
21,https://handlemyfile.com/ro/ocr-pdf,OCR gratuit de browser - Extrageți text din PDF și imagini scanate | HandleMyFile,text/html; charset=utf-8,false,200,0,0,0,0
21,https://handlemyfile.com/ko/pdf-bigyo,PDF 비교 - 두 PDF 간의 차이점 찾기 | HandleMyFile,text/html; charset=utf-8,false,200,0,0,0,0
21,https://handlemyfile.com/th/ppt-epn-pdf,แปลง PowerPoint เป็น PDF - PPTX Slides เป็น PDF ในเครื่อง | HandleMyFile,text/html; charset=utf-8,false,200,0,0,0,0
21,https://handlemyfile.com/no/excel-til-csv,Gratis Excel til CSV-konvertering (.xlsx til .csv) - Null opplastinger | HandleMyFile,text/html; charset=utf-8,false,200,0,0,0,0
21,https://handlemyfile.com/da/reducere-pdf-st-rrelse-offline,Reduce PDF Size Offline | HandleMyFile,text/html; charset=utf-8,false,200,0,0,0,0
21,https://handlemyfile.com/nl/verwijder-pdf-wachtwoord-zonder-wachtwoord,Remove PDF Password Without Password | HandleMyFile,text/html; charset=utf-8,false,200,0,0,0,0
21,https://handlemyfile.com/th/pdf-epnruupphaaph,แปลงรูปภาพ PDF เป็น JPG/PNG ออนไลน์ - แยกหน้าเป็น ZIP | HandleMyFile,text/html; charset=utf-8,false,200,0,0,0,0
21,https://handlemyfile.com/sk/usporiadat-pdf,Usporiadajte PDF online – lokálne vložte stránky do PDF | HandleMyFile,text/html; charset=utf-8,false,200,0,0,0,0
21,https://handlemyfile.com/hu/ppt-to-pdf,A PowerPoint konvertálása PDF formátumba – PPTX diák PDF formátumba helyileg | HandleMyFile,text/html; charset=utf-8,false,200,0,0,0,0
21,https://handlemyfile.com/pt/reordenar-p-ginas-pdf-arrastar-e-soltar,Reorder PDF Pages Drag and Drop Free | HandleMyFile,text/html; charset=utf-8,false,200,0,0,0,0
21,https://handlemyfile.com/it/pdf-in-scala-di-grigi,Converti PDF in scala di grigi: PDF in bianco e nero online | HandleMyFile,text/html; charset=utf-8,false,200,0,0,0,0
21,https://handlemyfile.com/fr/extraire-des-images,Extraire des images d'un PDF - Enregistrer toutes les images d'un PDF | HandleMyFile,text/html; charset=utf-8,false,200,0,0,0,0
21,https://handlemyfile.com/tr/filigran-pdf,PDF'ye Filigran Ekleme - Özel Metin veya Görüntüyü Yerel Olarak Damgalama | HandleMyFile,text/html; charset=utf-8,false,200,0,0,0,0
21,https://handlemyfile.com/sv/extrahera-bilder,Extrahera bilder från PDF - Spara alla bilder från PDF | HandleMyFile,text/html; charset=utf-8,false,200,0,0,0,0
21,https://handlemyfile.com/ms/csv-ke-excel,Penukar CSV ke Excel Percuma (.xlsx) - Enjin Penyemak Imbas Segera | HandleMyFile,text/html; charset=utf-8,false,200,0,0,0,0
21,https://handlemyfile.com/sv/minska-pdf-storlek-offline,Reduce PDF Size Offline | HandleMyFile,text/html; charset=utf-8,false,200,0,0,0,0
21,https://handlemyfile.com/vi/so-sanh-pdf,So sánh PDF - Tìm sự khác biệt giữa hai tệp PDF | HandleMyFile,text/html; charset=utf-8,false,200,0,0,0,0
21,https://handlemyfile.com/protect-pdf,Protect PDF Online - Password Protect PDF Locally | HandleMyFile,text/html; charset=utf-8,false,200,0,0,0,0
21,https://handlemyfile.com/fr/csv-vers-excel,Convertisseur CSV en Excel gratuit (.xlsx) - Moteur de navigateur instantané | HandleMyFile,text/html; charset=utf-8,false,200,0,0,0,0
21,https://handlemyfile.com/hi/piiddiieph-se-chvi,पीडीएफ को जेपीजी/पीएनजी छवियों में ऑनलाइन कनवर्ट करें - पेजों को ज़िप में निकालें | HandleMyFile,text/html; charset=utf-8,false,200,0,0,0,0
21,https://handlemyfile.com/sv/sidnummer,Lägg till sidnummer till PDF - Anpassad sidhuvud och sidfot lokalt | HandleMyFile,text/html; charset=utf-8,false,200,0,0,0,0
21,https://handlemyfile.com/ru/podpisat-pdf,Подпишите PDF онлайн — добавьте электронную подпись в PDF | HandleMyFile,text/html; charset=utf-8,false,200,0,0,0,0
21,https://handlemyfile.com/page-numbers,Add Page Numbers to PDF - Custom Header & Footer Locally | HandleMyFile,text/html; charset=utf-8,false,200,0,0,0,0
21,https://handlemyfile.com/tr/pdf-ye-tara,PDF'ye Tara - PDF'yi Düzenlenemez Hale Getirin ve Çevrimiçi Rasterleştir | HandleMyFile,text/html; charset=utf-8,false,200,0,0,0,0
21,https://handlemyfile.com/ro/decupati-pdf,Decupați PDF online - Eliminați marjele din PDF local | HandleMyFile,text/html; charset=utf-8,false,200,0,0,0,0
21,https://handlemyfile.com/es/pdf-a-word-sin-perder-formato,Convertir PDF a Word Gratis (.docx) Sin Perder Formato | HandleMyFile,text/html; charset=utf-8,false,200,0,0,0,0
21,https://handlemyfile.com/th/hmun-pdf,หมุนหน้า PDF ออนไลน์ - เปิด PDF 90/180/270 องศาในเครื่อง | HandleMyFile,text/html; charset=utf-8,false,200,0,0,0,0
21,https://handlemyfile.com/ru/pdf-v-izobrazhenie,Конвертируйте PDF в изображения JPG/PNG онлайн — извлекайте страницы в ZIP | HandleMyFile,text/html; charset=utf-8,false,200,0,0,0,0
21,https://handlemyfile.com/nl/afbeelding-naar-pdf,Converteer JPG en PNG online naar PDF - Afbeeldingen lokaal naar PDF | HandleMyFile,text/html; charset=utf-8,false,200,0,0,0,0
21,https://handlemyfile.com/th/ruupphaaphepn-pdf,แปลง JPG และ PNG เป็น PDF ออนไลน์ - รูปภาพเป็น PDF ในเครื่อง | HandleMyFile,text/html; charset=utf-8,false,200,0,0,0,0
21,https://handlemyfile.com/zh/excel-zhuan-pdf,在线将 Excel 转换为 PDF - XLSX 和 XLS 本地转换为 PDF | HandleMyFile,text/html; charset=utf-8,false,200,0,0,0,0
21,https://handlemyfile.com/ja/metadeta-sakujo,PDF メタデータを削除 - オンラインでプロパティをサニタイズ | HandleMyFile,text/html; charset=utf-8,false,200,0,0,0,0
21,https://handlemyfile.com/hi/vonttrmaark-piiddiieph,पीडीएफ में वॉटरमार्क जोड़ें - कस्टम टेक्स्ट या छवि पर स्थानीय रूप से मुहर लगाएं | HandleMyFile,text/html; charset=utf-8,false,200,0,0,0,0
21,https://handlemyfile.com/es/redactar-pdf,Redactar PDF: bloquear texto e imágenes de forma segura | HandleMyFile,text/html; charset=utf-8,false,200,0,0,0,0
21,https://handlemyfile.com/it/rimuovere-la-password-pdf-senza-password,Remove PDF Password Without Password | HandleMyFile,text/html; charset=utf-8,false,200,0,0,0,0
21,https://handlemyfile.com/ko/peiji-jegeo,온라인으로 PDF 페이지 제거 - PDF에서 로컬로 페이지 삭제 | HandleMyFile,text/html; charset=utf-8,false,200,0,0,0,0
21,https://handlemyfile.com/fi/muokkaa-pdf,Muokkaa PDF - Pimennä teksti ja kuvat turvallisesti | HandleMyFile,text/html; charset=utf-8,false,200,0,0,0,0
21,https://handlemyfile.com/nl/pdf-naar-word-zonder-de-opmaak-te-verliezen,Free PDF to Word Converter (.docx) Without Losing Formatting | HandleMyFile,text/html; charset=utf-8,false,200,0,0,0,0
21,https://handlemyfile.com/pl/zeskanowany-plik-pdf-do-tekstu-ocr,Convert Scanned PDF to Text | HandleMyFile,text/html; charset=utf-8,false,200,0,0,0,0
21,https://handlemyfile.com/no/sidetall,Legg til sidetall i PDF - tilpasset topp- og bunntekst lokalt | HandleMyFile,text/html; charset=utf-8,false,200,0,0,0,0
21,https://handlemyfile.com/id/kompres-pdf,Kompres PDF Online - Kurangi Ukuran File 60-90% Secara Lokal | HandleMyFile,text/html; charset=utf-8,false,200,0,0,0,0
21,https://handlemyfile.com/el/perikopi-pdf,Περικοπή PDF Online - Κατάργηση περιθωρίων από το PDF Τοπικά | HandleMyFile,text/html; charset=utf-8,false,200,0,0,0,0
21,https://handlemyfile.com/vi/trich-xuat-hinh-anh,Trích xuất hình ảnh từ PDF - Lưu tất cả hình ảnh từ PDF | HandleMyFile,text/html; charset=utf-8,false,200,0,0,0,0
21,https://handlemyfile.com/he/hgn-l-pdf,הגן על PDF באינטרנט - הגן על PDF עם סיסמה מקומית | HandleMyFile,text/html; charset=utf-8,false,200,0,0,0,0
21,https://handlemyfile.com/ko/pdf-hoejeon,온라인으로 PDF 페이지 회전 - 로컬에서 PDF를 90/180/270도 회전 | HandleMyFile,text/html; charset=utf-8,false,200,0,0,0,0
21,https://handlemyfile.com/it/pdf-filigrana,Aggiungi filigrana al PDF - Timbro testo o immagine personalizzati localmente | HandleMyFile,text/html; charset=utf-8,false,200,0,0,0,0
21,https://handlemyfile.com/pt/pdf-para-ppt,Conversor gratuito de PDF para PowerPoint (.pptx) - Zero uploads | HandleMyFile,text/html; charset=utf-8,false,200,0,0,0,0
21,https://handlemyfile.com/cs/oriznout-pdf,Oříznout PDF online – odstranit okraje z PDF lokálně | HandleMyFile,text/html; charset=utf-8,false,200,0,0,0,0
21,https://handlemyfile.com/tr/pdf-yi-yeniden-boyutlandir,PDF Sayfalarını Yeniden Boyutlandır - PDF Sayfa Boyutunu ve Kenar Boşluklarını Değiştirin | HandleMyFile,text/html; charset=utf-8,false,200,0,0,0,0
21,https://handlemyfile.com/id/hapus-kata-sandi-pdf-tanpa-kata-sandi,Hapus Kata Sandi PDF Tanpa Kata Sandi | HandleMyFile,text/html; charset=utf-8,false,200,0,0,0,0
21,https://handlemyfile.com/ko/scanned-pdf-to-text-ocr,Convert Scanned PDF to Text | HandleMyFile,text/html; charset=utf-8,false,200,0,0,0,0
21,https://handlemyfile.com/es/desbloquear-pdf,Desbloquear PDF en línea - Eliminar la contraseña de PDF localmente | HandleMyFile,text/html; charset=utf-8,false,200,0,0,0,0
21,https://handlemyfile.com/cs/pdf-do-ppt,Bezplatný převodník PDF do PowerPointu (.pptx) – nulové nahrávání | HandleMyFile,text/html; charset=utf-8,false,200,0,0,0,0
21,https://handlemyfile.com/el/xekleidoma-pdf,Ξεκλείδωμα PDF Online - Κατάργηση κωδικού πρόσβασης PDF τοπικά | HandleMyFile,text/html; charset=utf-8,false,200,0,0,0,0
21,https://handlemyfile.com/sv/txt-till-pdf,Konvertera TXT till PDF Online - Vanlig text till PDF-dokument | HandleMyFile,text/html; charset=utf-8,false,200,0,0,0,0
21,https://handlemyfile.com/he/ppt-l-pdf,המרת PowerPoint ל-PDF - שקופיות PPTX ל-PDF באופן מקומי | HandleMyFile,text/html; charset=utf-8,false,200,0,0,0,0
21,https://handlemyfile.com/ko/pdfe-seomyeong,온라인으로 PDF에 서명 - PDF에 전자 서명 추가 | HandleMyFile,text/html; charset=utf-8,false,200,0,0,0,0
21,https://handlemyfile.com/el/excel-se-pdf,Μετατροπή Excel σε PDF Online - XLSX & XLS σε PDF τοπικά | HandleMyFile,text/html; charset=utf-8,false,200,0,0,0,0
21,https://handlemyfile.com/ro/eliminati-metadatele,Eliminați metadatele PDF - Sanitize Properties Online | HandleMyFile,text/html; charset=utf-8,false,200,0,0,0,0
21,https://handlemyfile.com/ar/qrn-pdf,قارن PDF - ابحث عن الاختلافات بين ملفي PDF | HandleMyFile,text/html; charset=utf-8,false,200,0,0,0,0
21,https://handlemyfile.com/zh/ye-ma,添加页码到 PDF - 本地自定义页眉和页脚 | HandleMyFile,text/html; charset=utf-8,false,200,0,0,0,0
21,https://handlemyfile.com/no/pdf-til-bilde,Konverter PDF til JPG/PNG-bilder online - Pakk ut sider til ZIP | HandleMyFile,text/html; charset=utf-8,false,200,0,0,0,0
21,https://handlemyfile.com/sk/otocit-pdf,Otočte stránky PDF online – otočte PDF o 90/180/270 stupňov lokálne | HandleMyFile,text/html; charset=utf-8,false,200,0,0,0,0
21,https://handlemyfile.com/no/bilde-til-pdf,Konverter JPG og PNG til PDF Online - Bilder til PDF lokalt | HandleMyFile,text/html; charset=utf-8,false,200,0,0,0,0
21,https://handlemyfile.com/de/pdf-organisieren,PDF online organisieren – Seiten lokal in PDF einfügen | HandleMyFile,text/html; charset=utf-8,false,200,0,0,0,0
21,https://handlemyfile.com/ja/txt-kara-pdf,オンラインで TXT を PDF に変換 - プレーン テキストから PDF ドキュメントへ | HandleMyFile,text/html; charset=utf-8,false,200,0,0,0,0
21,https://handlemyfile.com/scan-to-pdf,Scan to PDF - Make PDF Uneditable & Rasterize Online | HandleMyFile,text/html; charset=utf-8,false,200,0,0,0,0
21,https://handlemyfile.com/vi/xoay-pdf,Xoay trang PDF trực tuyến - Xoay PDF 90/180/270 độ cục bộ | HandleMyFile,text/html; charset=utf-8,false,200,0,0,0,0
21,https://handlemyfile.com/excel-to-csv,Free Excel to CSV Converter (.xlsx to .csv) - Zero Uploads | HandleMyFile,text/html; charset=utf-8,false,200,0,0,0,0
21,https://handlemyfile.com/fi/pura-kuvat,Pura kuvat PDF-tiedostosta - Tallenna kaikki kuvat PDF-tiedostosta | HandleMyFile,text/html; charset=utf-8,false,200,0,0,0,0
21,https://handlemyfile.com/he/reorder-pdf-pages-drag-and-drop,Reorder PDF Pages Drag and Drop Free | HandleMyFile,text/html; charset=utf-8,false,200,0,0,0,0
21,https://handlemyfile.com/hi/piiddiieph-pr-skain-kren,पीडीएफ को स्कैन करें - पीडीएफ को असंपादन योग्य बनाएं और ऑनलाइन व्यवस्थित करें | HandleMyFile,text/html; charset=utf-8,false,200,0,0,0,0
21,https://handlemyfile.com/it/numeri-di-pagina,Aggiungi numeri di pagina al PDF - Intestazione e piè di pagina personalizzati localmente | HandleMyFile,text/html; charset=utf-8,false,200,0,0,0,0
21,https://handlemyfile.com/sv/skannade-pdf-till-text-ocr,Convert Scanned PDF to Text | HandleMyFile,text/html; charset=utf-8,false,200,0,0,0,0
21,https://handlemyfile.com/pl/odwroc-pdf,Odwróć strony PDF — zmień kolejność stron PDF w tył | HandleMyFile,text/html; charset=utf-8,false,200,0,0,0,0
21,https://handlemyfile.com/ru/izmenenie-razmera-pdf,Изменение размера страниц PDF — изменение размера и полей PDF-страницы | HandleMyFile,text/html; charset=utf-8,false,200,0,0,0,0
21,https://handlemyfile.com/pl/przytnij-plik-pdf,Przytnij plik PDF online — usuń marginesy z pliku PDF lokalnie | HandleMyFile,text/html; charset=utf-8,false,200,0,0,0,0
21,https://handlemyfile.com/he/rgn-pdf,ארגן PDF באינטרנט - הוסף דפים ל-PDF באופן מקומי | HandleMyFile,text/html; charset=utf-8,false,200,0,0,0,0
21,https://handlemyfile.com/vi/hinh-anh-sang-pdf,Chuyển đổi JPG & PNG sang PDF trực tuyến - Hình ảnh sang PDF cục bộ | HandleMyFile,text/html; charset=utf-8,false,200,0,0,0,0
21,https://handlemyfile.com/ms/pisahkan-pdf,Pisahkan PDF Dalam Talian - Ekstrak Halaman Secara Asing | Privasi Pihak Pelanggan | HandleMyFile,text/html; charset=utf-8,false,200,0,0,0,0
21,https://handlemyfile.com/ro/numerele-paginii,Adăugați numere de pagină în PDF - Antet și subsol personalizate la nivel local | HandleMyFile,text/html; charset=utf-8,false,200,0,0,0,0
21,https://handlemyfile.com/id/ubah-ukuran-pdf,Ubah Ukuran Halaman PDF - Ubah Ukuran dan Margin Halaman PDF | HandleMyFile,text/html; charset=utf-8,false,200,0,0,0,0
21,https://handlemyfile.com/uk/vidaliti-metadani,Видалити метадані PDF - очистити властивості онлайн | HandleMyFile,text/html; charset=utf-8,false,200,0,0,0,0
21,https://handlemyfile.com/da/split-pdf,Split PDF Online - Udpak sider separat | Privatliv på klientsiden | HandleMyFile,text/html; charset=utf-8,false,200,0,0,0,0
21,https://handlemyfile.com/pt/excel-para-csv,Conversor gratuito de Excel para CSV (.xlsx para .csv) - Zero uploads | HandleMyFile,text/html; charset=utf-8,false,200,0,0,0,0
21,https://handlemyfile.com/pl/txt-do-pdf,Konwertuj TXT na PDF online — zwykły tekst na dokument PDF | HandleMyFile,text/html; charset=utf-8,false,200,0,0,0,0
21,https://handlemyfile.com/tr/pdf-yi-koruyun,PDF'yi Çevrimiçi Koruyun - PDF'yi Yerel Olarak Parolayla Koruyun | HandleMyFile,text/html; charset=utf-8,false,200,0,0,0,0
21,https://handlemyfile.com/he/symn-mym-pdf,הוסף סימן מים ל-PDF - חותמת טקסט או תמונה מותאמת אישית באופן מקומי | HandleMyFile,text/html; charset=utf-8,false,200,0,0,0,0
21,https://handlemyfile.com/cs/naskenovan-pdf-do-textu-ocr,Convert Scanned PDF to Text | HandleMyFile,text/html; charset=utf-8,false,200,0,0,0,0
21,https://handlemyfile.com/pt/pdf-em-tons-de-cinza,Converter PDF em escala de cinza - PDF em preto e branco online | HandleMyFile,text/html; charset=utf-8,false,200,0,0,0,0
21,https://handlemyfile.com/nl/gescande-pdf-naar-tekst-ocr,Convert Scanned PDF to Text | HandleMyFile,text/html; charset=utf-8,false,200,0,0,0,0
21,https://handlemyfile.com/es/pdf-a-ppt,Convertidor gratuito de PDF a PowerPoint (.pptx): cero cargas | HandleMyFile,text/html; charset=utf-8,false,200,0,0,0,0
21,https://handlemyfile.com/da/rediger-pdf,Redakt PDF - Sikker mørklægning af tekst og billeder | HandleMyFile,text/html; charset=utf-8,false,200,0,0,0,0
21,https://handlemyfile.com/es/cambiar-el-tamano-del-pdf,Cambiar el tamaño de las páginas PDF: cambiar el tamaño y los márgenes de la página PDF | HandleMyFile,text/html; charset=utf-8,false,200,0,0,0,0
21,https://handlemyfile.com/fi/muuta-pdf-kokoa,Muuta PDF-sivujen kokoa - Muuta PDF-sivun kokoa ja marginaaleja | HandleMyFile,text/html; charset=utf-8,false,200,0,0,0,0
21,https://handlemyfile.com/fr/comparer-pdf,Comparer des PDF - Trouver les différences entre deux PDF | HandleMyFile,text/html; charset=utf-8,false,200,0,0,0,0
21,https://handlemyfile.com/no/endre-storrelse-pa-pdf,Endre størrelse på PDF-sider - Endre PDF-sidestørrelse og marger | HandleMyFile,text/html; charset=utf-8,false,200,0,0,0,0
21,https://handlemyfile.com/ru/excel-v-pdf,Конвертируйте Excel в PDF онлайн — XLSX и XLS в PDF локально | HandleMyFile,text/html; charset=utf-8,false,200,0,0,0,0
21,https://handlemyfile.com/de/pdf-in-word-umwandeln-ohne-dass-die-formatierung-verloren-geht,Free PDF to Word Converter (.docx) Without Losing Formatting | HandleMyFile,text/html; charset=utf-8,false,200,0,0,0,0
21,https://handlemyfile.com/hu/oldalszamok,Oldalszámok hozzáadása a PDF-hez – Egyéni fejléc és lábléc helyileg | HandleMyFile,text/html; charset=utf-8,false,200,0,0,0,0
21,https://handlemyfile.com/el/katargisi-metadedomenon,Κατάργηση μεταδεδομένων PDF - Sanitize Properties Online | HandleMyFile,text/html; charset=utf-8,false,200,0,0,0,0
21,https://handlemyfile.com/nl/ppt-naar-pdf,Converteer PowerPoint naar PDF - PPTX-dia's lokaal naar PDF | HandleMyFile,text/html; charset=utf-8,false,200,0,0,0,0
21,https://handlemyfile.com/vi/so-trang,Thêm số trang vào PDF - Đầu trang & Chân trang tùy chỉnh cục bộ | HandleMyFile,text/html; charset=utf-8,false,200,0,0,0,0
21,https://handlemyfile.com/hi/piiddiieph-kaa-aakaar-bdlen,पीडीएफ पेजों का आकार बदलें - पीडीएफ पेज का आकार और मार्जिन बदलें | HandleMyFile,text/html; charset=utf-8,false,200,0,0,0,0
21,https://handlemyfile.com/da/omvendt-pdf,Omvendt PDF-sider - Skift PDF-siderækkefølge baglæns | HandleMyFile,text/html; charset=utf-8,false,200,0,0,0,0
21,https://handlemyfile.com/da/organiser-pdf,Organiser PDF online - Indsæt sider i PDF lokalt | HandleMyFile,text/html; charset=utf-8,false,200,0,0,0,0
21,https://handlemyfile.com/el/organosi-pdf,Οργάνωση PDF Online - Εισαγωγή σελίδων σε PDF τοπικά | HandleMyFile,text/html; charset=utf-8,false,200,0,0,0,0
21,https://handlemyfile.com/ms/nombor-halaman,Tambahkan Nombor Halaman pada PDF - Pengepala & Pengaki Tersuai Secara Setempat | HandleMyFile,text/html; charset=utf-8,false,200,0,0,0,0
21,https://handlemyfile.com/ar/remove-pdf-password-without-password,Remove PDF Password Without Password | HandleMyFile,text/html; charset=utf-8,false,200,0,0,0,0
21,https://handlemyfile.com/pt/pdf-digitalizado-para-texto-ocr,Convert Scanned PDF to Text | HandleMyFile,text/html; charset=utf-8,false,200,0,0,0,0
21,https://handlemyfile.com/vi/sap-xep-pdf,Sắp xếp PDF trực tuyến - Chèn trang vào PDF cục bộ | HandleMyFile,text/html; charset=utf-8,false,200,0,0,0,0
21,https://handlemyfile.com/cs/pdf-k-obrazku,Převod obrázků PDF do JPG/PNG online – Extrahujte stránky do ZIP | HandleMyFile,text/html; charset=utf-8,false,200,0,0,0,0
21,https://handlemyfile.com/nl/vergelijk-pdf,Vergelijk PDF - Vind verschillen tussen twee PDF's | HandleMyFile,text/html; charset=utf-8,false,200,0,0,0,0
21,https://handlemyfile.com/sv/las-upp-pdf,Lås upp PDF Online - Ta bort PDF-lösenord lokalt | HandleMyFile,text/html; charset=utf-8,false,200,0,0,0,0
21,https://handlemyfile.com/ja/guresukeru-pdf,PDF をグレースケールに変換 - オンラインで白黒 PDF | HandleMyFile,text/html; charset=utf-8,false,200,0,0,0,0
21,https://handlemyfile.com/cs/stupne-sedi-pdf,Převést PDF do stupňů šedi – černobílé PDF online | HandleMyFile,text/html; charset=utf-8,false,200,0,0,0,0
21,https://handlemyfile.com/pl/obroc-pdf,Obracaj strony PDF online — obracaj pliki PDF o 90/180/270 stopni lokalnie | HandleMyFile,text/html; charset=utf-8,false,200,0,0,0,0
21,https://handlemyfile.com/zh/sao-miao-wei-pdf,扫描到 PDF - 使 PDF 不可编辑并在线光栅化 | HandleMyFile,text/html; charset=utf-8,false,200,0,0,0,0
21,https://handlemyfile.com/hi/pnne-httaaen,पीडीएफ पेजों को ऑनलाइन हटाएं - पीडीएफ से पेजों को स्थानीय रूप से हटाएं | HandleMyFile,text/html; charset=utf-8,false,200,0,0,0,0
21,https://handlemyfile.com/th/hmaayelkhhnaa,เพิ่มหมายเลขหน้าเป็น PDF - ส่วนหัวและส่วนท้ายที่กำหนดเองในเครื่อง | HandleMyFile,text/html; charset=utf-8,false,200,0,0,0,0
21,https://handlemyfile.com/ar/qwt-ldfaa-lshaaby-l~-ppt,محول PDF إلى PowerPoint مجاني (.pptx) - صفر تحميلات | HandleMyFile,text/html; charset=utf-8,false,200,0,0,0,0
21,https://handlemyfile.com/fi/skannattu-pdf-tekstiksi-ocr,Convert Scanned PDF to Text | HandleMyFile,text/html; charset=utf-8,false,200,0,0,0,0
21,https://handlemyfile.com/th/o-chii-aar-pdf,OCR เบราว์เซอร์ฟรี - แยกข้อความจาก PDF และรูปภาพที่สแกน | HandleMyFile,text/html; charset=utf-8,false,200,0,0,0,0
21,https://handlemyfile.com/da/excel-til-csv,Gratis Excel til CSV-konvertering (.xlsx til .csv) - Nul uploads | HandleMyFile,text/html; charset=utf-8,false,200,0,0,0,0
21,https://handlemyfile.com/hi/reorder-pdf-pages-drag-and-drop,Reorder PDF Pages Drag and Drop Free | HandleMyFile,text/html; charset=utf-8,false,200,0,0,0,0
21,https://handlemyfile.com/el/arithmoi-selidas,Προσθήκη αριθμών σελίδων στο PDF - Προσαρμοσμένη κεφαλίδα & υποσέλιδο τοπικά | HandleMyFile,text/html; charset=utf-8,false,200,0,0,0,0
21,https://handlemyfile.com/tr/resimden-pdf-e,JPG ve PNG'yi Çevrimiçi Olarak PDF'ye Dönüştürün - Görüntüleri Yerel Olarak PDF'ye Dönüştürün | HandleMyFile,text/html; charset=utf-8,false,200,0,0,0,0
21,https://handlemyfile.com/id/excel-ke-pdf,Konversi Excel ke PDF Online - XLSX & XLS ke PDF Secara Lokal | HandleMyFile,text/html; charset=utf-8,false,200,0,0,0,0
21,https://handlemyfile.com/it/riduci-le-dimensioni-del-pdf-offline,Reduce PDF Size Offline | HandleMyFile,text/html; charset=utf-8,false,200,0,0,0,0
21,https://handlemyfile.com/vi/excel-sang-pdf,Chuyển đổi Excel sang PDF trực tuyến - XLSX & XLS sang PDF cục bộ | HandleMyFile,text/html; charset=utf-8,false,200,0,0,0,0
21,https://handlemyfile.com/fr/recadrer-le-pdf,Recadrer le PDF en ligne - Supprimer les marges du PDF localement | HandleMyFile,text/html; charset=utf-8,false,200,0,0,0,0
21,https://handlemyfile.com/no/del-pdf,Del opp PDF på nett - Pakk ut sider separat | Personvern på klientsiden | HandleMyFile,text/html; charset=utf-8,false,200,0,0,0,0
21,https://handlemyfile.com/ms/keluarkan-kata-laluan-pdf-tanpa-kata-laluan,Remove PDF Password Without Password | HandleMyFile,text/html; charset=utf-8,false,200,0,0,0,0
21,https://handlemyfile.com/fi/j-rjest-pdf-sivut-uudelleen-vet-m-ll-ja-pudottamalla,Reorder PDF Pages Drag and Drop Free | HandleMyFile,text/html; charset=utf-8,false,200,0,0,0,0
21,https://handlemyfile.com/ru/szhat-pdf,Сжимайте PDF онлайн — уменьшите размер файла на 60–90% локально | HandleMyFile,text/html; charset=utf-8,false,200,0,0,0,0
21,https://handlemyfile.com/sv/pdf-till-bild,Konvertera PDF till JPG/PNG-bilder online - Extrahera sidor till ZIP | HandleMyFile,text/html; charset=utf-8,false,200,0,0,0,0
21,https://handlemyfile.com/zh/csv-dao-excel,免费 CSV 到 Excel 转换器 (.xlsx) - 即时浏览器引擎 | HandleMyFile,text/html; charset=utf-8,false,200,0,0,0,0
21,https://handlemyfile.com/ar/fth-mlf-pdf,فتح ملف PDF عبر الإنترنت - إزالة كلمة مرور ملف PDF محليًا | HandleMyFile,text/html; charset=utf-8,false,200,0,0,0,0
21,https://handlemyfile.com/it/pdf-diviso,Dividi PDF online: estrai le pagine separatamente | Privacy lato client | HandleMyFile,text/html; charset=utf-8,false,200,0,0,0,0
21,https://handlemyfile.com/pt/numeros-de-pagina,Adicionar números de página ao PDF - Cabeçalho e rodapé personalizados localmente | HandleMyFile,text/html; charset=utf-8,false,200,0,0,0,0
21,https://handlemyfile.com/ja/pdf-kara-gazo,オンラインで PDF を JPG/PNG 画像に変換 - ページを ZIP に抽出 | HandleMyFile,text/html; charset=utf-8,false,200,0,0,0,0
21,https://handlemyfile.com/hi/riektt-piiddiieph,Redact PDF - टेक्स्ट और छवियों को सुरक्षित रूप से ब्लैकआउट करें | HandleMyFile,text/html; charset=utf-8,false,200,0,0,0,0
21,https://handlemyfile.com/fi/avaa-pdf,Avaa PDF Online - Poista PDF-salasana paikallisesti | HandleMyFile,text/html; charset=utf-8,false,200,0,0,0,0
21,https://handlemyfile.com/zh/shan-chu-ye-mian,在线删除 PDF 页面 - 本地从 PDF 删除页面 | HandleMyFile,text/html; charset=utf-8,false,200,0,0,0,0
21,https://handlemyfile.com/fi/pienenn-pdf-kokoa-offline-tilassa,Reduce PDF Size Offline | HandleMyFile,text/html; charset=utf-8,false,200,0,0,0,0
21,https://handlemyfile.com/uk/excel-v-pdf,Конвертуйте Excel у PDF онлайн - XLSX і XLS у PDF локально | HandleMyFile,text/html; charset=utf-8,false,200,0,0,0,0
21,https://handlemyfile.com/sv/rotera-pdf,Rotera PDF-sidor online - Vänd PDF 90/180/270 grader lokalt | HandleMyFile,text/html; charset=utf-8,false,200,0,0,0,0
21,https://handlemyfile.com/ms/imbas-ke-pdf,Imbas ke PDF - Jadikan PDF Tidak Boleh Diedit & Rasterize Dalam Talian | HandleMyFile,text/html; charset=utf-8,false,200,0,0,0,0
21,https://handlemyfile.com/zh/xuan-zhuan-pdf,在线旋转 PDF 页面 - 在本地将 PDF 旋转 90/180/270 度 | HandleMyFile,text/html; charset=utf-8,false,200,0,0,0,0
21,https://handlemyfile.com/hu/szkennelt-pdf-sz-vegg-ocr,Convert Scanned PDF to Text | HandleMyFile,text/html; charset=utf-8,false,200,0,0,0,0
21,https://handlemyfile.com/pt/ppt-para-pdf,Converta PowerPoint para PDF - Slides PPTX para PDF localmente | HandleMyFile,text/html; charset=utf-8,false,200,0,0,0,0
21,https://handlemyfile.com/no/vannmerke-pdf,Legg til vannmerke i PDF - Stempel egendefinert tekst eller bilde lokalt | HandleMyFile,text/html; charset=utf-8,false,200,0,0,0,0
21,https://handlemyfile.com/de/pdf-komprimieren,PDF online komprimieren – Dateigröße lokal um 60–90 % reduzieren | HandleMyFile,text/html; charset=utf-8,false,200,0,0,0,0
21,https://handlemyfile.com/tr/pdf-yi-kirp,PDF'yi Çevrimiçi Kırp - PDF'deki Kenar Boşluklarını Yerel Olarak Kaldır | HandleMyFile,text/html; charset=utf-8,false,200,0,0,0,0
21,https://handlemyfile.com/ru/vodyanoy-znak-pdf,Добавление водяного знака в PDF — печать пользовательского текста или изображения локально | HandleMyFile,text/html; charset=utf-8,false,200,0,0,0,0
21,https://handlemyfile.com/ms/ubah-saiz-pdf,Saiz semula Halaman PDF - Tukar Saiz Halaman PDF dan Margin | HandleMyFile,text/html; charset=utf-8,false,200,0,0,0,0
21,https://handlemyfile.com/sk/cisla-stran,Pridať čísla strán do PDF – vlastná hlavička a päta lokálne | HandleMyFile,text/html; charset=utf-8,false,200,0,0,0,0
21,https://handlemyfile.com/pt/pdf-para-imagem,Converta PDF em imagens JPG/PNG online - Extraia páginas para ZIP | HandleMyFile,text/html; charset=utf-8,false,200,0,0,0,0
21,https://handlemyfile.com/da/roter-pdf,Roter PDF-sider online - Vend PDF 90/180/270 grader lokalt | HandleMyFile,text/html; charset=utf-8,false,200,0,0,0,0
21,https://handlemyfile.com/hu/oldalak-eltavolitasa,PDF-oldalak eltávolítása online – Oldalak törlése a PDF-ből helyileg | HandleMyFile,text/html; charset=utf-8,false,200,0,0,0,0
21,https://handlemyfile.com/fi/ppt-pdf,Muunna PowerPoint PDF-muotoon - PPTX-diat PDF-muotoon paikallisesti | HandleMyFile,text/html; charset=utf-8,false,200,0,0,0,0
21,https://handlemyfile.com/ko/pdfreul-pptro,무료 PDF를 PowerPoint 변환기(.pptx)로 변환 - 업로드 없음 | HandleMyFile,text/html; charset=utf-8,false,200,0,0,0,0
21,https://handlemyfile.com/pl/chron-plik-pdf,Chroń plik PDF online — chroń plik PDF hasłem lokalnie | HandleMyFile,text/html; charset=utf-8,false,200,0,0,0,0
21,https://handlemyfile.com/ja/pdf-bunkatsu,オンラインで PDF を分割 - ページを個別に抽出 |クライアント側のプライバシー | HandleMyFile,text/html; charset=utf-8,false,200,0,0,0,0
21,https://handlemyfile.com/fi/suojaa-pdf,Suojaa PDF Online - Salasana Suojaa PDF paikallisesti | HandleMyFile,text/html; charset=utf-8,false,200,0,0,0,0
21,https://handlemyfile.com/no/roter-pdf,Roter PDF-sider på nett - Snu PDF 90/180/270 grader lokalt | HandleMyFile,text/html; charset=utf-8,false,200,0,0,0,0
21,https://handlemyfile.com/sv/signera-pdf,Signera PDF Online - Lägg till elektronisk signatur till PDF | HandleMyFile,text/html; charset=utf-8,false,200,0,0,0,0
21,https://handlemyfile.com/ro/imagine-in-pdf,Conversia JPG și PNG în PDF online - Imagini în PDF local | HandleMyFile,text/html; charset=utf-8,false,200,0,0,0,0
21,https://handlemyfile.com/da/aendr-storrelse-pa-pdf,Ændre størrelse på PDF-sider - Skift PDF-sidestørrelse og -margener | HandleMyFile,text/html; charset=utf-8,false,200,0,0,0,0
21,https://handlemyfile.com/ro/reordona-i-paginile-pdf-prin-glisare-i-plasare,Reorder PDF Pages Drag and Drop Free | HandleMyFile,text/html; charset=utf-8,false,200,0,0,0,0
21,https://handlemyfile.com/it/pdf-ocr,OCR browser gratuito: estrae testo da PDF e immagini scansionati | HandleMyFile,text/html; charset=utf-8,false,200,0,0,0,0
21,https://handlemyfile.com/zh/wen-zi-shi-bie-pdf,免费浏览器 OCR - 从扫描的 PDF 和图像中提取文本 | HandleMyFile,text/html; charset=utf-8,false,200,0,0,0,0
21,https://handlemyfile.com/fi/jarjesta-pdf,Järjestä PDF Online - Lisää sivuja PDF-tiedostoon paikallisesti | HandleMyFile,text/html; charset=utf-8,false,200,0,0,0,0
21,https://handlemyfile.com/cs/odebrat-stranky,Odebrat stránky PDF online – odstranit stránky z PDF lokálně | HandleMyFile,text/html; charset=utf-8,false,200,0,0,0,0
21,https://handlemyfile.com/ms/buka-kunci-pdf,Buka kunci PDF Dalam Talian - Alih Keluar Kata Laluan PDF Secara Setempat | HandleMyFile,text/html; charset=utf-8,false,200,0,0,0,0
21,https://handlemyfile.com/tr/pdf-den-goruntuye,PDF'yi Çevrimiçi Olarak JPG/PNG Görüntülerine Dönüştürün - Sayfaları ZIP'e Çıkarın | HandleMyFile,text/html; charset=utf-8,false,200,0,0,0,0
21,https://handlemyfile.com/pl/pdf-ocr,Darmowy OCR w przeglądarce — wyodrębnij tekst ze zeskanowanych plików PDF i obrazów | HandleMyFile,text/html; charset=utf-8,false,200,0,0,0,0
21,https://handlemyfile.com/hi/saain-piiddiieph,पीडीएफ पर ऑनलाइन हस्ताक्षर करें - पीडीएफ में इलेक्ट्रॉनिक हस्ताक्षर जोड़ें | HandleMyFile,text/html; charset=utf-8,false,200,0,0,0,0
21,https://handlemyfile.com/el/klimaka-toy-gkri-pdf,Μετατροπή PDF σε κλίμακα του γκρι - Ασπρόμαυρο PDF Online | HandleMyFile,text/html; charset=utf-8,false,200,0,0,0,0
21,https://handlemyfile.com/de/pdf-umkehren,PDF-Seiten umkehren – PDF-Seitenreihenfolge rückwärts ändern | HandleMyFile,text/html; charset=utf-8,false,200,0,0,0,0
21,https://handlemyfile.com/el/allagi-megethoys-pdf,Αλλαγή μεγέθους σελίδων PDF - Αλλαγή μεγέθους σελίδας PDF και περιθωρίων | HandleMyFile,text/html; charset=utf-8,false,200,0,0,0,0
21,https://handlemyfile.com/pdf-to-ppt,Free PDF to PowerPoint Converter (.pptx) - Zero Uploads | HandleMyFile,text/html; charset=utf-8,false,200,0,0,0,0
21,https://handlemyfile.com/th/lngchuue-pdf,ลงนาม PDF ออนไลน์ - เพิ่มลายเซ็นอิเล็กทรอนิกส์ลงใน PDF | HandleMyFile,text/html; charset=utf-8,false,200,0,0,0,0
21,https://handlemyfile.com/fr/r-duire-la-taille-du-pdf-hors-ligne,Reduce PDF Size Offline | HandleMyFile,text/html; charset=utf-8,false,200,0,0,0,0
21,https://handlemyfile.com/pt/redimensionar-pdf,Redimensionar páginas PDF - Alterar tamanho e margens da página PDF | HandleMyFile,text/html; charset=utf-8,false,200,0,0,0,0
21,https://handlemyfile.com/ja/csv-kara-excel,無料の CSV から Excel コンバーター (.xlsx) - インスタント ブラウザ エンジン | HandleMyFile,text/html; charset=utf-8,false,200,0,0,0,0
21,https://handlemyfile.com/zh/fen-ge-pdf,在线拆分 PDF - 单独提取页面 |客户端隐私 | HandleMyFile,text/html; charset=utf-8,false,200,0,0,0,0
21,https://handlemyfile.com/ja/excel-kara-pdf,オンラインで Excel を PDF に変換 - XLSX および XLS をローカルで PDF に | HandleMyFile,text/html; charset=utf-8,false,200,0,0,0,0
21,https://handlemyfile.com/ko/imijireul-pdfro,온라인에서 JPG 및 PNG를 PDF로 변환 - 이미지를 로컬에서 PDF로 변환 | HandleMyFile,text/html; charset=utf-8,false,200,0,0,0,0
21,https://handlemyfile.com/ja/reduce-pdf-size-offline,Reduce PDF Size Offline | HandleMyFile,text/html; charset=utf-8,false,200,0,0,0,0
21,https://handlemyfile.com/zh/txt-zhuan-pdf,在线将 TXT 转换为 PDF - 纯文本到 PDF 文档 | HandleMyFile,text/html; charset=utf-8,false,200,0,0,0,0
21,https://handlemyfile.com/no/sammenlign-pdf,Sammenlign PDF - Finn forskjeller mellom to PDF-er | HandleMyFile,text/html; charset=utf-8,false,200,0,0,0,0
21,https://handlemyfile.com/watermark-pdf,Add Watermark to PDF - Stamp Custom Text or Image Locally | HandleMyFile,text/html; charset=utf-8,false,200,0,0,0,0
21,https://handlemyfile.com/da/fjern-sider,Fjern PDF-sider online - Slet sider fra PDF lokalt | HandleMyFile,text/html; charset=utf-8,false,200,0,0,0,0
21,https://handlemyfile.com/th/epriiybethiiyb-pdf,เปรียบเทียบ PDF - ค้นหาความแตกต่างระหว่างสอง PDF | HandleMyFile,text/html; charset=utf-8,false,200,0,0,0,0
21,https://handlemyfile.com/ms/lindungi-pdf,Lindungi PDF Dalam Talian - Kata Laluan Lindungi PDF Setempat | HandleMyFile,text/html; charset=utf-8,false,200,0,0,0,0
21,https://handlemyfile.com/ro/protejati-pdf,Protejați PDF online - Protejați PDF cu parolă local | HandleMyFile,text/html; charset=utf-8,false,200,0,0,0,0
21,https://handlemyfile.com/da/komprimer-pdf,Komprimer PDF online - Reducer filstørrelsen med 60-90 % lokalt | HandleMyFile,text/html; charset=utf-8,false,200,0,0,0,0
21,https://handlemyfile.com/el/ppt-se-pdf,Μετατροπή PowerPoint σε PDF - Διαφάνειες PPTX σε PDF Τοπικά | HandleMyFile,text/html; charset=utf-8,false,200,0,0,0,0
21,https://handlemyfile.com/ro/excel-in-csv,Convertor gratuit Excel în CSV (.xlsx în .csv) - Încărcări zero | HandleMyFile,text/html; charset=utf-8,false,200,0,0,0,0
21,https://handlemyfile.com/pt/excel-para-pdf,Converta Excel para PDF Online - XLSX e XLS para PDF localmente | HandleMyFile,text/html; charset=utf-8,false,200,0,0,0,0
21,https://handlemyfile.com/da/txt-til-pdf,Konverter TXT til PDF online - almindelig tekst til PDF-dokument | HandleMyFile,text/html; charset=utf-8,false,200,0,0,0,0
21,https://handlemyfile.com/ar/laalm-lmy-y-pdf,إضافة علامة مائية إلى PDF - ختم النص أو الصورة المخصصة محليًا | HandleMyFile,text/html; charset=utf-8,false,200,0,0,0,0
21,https://handlemyfile.com/de/ocr-pdf,Kostenlose Browser-OCR – Text aus gescannten PDFs und Bildern extrahieren | HandleMyFile,text/html; charset=utf-8,false,200,0,0,0,0
21,https://handlemyfile.com/uk/reorder-pdf-pages-drag-and-drop,Reorder PDF Pages Drag and Drop Free | HandleMyFile,text/html; charset=utf-8,false,200,0,0,0,0
21,https://handlemyfile.com/it/ridimensiona-pdf,Ridimensiona le pagine PDF: modifica le dimensioni e i margini della pagina PDF | HandleMyFile,text/html; charset=utf-8,false,200,0,0,0,0
21,https://handlemyfile.com/fi/jaa-pdf,Split PDF Online - Pura sivut erikseen | Asiakaspuolen tietosuoja | HandleMyFile,text/html; charset=utf-8,false,200,0,0,0,0
21,https://handlemyfile.com/el/reorder-pdf-pages-drag-and-drop,Reorder PDF Pages Drag and Drop Free | HandleMyFile,text/html; charset=utf-8,false,200,0,0,0,0
21,https://handlemyfile.com/th/p-ngkan-pdf,ป้องกัน PDF ออนไลน์ - รหัสผ่านป้องกัน PDF ในเครื่อง | HandleMyFile,text/html; charset=utf-8,false,200,0,0,0,0
21,https://handlemyfile.com/ja/ppt-kara-pdf,PowerPoint を PDF に変換 - PPTX スライドをローカルで PDF に | HandleMyFile,text/html; charset=utf-8,false,200,0,0,0,0
21,https://handlemyfile.com/no/fjern-sider,Fjern PDF-sider på nettet - Slett sider fra PDF lokalt | HandleMyFile,text/html; charset=utf-8,false,200,0,0,0,0
21,https://handlemyfile.com/el/sarosi-se-pdf,Σάρωση σε PDF - Κάντε το PDF μη επεξεργάσιμο & Rasterize Online | HandleMyFile,text/html; charset=utf-8,false,200,0,0,0,0
21,https://handlemyfile.com/pl/zmien-rozmiar-pliku-pdf,Zmień rozmiar stron PDF — zmień rozmiar i marginesy strony PDF | HandleMyFile,text/html; charset=utf-8,false,200,0,0,0,0
21,https://handlemyfile.com/it/sblocca-pdf,Sblocca PDF online - Rimuovi la password PDF localmente | HandleMyFile,text/html; charset=utf-8,false,200,0,0,0,0
21,https://handlemyfile.com/ar/pdf-word,Free PDF to Word Converter (.docx) Without Losing Formatting | HandleMyFile,text/html; charset=utf-8,false,200,0,0,0,0
21,https://handlemyfile.com/ru/izvlech-izobrazheniya,Извлечение изображений из PDF — сохранение всех изображений из PDF | HandleMyFile,text/html; charset=utf-8,false,200,0,0,0,0
21,https://handlemyfile.com/vi/mo-khoa-pdf,Mở khóa PDF trực tuyến - Xóa mật khẩu PDF cục bộ | HandleMyFile,text/html; charset=utf-8,false,200,0,0,0,0
21,https://handlemyfile.com/he/rykt-pdf,עריכת PDF - הסרה מאובטחת של טקסט ותמונות | HandleMyFile,text/html; charset=utf-8,false,200,0,0,0,0
21,https://handlemyfile.com/es/dividir-pdf,Dividir PDF en línea: extraer páginas por separado | Privacidad del lado del cliente | HandleMyFile,text/html; charset=utf-8,false,200,0,0,0,0
21,https://handlemyfile.com/ja/remove-pdf-password-without-password,Remove PDF Password Without Password | HandleMyFile,text/html; charset=utf-8,false,200,0,0,0,0
21,https://handlemyfile.com/edit-pdf,Free Online PDF Editor - Add Text & Images Locally | Zero Upload | HandleMyFile,text/html; charset=utf-8,false,200,0,0,0,0
21,https://handlemyfile.com/ro/deblocati-pdf,Deblocați PDF online - Eliminați parola PDF local | HandleMyFile,text/html; charset=utf-8,false,200,0,0,0,0
21,https://handlemyfile.com/es/texto-a-pdf,Convierta TXT a PDF en línea: texto sin formato a documento PDF | HandleMyFile,text/html; charset=utf-8,false,200,0,0,0,0
21,https://handlemyfile.com/vi/quet-sang-pdf,Quét sang PDF - Tạo PDF không thể chỉnh sửa & Rasterize trực tuyến | HandleMyFile,text/html; charset=utf-8,false,200,0,0,0,0
21,https://handlemyfile.com/tr/pdf-yi-bol,PDF'yi Çevrimiçi Böl - Sayfaları Ayrı Ayrı Çıkart | İstemci Tarafı Gizliliği | HandleMyFile,text/html; charset=utf-8,false,200,0,0,0,0
21,https://handlemyfile.com/ms/pdf-songsang,Songsang Halaman PDF - Tukar Susunan Halaman PDF ke Belakang | HandleMyFile,text/html; charset=utf-8,false,200,0,0,0,0
21,https://handlemyfile.com/fr/excel-vers-csv,Convertisseur gratuit Excel en CSV (.xlsx en .csv) - Zéro téléchargements | HandleMyFile,text/html; charset=utf-8,false,200,0,0,0,0
21,https://handlemyfile.com/ar/tnqyh-pdf,تنقيح PDF - تعتيم النصوص والصور بشكل آمن | HandleMyFile,text/html; charset=utf-8,false,200,0,0,0,0
21,https://handlemyfile.com/ms/putar-pdf,Putar Halaman PDF Dalam Talian - Putar PDF 90/180/270 Darjah Secara Tempatan | HandleMyFile,text/html; charset=utf-8,false,200,0,0,0,0
21,https://handlemyfile.com/hu/pdf-to-image,PDF konvertálása JPG/PNG képek formátumba online - Oldalak kibontása ZIP formátumba | HandleMyFile,text/html; charset=utf-8,false,200,0,0,0,0
21,https://handlemyfile.com/ar/rqm-lsfht,إضافة أرقام الصفحات إلى PDF - رأس وتذييل مخصصان محليًا | HandleMyFile,text/html; charset=utf-8,false,200,0,0,0,0
21,https://handlemyfile.com/hu/ocr-pdf,Ingyenes böngésző OCR - Szöveg kivonat a beolvasott PDF-ből és képekből | HandleMyFile,text/html; charset=utf-8,false,200,0,0,0,0
21,https://handlemyfile.com/ms/imej-ke-pdf,Tukar JPG & PNG kepada PDF Dalam Talian - Imej kepada PDF Setempat | HandleMyFile,text/html; charset=utf-8,false,200,0,0,0,0
21,https://handlemyfile.com/ro/split-pdf,Split PDF Online - Extrage pagini separat | Confidențialitate la nivelul clientului | HandleMyFile,text/html; charset=utf-8,false,200,0,0,0,0
21,https://handlemyfile.com/es/comparar-pdf,Comparar PDF: encuentre diferencias entre dos archivos PDF | HandleMyFile,text/html; charset=utf-8,false,200,0,0,0,0
21,https://handlemyfile.com/he/mspry-mvdym,הוסף מספרי עמודים ל-PDF - כותרת עליונה ותחתונה מותאמות אישית באופן מקומי | HandleMyFile,text/html; charset=utf-8,false,200,0,0,0,0
21,https://handlemyfile.com/hi/piipiittii-se-piiddiieph,पावरपॉइंट को पीडीएफ में बदलें - पीपीटीएक्स स्लाइड्स को स्थानीय स्तर पर पीडीएफ में बदलें | HandleMyFile,text/html; charset=utf-8,false,200,0,0,0,0
21,https://handlemyfile.com/nl/paginanummers,Paginanummers toevoegen aan PDF - Aangepaste kop- en voettekst lokaal | HandleMyFile,text/html; charset=utf-8,false,200,0,0,0,0
21,https://handlemyfile.com/resize-pdf,Resize PDF Pages - Change PDF Page Size and Margins | HandleMyFile,text/html; charset=utf-8,false,200,0,0,0,0
21,https://handlemyfile.com/hu/image-to-pdf,JPG és PNG konvertálása PDF formátumba online - Képek helyileg PDF formátumba | HandleMyFile,text/html; charset=utf-8,false,200,0,0,0,0
21,https://handlemyfile.com/uk/ocr-pdf,Безкоштовне оптичне розпізнавання символів у веб-переглядачі – вилучення тексту зі сканованих PDF-файлів і зображень | HandleMyFile,text/html; charset=utf-8,false,200,0,0,0,0
21,https://handlemyfile.com/da/las-pdf-op,Lås PDF online op - Fjern PDF-adgangskode lokalt | HandleMyFile,text/html; charset=utf-8,false,200,0,0,0,0
21,https://handlemyfile.com/uk/porivnyati-pdf,Порівняти PDF - знайти відмінності між двома PDF-файлами | HandleMyFile,text/html; charset=utf-8,false,200,0,0,0,0
21,https://handlemyfile.com/cs/cisla-stranek,Přidat čísla stránek do PDF – vlastní záhlaví a zápatí lokálně | HandleMyFile,text/html; charset=utf-8,false,200,0,0,0,0
21,https://handlemyfile.com/id/tanda-air-pdf,Tambahkan Tanda Air ke PDF - Stempel Teks atau Gambar Khusus Secara Lokal | HandleMyFile,text/html; charset=utf-8,false,200,0,0,0,0
21,https://handlemyfile.com/cs/komprimovat-pdf,Komprimujte PDF online – zmenšete velikost souboru o 60–90 % lokálně | HandleMyFile,text/html; charset=utf-8,false,200,0,0,0,0
21,https://handlemyfile.com/fr/filigrane-pdf,Ajouter un filigrane au PDF - Tamponner un texte ou une image personnalisé localement | HandleMyFile,text/html; charset=utf-8,false,200,0,0,0,0
21,https://handlemyfile.com/id/memindai-pdf-ke-teks-ocr,Konversi PDF Hasil Scan ke Teks Online (OCR Gratis) | HandleMyFile,text/html; charset=utf-8,false,200,0,0,0,0
21,https://handlemyfile.com/sv/redigera-pdf,Redagera PDF - Säker mörkläggning av text och bilder | HandleMyFile,text/html; charset=utf-8,false,200,0,0,0,0
21,https://handlemyfile.com/fr/supprimer-des-pages,Supprimer des pages PDF en ligne - Supprimer des pages d'un PDF localement | HandleMyFile,text/html; charset=utf-8,false,200,0,0,0,0
21,https://handlemyfile.com/uk/pdf-v-zobrazhennya,Перетворюйте зображення PDF у JPG/PNG онлайн – видобувайте сторінки в ZIP | HandleMyFile,text/html; charset=utf-8,false,200,0,0,0,0
21,https://handlemyfile.com/sk/extrahovat-obrazky,Extrahovať obrázky z PDF - Uložiť všetky obrázky z PDF | HandleMyFile,text/html; charset=utf-8,false,200,0,0,0,0
21,https://handlemyfile.com/id/ppt-ke-pdf,Konversi PowerPoint ke PDF - Slide PPTX ke PDF Secara Lokal | HandleMyFile,text/html; charset=utf-8,false,200,0,0,0,0
21,https://handlemyfile.com/uk/pdf-v-ppt,Безкоштовний конвертер PDF у PowerPoint (.pptx) – нульове завантаження | HandleMyFile,text/html; charset=utf-8,false,200,0,0,0,0
21,https://handlemyfile.com/hu/pdf-alairasa,PDF aláírása online – Elektronikus aláírás hozzáadása a PDF-hez | HandleMyFile,text/html; charset=utf-8,false,200,0,0,0,0
21,https://handlemyfile.com/hu/remove-metadata,PDF-metaadatok eltávolítása – Tulajdonságok fertőtlenítése online | HandleMyFile,text/html; charset=utf-8,false,200,0,0,0,0
21,https://handlemyfile.com/hi/txt-se-piiddiieph,TXT को ऑनलाइन पीडीएफ में बदलें - सादा पाठ को पीडीएफ दस्तावेज़ में | HandleMyFile,text/html; charset=utf-8,false,200,0,0,0,0
21,https://handlemyfile.com/ru/pdf-word,Free PDF to Word Converter (.docx) Without Losing Formatting | HandleMyFile,text/html; charset=utf-8,false,200,0,0,0,0
21,https://handlemyfile.com/ms/susun-semula-halaman-pdf-seret-dan-lepas,Reorder PDF Pages Drag and Drop Free | HandleMyFile,text/html; charset=utf-8,false,200,0,0,0,0
21,https://handlemyfile.com/es/excel-a-csv,Convertidor gratuito de Excel a CSV (.xlsx a .csv): cero cargas | HandleMyFile,text/html; charset=utf-8,false,200,0,0,0,0
21,https://handlemyfile.com/cs/skenovani-do-pdf,Skenování do PDF – Udělejte PDF neupravitelným a rastrujte online | HandleMyFile,text/html; charset=utf-8,false,200,0,0,0,0
21,https://handlemyfile.com/es/eliminar-paginas,Eliminar páginas PDF en línea: eliminar páginas de PDF localmente | HandleMyFile,text/html; charset=utf-8,false,200,0,0,0,0
21,https://handlemyfile.com/th/pdf-radabsiiethaa,แปลง PDF เป็นโทนสีเทา - PDF ขาวดำออนไลน์ | HandleMyFile,text/html; charset=utf-8,false,200,0,0,0,0
21,https://handlemyfile.com/sv/pdf-till-ppt,Gratis PDF till PowerPoint Converter (.pptx) - Noll uppladdningar | HandleMyFile,text/html; charset=utf-8,false,200,0,0,0,0
21,https://handlemyfile.com/ms/alih-keluar-halaman,Alih Keluar Halaman PDF Dalam Talian - Padam Halaman daripada PDF Setempat | HandleMyFile,text/html; charset=utf-8,false,200,0,0,0,0
21,https://handlemyfile.com/ru/txt-v-pdf,Конвертировать TXT в PDF онлайн — обычный текст в PDF-документ | HandleMyFile,text/html; charset=utf-8,false,200,0,0,0,0
21,https://handlemyfile.com/ar/ltaarf-ldwy-y-aal~-lhrwf-pdf,متصفح مجاني للتعرف الضوئي على الحروف - استخراج النص من ملفات PDF والصور الممسوحة ضوئيًا | HandleMyFile,text/html; charset=utf-8,false,200,0,0,0,0
21,https://handlemyfile.com/sk/zmenit-velkost-pdf,Zmeniť veľkosť strán PDF – Zmeniť veľkosť a okraje stránky PDF | HandleMyFile,text/html; charset=utf-8,false,200,0,0,0,0
21,https://handlemyfile.com/fr/ppt-en-pdf,Convertir PowerPoint en PDF - Diapositives PPTX en PDF localement | HandleMyFile,text/html; charset=utf-8,false,200,0,0,0,0
21,https://handlemyfile.com/ro/filigran-pdf,Adăugați filigran la PDF - ștampilați local text sau imagine personalizat | HandleMyFile,text/html; charset=utf-8,false,200,0,0,0,0
21,https://handlemyfile.com/el/sygkrisi-pdf,Συγκρίνετε PDF - Βρείτε τις διαφορές μεταξύ δύο αρχείων PDF | HandleMyFile,text/html; charset=utf-8,false,200,0,0,0,0
21,https://handlemyfile.com/it/excel-in-csv,Convertitore gratuito da Excel a CSV (da .xlsx a .csv) - Caricamenti zero | HandleMyFile,text/html; charset=utf-8,false,200,0,0,0,0
21,https://handlemyfile.com/hu/a-pdf-m-ret-nek-cs-kkent-se-offline-m-dban,Reduce PDF Size Offline | HandleMyFile,text/html; charset=utf-8,false,200,0,0,0,0
21,https://handlemyfile.com/it/ritaglia-pdf,Ritaglia PDF online: rimuovi i margini dal PDF localmente | HandleMyFile,text/html; charset=utf-8,false,200,0,0,0,0
21,https://handlemyfile.com/hi/siiesvii-se-eksel,निःशुल्क सीएसवी से एक्सेल कन्वर्टर (.xlsx) - त्वरित ब्राउज़र इंजन | HandleMyFile,text/html; charset=utf-8,false,200,0,0,0,0
21,https://handlemyfile.com/el/ypografi-pdf,Υπογραφή PDF Online - Προσθήκη Ηλεκτρονικής Υπογραφής σε PDF | HandleMyFile,text/html; charset=utf-8,false,200,0,0,0,0
21,https://handlemyfile.com/ja/pdf-suminuri,PDF を墨消し - テキストと画像を安全に黒く塗りつぶします | HandleMyFile,text/html; charset=utf-8,false,200,0,0,0,0
21,https://handlemyfile.com/pl/kompresuj-pdf,Kompresuj pliki PDF online — zmniejsz rozmiar pliku lokalnie o 60–90% | HandleMyFile,text/html; charset=utf-8,false,200,0,0,0,0
21,https://handlemyfile.com/vi/thay-doi-kich-thuoc-pdf,Thay đổi kích thước trang PDF - Thay đổi kích thước và lề trang PDF | HandleMyFile,text/html; charset=utf-8,false,200,0,0,0,0
21,https://handlemyfile.com/ms/excel-kepada-pdf,Tukar Excel kepada PDF Dalam Talian - XLSX & XLS kepada PDF Setempat | HandleMyFile,text/html; charset=utf-8,false,200,0,0,0,0
21,https://handlemyfile.com/th/scanned-pdf-to-text-ocr,Convert Scanned PDF to Text | HandleMyFile,text/html; charset=utf-8,false,200,0,0,0,0
21,https://handlemyfile.com/pt/desbloquear-pdf,Desbloqueie PDF Online - Remova a senha do PDF localmente | HandleMyFile,text/html; charset=utf-8,false,200,0,0,0,0
21,https://handlemyfile.com/fi/pdf-wordiksi-menett-m-tt-muotoilua,Free PDF to Word Converter (.docx) Without Losing Formatting | HandleMyFile,text/html; charset=utf-8,false,200,0,0,0,0
21,https://handlemyfile.com/no/fjern-pdf-passord-uten-passord,Remove PDF Password Without Password | HandleMyFile,text/html; charset=utf-8,false,200,0,0,0,0
21,https://handlemyfile.com/he/pytsvl-pdf,פיצול PDF באינטרנט - חלץ דפים בנפרד | פרטיות בצד הלקוח | HandleMyFile,text/html; charset=utf-8,false,200,0,0,0,0
21,https://handlemyfile.com/ms/ocr-pdf,OCR Pelayar Percuma - Ekstrak Teks daripada PDF & Imej Diimbas | HandleMyFile,text/html; charset=utf-8,false,200,0,0,0,0
21,https://handlemyfile.com/cs/zmen-it-velikost-pdf-offline,Reduce PDF Size Offline | HandleMyFile,text/html; charset=utf-8,false,200,0,0,0,0
21,https://handlemyfile.com/de/pdf-vergleichen,PDF vergleichen - Unterschiede zwischen zwei PDFs finden | HandleMyFile,text/html; charset=utf-8,false,200,0,0,0,0
21,https://handlemyfile.com/sv/bild-till-pdf,Konvertera JPG & PNG till PDF Online - Bilder till PDF lokalt | HandleMyFile,text/html; charset=utf-8,false,200,0,0,0,0
21,https://handlemyfile.com/tr/sayfa-numaralari,PDF'ye Sayfa Numaraları Ekleme - Yerel Olarak Özel Üstbilgi ve Altbilgi | HandleMyFile,text/html; charset=utf-8,false,200,0,0,0,0
21,https://handlemyfile.com/da/vandmaerke-pdf,Føj vandmærke til PDF - Stempel tilpasset tekst eller billede lokalt | HandleMyFile,text/html; charset=utf-8,false,200,0,0,0,0
21,https://handlemyfile.com/pt/proteger-pdf,Proteja PDF Online - Proteja PDF com Senha Localmente | HandleMyFile,text/html; charset=utf-8,false,200,0,0,0,0
21,https://handlemyfile.com/no/txt-til-pdf,Konverter TXT til PDF Online - Ren tekst til PDF-dokument | HandleMyFile,text/html; charset=utf-8,false,200,0,0,0,0
21,https://handlemyfile.com/el/txt-se-pdf,Μετατροπή TXT σε PDF Online - Απλό κείμενο σε έγγραφο PDF | HandleMyFile,text/html; charset=utf-8,false,200,0,0,0,0
21,https://handlemyfile.com/zh/jie-suo-pdf,在线解锁 PDF - 本地删除 PDF 密码 | HandleMyFile,text/html; charset=utf-8,false,200,0,0,0,0
21,https://handlemyfile.com/cs/ppt-do-pdf,Převést PowerPoint do PDF - PPTX Slides to PDF lokálně | HandleMyFile,text/html; charset=utf-8,false,200,0,0,0,0
21,https://handlemyfile.com/uk/rozdiliti-pdf,Розділіть PDF онлайн - витягніть сторінки окремо | Конфіденційність на стороні клієнта | HandleMyFile,text/html; charset=utf-8,false,200,0,0,0,0
21,https://handlemyfile.com/ar/qs-mlf-pdf,قص ملف PDF عبر الإنترنت - إزالة الهوامش من ملف PDF محليًا | HandleMyFile,text/html; charset=utf-8,false,200,0,0,0,0
21,https://handlemyfile.com/nl/ocr-pdf,Gratis browser-OCR - Tekst extraheren uit gescande PDF's en afbeeldingen | HandleMyFile,text/html; charset=utf-8,false,200,0,0,0,0
21,https://handlemyfile.com/pl/podziel-plik-pdf,Podziel plik PDF online — wyodrębnij strony osobno | Prywatność po stronie klienta | HandleMyFile,text/html; charset=utf-8,false,200,0,0,0,0
21,https://handlemyfile.com/tr/meta-verileri-kaldir,PDF Meta Verilerini Kaldır - Özellikleri Çevrimiçi Temizleme | HandleMyFile,text/html; charset=utf-8,false,200,0,0,0,0
21,https://handlemyfile.com/sk/ocr-pdf,Bezplatný prehliadač OCR – extrahovanie textu z naskenovaného PDF a obrázkov | HandleMyFile,text/html; charset=utf-8,false,200,0,0,0,0
21,https://handlemyfile.com/no/signer-pdf,Signer PDF Online - Legg til elektronisk signatur til PDF | HandleMyFile,text/html; charset=utf-8,false,200,0,0,0,0
21,https://handlemyfile.com/uk/zvorotniy-pdf,Перевернути сторінки PDF - змінити порядок сторінок PDF у зворотному порядку | HandleMyFile,text/html; charset=utf-8,false,200,0,0,0,0
21,https://handlemyfile.com/da/excel-til-pdf,Konverter Excel til PDF online - XLSX & XLS til PDF lokalt | HandleMyFile,text/html; charset=utf-8,false,200,0,0,0,0
21,https://handlemyfile.com/de/gescanntes-pdf-in-text-ocr,Convert Scanned PDF to Text | HandleMyFile,text/html; charset=utf-8,false,200,0,0,0,0
21,https://handlemyfile.com/pt/comparar-pdf,Compare PDF - Encontre diferenças entre dois PDFs | HandleMyFile,text/html; charset=utf-8,false,200,0,0,0,0
21,https://handlemyfile.com/el/antistrofi-pdf,Αντιστροφή σελίδων PDF - Αλλαγή σειράς σελίδων PDF προς τα πίσω | HandleMyFile,text/html; charset=utf-8,false,200,0,0,0,0
21,https://handlemyfile.com/ru/nomera-stranic,Добавление номеров страниц в PDF — локальный верхний и нижний колонтитулы | HandleMyFile,text/html; charset=utf-8,false,200,0,0,0,0
21,https://handlemyfile.com/he/srvq-l-pdf,סרוק ל-PDF - הפוך את PDF לבלתי ניתן לעריכה ורסטר באינטרנט | HandleMyFile,text/html; charset=utf-8,false,200,0,0,0,0
21,https://handlemyfile.com/th/pdf-epn-ppt,ฟรี PDF to PowerPoint Converter (.pptx) - การอัพโหลดเป็นศูนย์ | HandleMyFile,text/html; charset=utf-8,false,200,0,0,0,0
21,https://handlemyfile.com/it/rimuovi-pagine,Rimuovi pagine PDF online - Elimina pagine da PDF localmente | HandleMyFile,text/html; charset=utf-8,false,200,0,0,0,0
21,https://handlemyfile.com/ms/diimbas-pdf-ke-teks-ocr,Convert Scanned PDF to Text | HandleMyFile,text/html; charset=utf-8,false,200,0,0,0,0
21,https://handlemyfile.com/ar/tnzym-qwt-ldfaa-lshaaby,تنظيم PDF عبر الإنترنت - إدراج الصفحات في PDF محليًا | HandleMyFile,text/html; charset=utf-8,false,200,0,0,0,0
21,https://handlemyfile.com/ja/pdf-kaiten,オンラインで PDF ページを回転 - PDF をローカルで 90/180/270 度回転 | HandleMyFile,text/html; charset=utf-8,false,200,0,0,0,0
21,https://handlemyfile.com/hi/reduce-pdf-size-offline,Reduce PDF Size Offline | HandleMyFile,text/html; charset=utf-8,false,200,0,0,0,0
21,https://handlemyfile.com/th/prabkhnaad-pdf,ปรับขนาดหน้า PDF - เปลี่ยนขนาดหน้า PDF และระยะขอบ | HandleMyFile,text/html; charset=utf-8,false,200,0,0,0,0
21,https://handlemyfile.com/ar/ppt-l~-pdf,تحويل PowerPoint إلى PDF - شرائح PPTX إلى PDF محليًا | HandleMyFile,text/html; charset=utf-8,false,200,0,0,0,0
21,https://handlemyfile.com/ar/tdrj-lrmdy-pdf,تحويل ملف PDF إلى تدرج الرمادي - ملف PDF بالأبيض والأسود عبر الإنترنت | HandleMyFile,text/html; charset=utf-8,false,200,0,0,0,0
21,https://handlemyfile.com/vi/dao-nguoc-pdf,Đảo ngược các trang PDF - Thay đổi thứ tự trang PDF ngược | HandleMyFile,text/html; charset=utf-8,false,200,0,0,0,0
21,https://handlemyfile.com/vi/gi-m-k-ch-th-c-pdf-ngo-i-tuy-n,Reduce PDF Size Offline | HandleMyFile,text/html; charset=utf-8,false,200,0,0,0,0
21,https://handlemyfile.com/ja/gazo-kara-pdf,オンラインで JPG および PNG を PDF に変換 - 画像をローカルで PDF に | HandleMyFile,text/html; charset=utf-8,false,200,0,0,0,0
21,https://handlemyfile.com/ja/pdf-hanten,PDF ページを反転 - PDF ページの順序を逆に変更します | HandleMyFile,text/html; charset=utf-8,false,200,0,0,0,0
21,https://handlemyfile.com/tr/pdf-sayfalar-n-s-r-kleyip-b-rakarak-yeniden-s-ralama,Reorder PDF Pages Drag and Drop Free | HandleMyFile,text/html; charset=utf-8,false,200,0,0,0,0
21,https://handlemyfile.com/pl/odblokuj-pdf,Odblokuj plik PDF online — usuń hasło z pliku PDF lokalnie | HandleMyFile,text/html; charset=utf-8,false,200,0,0,0,0
21,https://handlemyfile.com/he/svbb-pdf,סובב דפי PDF באינטרנט - הפוך את PDF ל-90/180/270 מעלות באופן מקומי | HandleMyFile,text/html; charset=utf-8,false,200,0,0,0,0
21,https://handlemyfile.com/tr/bi-imlendirmeyi-kaybetmeden-pdf-yi-word-e-d-n-t-rme,Free PDF to Word Converter (.docx) Without Losing Formatting | HandleMyFile,text/html; charset=utf-8,false,200,0,0,0,0
21,https://handlemyfile.com/ms/mengurangkan-saiz-pdf-di-luar-talian,Reduce PDF Size Offline | HandleMyFile,text/html; charset=utf-8,false,200,0,0,0,0
21,https://handlemyfile.com/hi/piiddiieph-ko-surkssit-rkhen,पीडीएफ को ऑनलाइन सुरक्षित रखें - पासवर्ड पीडीएफ को स्थानीय रूप से सुरक्षित रखें | HandleMyFile,text/html; charset=utf-8,false,200,0,0,0,0
21,https://handlemyfile.com/tr/gri-tonlamali-pdf,PDF'yi Gri Tonlamaya Dönüştürme - Çevrimiçi Siyah Beyaz PDF | HandleMyFile,text/html; charset=utf-8,false,200,0,0,0,0
21,https://handlemyfile.com/he/excel-l-pdf,המר את Excel ל-PDF באינטרנט - XLSX ו-XLS ל-PDF באופן מקומי | HandleMyFile,text/html; charset=utf-8,false,200,0,0,0,0
21,https://handlemyfile.com/da/signer-pdf,Signer PDF online - Føj elektronisk signatur til PDF | HandleMyFile,text/html; charset=utf-8,false,200,0,0,0,0
21,https://handlemyfile.com/pl/pdf-na-s-owo-bez-utraty-formatowania,Free PDF to Word Converter (.docx) Without Losing Formatting | HandleMyFile,text/html; charset=utf-8,false,200,0,0,0,0
21,https://handlemyfile.com/sk/skenovanie-do-pdf,Skenovanie do PDF – urobte PDF neupraviteľným a rastrujte online | HandleMyFile,text/html; charset=utf-8,false,200,0,0,0,0
21,https://handlemyfile.com/sv/excel-till-csv,Gratis Excel till CSV-konverterare (.xlsx till .csv) - Noll uppladdningar | HandleMyFile,text/html; charset=utf-8,false,200,0,0,0,0
21,https://handlemyfile.com/hi/remove-pdf-password-without-password,Remove PDF Password Without Password | HandleMyFile,text/html; charset=utf-8,false,200,0,0,0,0
21,https://handlemyfile.com/hi/chviyaan-nikaalen,पीडीएफ से छवियाँ निकालें - पीडीएफ से सभी चित्र सहेजें | HandleMyFile,text/html; charset=utf-8,false,200,0,0,0,0
21,https://handlemyfile.com/el/sympiesi-pdf,Συμπίεση PDF Online - Μειώστε το μέγεθος του αρχείου κατά 60-90% τοπικά | HandleMyFile,text/html; charset=utf-8,false,200,0,0,0,0
21,https://handlemyfile.com/fi/csv-sta-exceliin,Ilmainen CSV to Excel Converter (.xlsx) - Instant Browser Engine | HandleMyFile,text/html; charset=utf-8,false,200,0,0,0,0
21,https://handlemyfile.com/de/pdf-gr-e-offline-reduzieren,Reduce PDF Size Offline | HandleMyFile,text/html; charset=utf-8,false,200,0,0,0,0
21,https://handlemyfile.com/ko/pdf-jeongri,PDF를 온라인으로 구성 - 로컬에서 PDF에 페이지 삽입 | HandleMyFile,text/html; charset=utf-8,false,200,0,0,0,0
21,https://handlemyfile.com/hi/piiddiieph-kaatten,पीडीएफ को ऑनलाइन क्रॉप करें - स्थानीय रूप से पीडीएफ से मार्जिन हटाएं | HandleMyFile,text/html; charset=utf-8,false,200,0,0,0,0
21,https://handlemyfile.com/cs/upravit-pdf,Upravit PDF – Bezpečně zatemnit text a obrázky | HandleMyFile,text/html; charset=utf-8,false,200,0,0,0,0
21,https://handlemyfile.com/ocr-pdf,Free Browser OCR - Extract Text from Scanned PDF & Images | HandleMyFile,text/html; charset=utf-8,false,200,0,0,0,0
21,https://handlemyfile.com/zh/excel-dao-csv,免费 Excel 到 CSV 转换器（.xlsx 到 .csv）- 零上传 | HandleMyFile,text/html; charset=utf-8,false,200,0,0,0,0
21,https://handlemyfile.com/pl/organizuj-pdf,Organizuj pliki PDF online — wstawiaj strony do plików PDF lokalnie | HandleMyFile,text/html; charset=utf-8,false,200,0,0,0,0
21,https://handlemyfile.com/sk/podpisat-pdf,Podpísať PDF online – Pridať elektronický podpis do PDF | HandleMyFile,text/html; charset=utf-8,false,200,0,0,0,0
21,https://handlemyfile.com/ja/pdf-word,Free PDF to Word Converter (.docx) Without Losing Formatting | HandleMyFile,text/html; charset=utf-8,false,200,0,0,0,0
21,https://handlemyfile.com/ar/ksl-l~-csv,محول مجاني من Excel إلى CSV (.xlsx إلى .csv) - صفر تحميلات | HandleMyFile,text/html; charset=utf-8,false,200,0,0,0,0
21,https://handlemyfile.com/de/seitenzahlen,Seitenzahlen zu PDF hinzufügen – Lokale benutzerdefinierte Kopf- und Fußzeile | HandleMyFile,text/html; charset=utf-8,false,200,0,0,0,0
21,https://handlemyfile.com/ja/scanned-pdf-to-text-ocr,Convert Scanned PDF to Text | HandleMyFile,text/html; charset=utf-8,false,200,0,0,0,0
21,https://handlemyfile.com/el/exagogi-eikonon,Εξαγωγή εικόνων από PDF - Αποθήκευση όλων των εικόνων από PDF | HandleMyFile,text/html; charset=utf-8,false,200,0,0,0,0
21,https://handlemyfile.com/uk/povernuti-pdf,Повертайте PDF-сторінки в Інтернеті - локально повертайте PDF-файли на 90/180/270 градусів | HandleMyFile,text/html; charset=utf-8,false,200,0,0,0,0
21,https://handlemyfile.com/he/khlts-tmvnvt,חלץ תמונות מ-PDF - שמור את כל התמונות מ-PDF | HandleMyFile,text/html; charset=utf-8,false,200,0,0,0,0
21,https://handlemyfile.com/sk/ppt-do-pdf,Konvertovať PowerPoint do PDF – PPTX Slides to PDF lokálne | HandleMyFile,text/html; charset=utf-8,false,200,0,0,0,0
21,https://handlemyfile.com/nl/pdf-bijsnijden,PDF online bijsnijden - Marges lokaal uit PDF verwijderen | HandleMyFile,text/html; charset=utf-8,false,200,0,0,0,0
21,https://handlemyfile.com/hi/mettaaddettaa-httaaen,पीडीएफ मेटाडेटा हटाएं - संपत्तियों को ऑनलाइन सैनिटाइज करें | HandleMyFile,text/html; charset=utf-8,false,200,0,0,0,0
21,https://handlemyfile.com/nl/excel-naar-pdf,Converteer Excel online naar PDF - XLSX en XLS lokaal naar PDF | HandleMyFile,text/html; charset=utf-8,false,200,0,0,0,0
21,https://handlemyfile.com/no/pdf-til-ppt,Gratis PDF til PowerPoint Converter (.pptx) - Null opplastinger | HandleMyFile,text/html; charset=utf-8,false,200,0,0,0,0
21,https://handlemyfile.com/ms/pdf-ke-perkataan-tanpa-kehilangan-pemformatan,Free PDF to Word Converter (.docx) Without Losing Formatting | HandleMyFile,text/html; charset=utf-8,false,200,0,0,0,0
21,https://handlemyfile.com/reorder-pdf-pages-drag-and-drop,Reorder PDF Pages Drag and Drop Free | HandleMyFile,text/html; charset=utf-8,false,200,0,0,0,0
21,https://handlemyfile.com/csv-to-excel,Free CSV to Excel Converter (.xlsx) - Instant Browser Engine | HandleMyFile,text/html; charset=utf-8,false,200,0,0,0,0
21,https://handlemyfile.com/pl/podpisz-pdf,Podpisz PDF online — dodaj podpis elektroniczny do pliku PDF | HandleMyFile,text/html; charset=utf-8,false,200,0,0,0,0
21,https://handlemyfile.com/ms/ekstrak-imej,Ekstrak Imej daripada PDF - Simpan Semua Gambar daripada PDF | HandleMyFile,text/html; charset=utf-8,false,200,0,0,0,0
21,https://handlemyfile.com/ar/tgyyr-hjm-qwt-ldfaa-lshaaby,تغيير حجم صفحات PDF - تغيير حجم صفحة PDF والهوامش | HandleMyFile,text/html; charset=utf-8,false,200,0,0,0,0
21,https://handlemyfile.com/hu/vizjel-pdf,Vízjel hozzáadása a PDF-hez – Egyéni szöveg vagy kép bélyegzése helyileg | HandleMyFile,text/html; charset=utf-8,false,200,0,0,0,0
21,https://handlemyfile.com/compare-pdf,Compare PDF - Find Differences Between Two PDFs | HandleMyFile,text/html; charset=utf-8,false,200,0,0,0,0
21,https://handlemyfile.com/el/ocr-pdf,Δωρεάν OCR προγράμματος περιήγησης - Εξαγωγή κειμένου από σαρωμένο PDF & εικόνες | HandleMyFile,text/html; charset=utf-8,false,200,0,0,0,0
21,https://handlemyfile.com/pl/excel-do-pdf,Konwertuj program Excel do formatu PDF online — XLSX i XLS do formatu PDF lokalnie | HandleMyFile,text/html; charset=utf-8,false,200,0,0,0,0
21,https://handlemyfile.com/uk/scanned-pdf-to-text-ocr,Convert Scanned PDF to Text | HandleMyFile,text/html; charset=utf-8,false,200,0,0,0,0
21,https://handlemyfile.com/zh/cai-jian-pdf,在线裁剪 PDF - 本地删除 PDF 的边距 | HandleMyFile,text/html; charset=utf-8,false,200,0,0,0,0
21,https://handlemyfile.com/el/diorthosi-pdf,Redact PDF - Ασφαλής συσκότιση κειμένου και εικόνων | HandleMyFile,text/html; charset=utf-8,false,200,0,0,0,0
21,https://handlemyfile.com/ar/tdwyr-pdf,تدوير صفحات PDF عبر الإنترنت - تحويل PDF إلى 90/180/270 درجة محليًا | HandleMyFile,text/html; charset=utf-8,false,200,0,0,0,0
21,https://handlemyfile.com/nl/pdf-pagina-s-opnieuw-ordenen-slepen-en-neerzetten,Reorder PDF Pages Drag and Drop Free | HandleMyFile,text/html; charset=utf-8,false,200,0,0,0,0
21,https://handlemyfile.com/ja/peji-bango,PDF にページ番号を追加 - カスタム ヘッダーとフッターをローカルで | HandleMyFile,text/html; charset=utf-8,false,200,0,0,0,0
21,https://handlemyfile.com/es/comprimir-pdf,Comprima PDF en línea: reduzca el tamaño del archivo entre un 60 y un 90 % localmente | HandleMyFile,text/html; charset=utf-8,false,200,0,0,0,0
21,https://handlemyfile.com/ro/rotiti-pdf,Rotiți paginile PDF online - Rotiți PDF-ul la 90/180/270 de grade local | HandleMyFile,text/html; charset=utf-8,false,200,0,0,0,0
21,https://handlemyfile.com/hi/osiiaar-piiddiieph,मुफ़्त ब्राउज़र ओसीआर - स्कैन की गई पीडीएफ और छवियों से टेक्स्ट निकालें | HandleMyFile,text/html; charset=utf-8,false,200,0,0,0,0
21,https://handlemyfile.com/nl/pdf-naar-afbeelding,Converteer PDF naar JPG/PNG-afbeeldingen online - Pagina's uitpakken naar ZIP | HandleMyFile,text/html; charset=utf-8,false,200,0,0,0,0
21,https://handlemyfile.com/th/lbhnaa,ลบหน้า PDF ออนไลน์ - ลบหน้าออกจาก PDF ในเครื่อง | HandleMyFile,text/html; charset=utf-8,false,200,0,0,0,0
21,https://handlemyfile.com/sk/excel-do-pdf,Prevod Excelu do PDF online – XLSX a XLS do PDF lokálne | HandleMyFile,text/html; charset=utf-8,false,200,0,0,0,0
21,https://handlemyfile.com/es/csv-a-excel,Convertidor gratuito de CSV a Excel (.xlsx) - Motor de navegador instantáneo | HandleMyFile,text/html; charset=utf-8,false,200,0,0,0,0
21,https://handlemyfile.com/th/lbkh-muulemtaa,ลบข้อมูลเมตา PDF - ฆ่าเชื้อคุณสมบัติออนไลน์ | HandleMyFile,text/html; charset=utf-8,false,200,0,0,0,0
21,https://handlemyfile.com/ro/redimensionati-pdf,Redimensionați paginile PDF - Schimbați dimensiunea paginii PDF și marginile | HandleMyFile,text/html; charset=utf-8,false,200,0,0,0,0
21,https://handlemyfile.com/da/sammenlign-pdf,Sammenlign PDF - Find forskelle mellem to PDF'er | HandleMyFile,text/html; charset=utf-8,false,200,0,0,0,0
21,https://handlemyfile.com/ru/udalit-metadannye,Удаление метаданных PDF — очистка свойств онлайн | HandleMyFile,text/html; charset=utf-8,false,200,0,0,0,0
21,https://handlemyfile.com/id/kurangi-ukuran-pdf-secara-offline,Kurangi Ukuran PDF Offline | HandleMyFile,text/html; charset=utf-8,false,200,0,0,0,0
21,https://handlemyfile.com/compress-pdf,Compress PDF Online - Reduce File Size by 60-90% Locally | HandleMyFile,text/html; charset=utf-8,false,200,0,0,0,0
21,https://handlemyfile.com/ar/scanned-pdf-to-text-ocr,Convert Scanned PDF to Text | HandleMyFile,text/html; charset=utf-8,false,200,0,0,0,0
21,https://handlemyfile.com/sv/pdf-till-word-utan-att-f-rlora-formatering,Free PDF to Word Converter (.docx) Without Losing Formatting | HandleMyFile,text/html; charset=utf-8,false,200,0,0,0,0
21,https://handlemyfile.com/tr/evrimd-pdf-boyutunu-k-lt,Reduce PDF Size Offline | HandleMyFile,text/html; charset=utf-8,false,200,0,0,0,0
21,https://handlemyfile.com/cs/usporadat-pdf,Uspořádejte PDF online – vložení stránek do PDF lokálně | HandleMyFile,text/html; charset=utf-8,false,200,0,0,0,0
21,https://handlemyfile.com/ko/reorder-pdf-pages-drag-and-drop,Reorder PDF Pages Drag and Drop Free | HandleMyFile,text/html; charset=utf-8,false,200,0,0,0,0
21,https://handlemyfile.com/he/pdf-l-ppt,ממיר PDF ל-PowerPoint בחינם (.pptx) - אפס העלאות | HandleMyFile,text/html; charset=utf-8,false,200,0,0,0,0
21,https://handlemyfile.com/sk/komprimovat-pdf,Komprimujte PDF online – Znížte veľkosť súboru o 60 – 90 % lokálne | HandleMyFile,text/html; charset=utf-8,false,200,0,0,0,0
21,https://handlemyfile.com/no/fjern-metadata,Fjern PDF-metadata - Sanitize Properties Online | HandleMyFile,text/html; charset=utf-8,false,200,0,0,0,0
21,https://handlemyfile.com/no/skann-til-pdf,Skann til PDF - Gjør PDF uredigerbar og rasteriser online | HandleMyFile,text/html; charset=utf-8,false,200,0,0,0,0
21,https://handlemyfile.com/zh/remove-pdf-password-without-password,Remove PDF Password Without Password | HandleMyFile,text/html; charset=utf-8,false,200,0,0,0,0
21,https://handlemyfile.com/zh/hui-du-pdf,将 PDF 转换为灰度 - 在线黑白 PDF | HandleMyFile,text/html; charset=utf-8,false,200,0,0,0,0
21,https://handlemyfile.com/ko/pdfreul-boho,PDF를 온라인으로 보호 - 비밀번호로 PDF를 로컬로 보호 | HandleMyFile,text/html; charset=utf-8,false,200,0,0,0,0
21,https://handlemyfile.com/pt/remover-paginas,Remover páginas de PDF online - Excluir páginas de PDF localmente | HandleMyFile,text/html; charset=utf-8,false,200,0,0,0,0
21,https://handlemyfile.com/ro/pdf-n-word-f-r-a-pierde-formatarea,Free PDF to Word Converter (.docx) Without Losing Formatting | HandleMyFile,text/html; charset=utf-8,false,200,0,0,0,0
21,https://handlemyfile.com/hu/resize-pdf,PDF-oldalak átméretezése – PDF-oldalméret és margók módosítása | HandleMyFile,text/html; charset=utf-8,false,200,0,0,0,0
21,https://handlemyfile.com/ko/ocr-pdf,무료 브라우저 OCR - 스캔한 PDF 및 이미지에서 텍스트 추출 | HandleMyFile,text/html; charset=utf-8,false,200,0,0,0,0
21,https://handlemyfile.com/es/proteger-pdf,Proteger PDF en línea - Proteger PDF con contraseña localmente | HandleMyFile,text/html; charset=utf-8,false,200,0,0,0,0
21,https://handlemyfile.com/fi/pdf-to-ppt,Ilmainen PDF to PowerPoint Converter (.pptx) - Nolla latausta | HandleMyFile,text/html; charset=utf-8,false,200,0,0,0,0
21,https://handlemyfile.com/ar/zl-lsfht,إزالة صفحات PDF عبر الإنترنت - حذف الصفحات من PDF محليًا | HandleMyFile,text/html; charset=utf-8,false,200,0,0,0,0
21,https://handlemyfile.com/sv/ta-bort-sidor,Ta bort PDF-sidor online - Ta bort sidor från PDF lokalt | HandleMyFile,text/html; charset=utf-8,false,200,0,0,0,0
21,https://handlemyfile.com/no/ppt-til-pdf,Konverter PowerPoint til PDF - PPTX-lysbilder til PDF lokalt | HandleMyFile,text/html; charset=utf-8,false,200,0,0,0,0
21,https://handlemyfile.com/th/aeykruupphaaph,แยกรูปภาพจาก PDF - บันทึกรูปภาพทั้งหมดจาก PDF | HandleMyFile,text/html; charset=utf-8,false,200,0,0,0,0
21,https://handlemyfile.com/th/txt-epn-pdf,แปลง TXT เป็น PDF ออนไลน์ - ข้อความธรรมดาเป็นเอกสาร PDF | HandleMyFile,text/html; charset=utf-8,false,200,0,0,0,0
21,https://handlemyfile.com/pl/usun-metadane,Usuń metadane PDF — oczyść właściwości online | HandleMyFile,text/html; charset=utf-8,false,200,0,0,0,0
21,https://handlemyfile.com/el/katargisi-selidon,Κατάργηση σελίδων PDF Online - Διαγραφή σελίδων από PDF Τοπικά | HandleMyFile,text/html; charset=utf-8,false,200,0,0,0,0
21,https://handlemyfile.com/he/remove-pdf-password-without-password,Remove PDF Password Without Password | HandleMyFile,text/html; charset=utf-8,false,200,0,0,0,0
21,https://handlemyfile.com/vi/pdf-thang-do-xam,Chuyển đổi PDF sang thang độ xám - PDF đen trắng trực tuyến | HandleMyFile,text/html; charset=utf-8,false,200,0,0,0,0
21,https://handlemyfile.com/vi/cat-pdf,Cắt PDF trực tuyến - Xóa lề khỏi PDF cục bộ | HandleMyFile,text/html; charset=utf-8,false,200,0,0,0,0
21,https://handlemyfile.com/fi/vesileima-pdf,Lisää vesileima PDF-tiedostoon - leimaa mukautettu teksti tai kuva paikallisesti | HandleMyFile,text/html; charset=utf-8,false,200,0,0,0,0
21,https://handlemyfile.com/ms/alih-keluar-metadata,Alih Keluar Metadata PDF - Bersihkan Hartanah Dalam Talian | HandleMyFile,text/html; charset=utf-8,false,200,0,0,0,0
21,https://handlemyfile.com/da/ppt-til-pdf,Konverter PowerPoint til PDF - PPTX Slides til PDF lokalt | HandleMyFile,text/html; charset=utf-8,false,200,0,0,0,0
21,https://handlemyfile.com/ms/pdf-tera-air,Tambahkan Tera Air pada PDF - Cop Teks atau Imej Tersuai Secara Setempat | HandleMyFile,text/html; charset=utf-8,false,200,0,0,0,0
21,https://handlemyfile.com/sk/odstr-ni-heslo-pdf-bez-hesla,Remove PDF Password Without Password | HandleMyFile,text/html; charset=utf-8,false,200,0,0,0,0
21,https://handlemyfile.com/th/laaynam-pdf,เพิ่มลายน้ำลงใน PDF - ประทับตราข้อความหรือรูปภาพที่กำหนดเองในเครื่อง | HandleMyFile,text/html; charset=utf-8,false,200,0,0,0,0
21,https://handlemyfile.com/ms/pdf-ke-imej,Tukar Imej PDF kepada JPG/PNG Dalam Talian - Ekstrak Halaman ke ZIP | HandleMyFile,text/html; charset=utf-8,false,200,0,0,0,0
21,https://handlemyfile.com/fr/redimensionner-le-pdf,Redimensionner les pages PDF - Modifier la taille et les marges des pages PDF | HandleMyFile,text/html; charset=utf-8,false,200,0,0,0,0
21,https://handlemyfile.com/no/omorganisere-pdf-sider-dra-og-slipp,Reorder PDF Pages Drag and Drop Free | HandleMyFile,text/html; charset=utf-8,false,200,0,0,0,0
21,https://handlemyfile.com/de/pdf-grosse-andern,Größe von PDF-Seiten ändern – Größe und Ränder von PDF-Seiten ändern | HandleMyFile,text/html; charset=utf-8,false,200,0,0,0,0
21,https://handlemyfile.com/fi/pdf-kuvaksi,Muunna PDF JPG/PNG-kuviksi verkossa - Pura sivut ZIP-muotoon | HandleMyFile,text/html; charset=utf-8,false,200,0,0,0,0
21,https://handlemyfile.com/no/komprimer-pdf,Komprimer PDF på nett – Reduser filstørrelsen med 60-90 % lokalt | HandleMyFile,text/html; charset=utf-8,false,200,0,0,0,0
21,https://handlemyfile.com/ru/remove-pdf-password-without-password,Remove PDF Password Without Password | HandleMyFile,text/html; charset=utf-8,false,200,0,0,0,0
21,https://handlemyfile.com/sk/naskenovan-pdf-do-textu-ocr,Convert Scanned PDF to Text | HandleMyFile,text/html; charset=utf-8,false,200,0,0,0,0
21,https://handlemyfile.com/ru/razdelit-pdf,Разделить PDF онлайн — извлечь страницы отдельно | Конфиденциальность на стороне клиента | HandleMyFile,text/html; charset=utf-8,false,200,0,0,0,0
21,https://handlemyfile.com/sv/csv-till-excel,Gratis CSV till Excel Converter (.xlsx) - Instant Browser Engine | HandleMyFile,text/html; charset=utf-8,false,200,0,0,0,0
21,https://handlemyfile.com/ko/pdfreul-imijiro,온라인에서 PDF를 JPG/PNG 이미지로 변환 - 페이지를 ZIP으로 추출 | HandleMyFile,text/html; charset=utf-8,false,200,0,0,0,0
21,https://handlemyfile.com/pl/obraz-do-pliku-pdf,Konwertuj pliki JPG i PNG do formatu PDF online — obrazy do formatu PDF lokalnie | HandleMyFile,text/html; charset=utf-8,false,200,0,0,0,0
21,https://handlemyfile.com/pl/ppt-do-pdf,Konwertuj program PowerPoint do formatu PDF — slajdy PPTX do formatu PDF lokalnie | HandleMyFile,text/html; charset=utf-8,false,200,0,0,0,0
21,https://handlemyfile.com/el/eikona-se-pdf,Μετατροπή JPG & PNG σε PDF Online - Εικόνες σε PDF Τοπικά | HandleMyFile,text/html; charset=utf-8,false,200,0,0,0,0
21,https://handlemyfile.com/th/reduce-pdf-size-offline,Reduce PDF Size Offline | HandleMyFile,text/html; charset=utf-8,false,200,0,0,0,0
21,https://handlemyfile.com/no/ocr-pdf,Gratis nettleser OCR - Trekk ut tekst fra skannede PDF og bilder | HandleMyFile,text/html; charset=utf-8,false,200,0,0,0,0
21,https://handlemyfile.com/pl/csv-do-excela,Darmowy konwerter plików CSV na Excel (.xlsx) — silnik przeglądarki błyskawicznej | HandleMyFile,text/html; charset=utf-8,false,200,0,0,0,0
21,https://handlemyfile.com/ppt-to-pdf,Convert PowerPoint to PDF - PPTX Slides to PDF Locally | HandleMyFile,text/html; charset=utf-8,false,200,0,0,0,0
21,https://handlemyfile.com/ko/pdf-jareugi,온라인으로 PDF 자르기 - PDF에서 로컬로 여백 제거 | HandleMyFile,text/html; charset=utf-8,false,200,0,0,0,0
21,https://handlemyfile.com/ro/scanati-in-pdf,Scanare în PDF - Faceți PDF needitabil și Rasterizați online | HandleMyFile,text/html; charset=utf-8,false,200,0,0,0,0
21,https://handlemyfile.com/ru/ocr-pdf,Бесплатное распознавание текста в браузере — извлечение текста из отсканированных PDF-файлов и изображений | HandleMyFile,text/html; charset=utf-8,false,200,0,0,0,0
21,https://handlemyfile.com/fi/allekirjoita-pdf,Allekirjoita PDF verkossa - Lisää sähköinen allekirjoitus PDF-tiedostoon | HandleMyFile,text/html; charset=utf-8,false,200,0,0,0,0
21,https://handlemyfile.com/es/organizar-pdf,Organice PDF en línea: inserte páginas en PDF localmente | HandleMyFile,text/html; charset=utf-8,false,200,0,0,0,0
21,https://handlemyfile.com/da/ocr-pdf,Gratis browser OCR - Udtræk tekst fra scannede PDF og billeder | HandleMyFile,text/html; charset=utf-8,false,200,0,0,0,0
21,https://handlemyfile.com/de/als-pdf-scannen,In PDF scannen – PDF unbearbeitbar machen und online rastern | HandleMyFile,text/html; charset=utf-8,false,200,0,0,0,0
21,https://handlemyfile.com/cs/otocit-pdf,Otočit stránky PDF online – Otočit PDF o 90/180/270 stupňů lokálně | HandleMyFile,text/html; charset=utf-8,false,200,0,0,0,0
21,https://handlemyfile.com/zh/ti-qu-tu-xiang,从 PDF 中提取图像 - 保存 PDF 中的所有图片 | HandleMyFile,text/html; charset=utf-8,false,200,0,0,0,0
21,https://handlemyfile.com/th/saeknepn-pdf,สแกนเป็น PDF - ทำให้ PDF ไม่สามารถแก้ไขได้ & แรสเตอร์ออนไลน์ | HandleMyFile,text/html; charset=utf-8,false,200,0,0,0,0
21,https://handlemyfile.com/merge-pdf,Free Online PDF Merger - Combine PDF Files Locally | Zero Upload | HandleMyFile,text/html; charset=utf-8,false,200,0,0,0,0
21,https://handlemyfile.com/es/pdf-escaneado-a-texto-ocr,Convert Scanned PDF to Text | HandleMyFile,text/html; charset=utf-8,false,200,0,0,0,0
21,https://handlemyfile.com/tr/ifre-olmadan-pdf-ifresini-kald-r,Remove PDF Password Without Password | HandleMyFile,text/html; charset=utf-8,false,200,0,0,0,0
21,https://handlemyfile.com/sv/ppt-till-pdf,Konvertera PowerPoint till PDF - PPTX-bilder till PDF lokalt | HandleMyFile,text/html; charset=utf-8,false,200,0,0,0,0
21,https://handlemyfile.com/de/bilder-extrahieren,Bilder aus PDF extrahieren – Alle Bilder aus PDF speichern | HandleMyFile,text/html; charset=utf-8,false,200,0,0,0,0
21,https://handlemyfile.com/no/las-opp-pdf,Lås opp PDF Online - Fjern PDF-passord lokalt | HandleMyFile,text/html; charset=utf-8,false,200,0,0,0,0
21,https://handlemyfile.com/vi/pdf-sang-word-m-kh-ng-m-t-nh-d-ng,Free PDF to Word Converter (.docx) Without Losing Formatting | HandleMyFile,text/html; charset=utf-8,false,200,0,0,0,0
21,https://handlemyfile.com/tr/pdf-yi-duzenle,PDF'yi Çevrimiçi Düzenleyin - Sayfaları PDF'ye Yerel Olarak Ekle | HandleMyFile,text/html; charset=utf-8,false,200,0,0,0,0
21,https://handlemyfile.com/no/organiser-pdf,Organiser PDF Online - Sett inn sider i PDF lokalt | HandleMyFile,text/html; charset=utf-8,false,200,0,0,0,0
21,https://handlemyfile.com/zh/qian-shu-pdf,在线签署 PDF - 将电子签名添加到 PDF | HandleMyFile,text/html; charset=utf-8,false,200,0,0,0,0
21,https://handlemyfile.com/ko/pdfro-seukaen,PDF로 스캔 - PDF를 편집 불가능하게 만들고 온라인으로 래스터화 | HandleMyFile,text/html; charset=utf-8,false,200,0,0,0,0
21,https://handlemyfile.com/tr/excel-den-csv-ye,Ücretsiz Excel'den CSV'ye Dönüştürücü (.xlsx'ten .csv'ye) - Sıfır Yükleme | HandleMyFile,text/html; charset=utf-8,false,200,0,0,0,0
21,https://handlemyfile.com/vi/ppt-sang-pdf,Chuyển PowerPoint sang PDF - PPTX Slides sang PDF cục bộ | HandleMyFile,text/html; charset=utf-8,false,200,0,0,0,0
21,https://handlemyfile.com/hu/pdf-osszehasonlitasa,PDF összehasonlítása – Keressen különbségeket két PDF között | HandleMyFile,text/html; charset=utf-8,false,200,0,0,0,0
21,https://handlemyfile.com/sv/andra-storlek-pa-pdf,Ändra storlek på PDF-sidor - Ändra PDF-sidstorlek och marginaler | HandleMyFile,text/html; charset=utf-8,false,200,0,0,0,0
21,https://handlemyfile.com/ms/pdf-skala-kelabu,Tukar PDF kepada Skala Kelabu - PDF Hitam Putih Dalam Talian | HandleMyFile,text/html; charset=utf-8,false,200,0,0,0,0
21,https://handlemyfile.com/de/seiten-entfernen,PDF-Seiten online entfernen – Seiten lokal aus PDF löschen | HandleMyFile,text/html; charset=utf-8,false,200,0,0,0,0
21,https://handlemyfile.com/th/cchadraebiiyb-pdf,จัดระเบียบ PDF ออนไลน์ - แทรกหน้าลงใน PDF ในเครื่อง | HandleMyFile,text/html; charset=utf-8,false,200,0,0,0,0
21,https://handlemyfile.com/fr/pdf-num-ris-en-texte-ocr,Convert Scanned PDF to Text | HandleMyFile,text/html; charset=utf-8,false,200,0,0,0,0
21,https://handlemyfile.com/ms/tandatangan-pdf,Tandatangan PDF Dalam Talian - Tambahkan Tandatangan Elektronik pada PDF | HandleMyFile,text/html; charset=utf-8,false,200,0,0,0,0
21,https://handlemyfile.com/sk/porovnat-pdf,Porovnanie PDF – nájdite rozdiely medzi dvoma PDF | HandleMyFile,text/html; charset=utf-8,false,200,0,0,0,0
21,https://handlemyfile.com/ar/zl-lbynt-ltaaryfy,إزالة البيانات التعريفية لملف PDF - تعقيم الخصائص عبر الإنترنت | HandleMyFile,text/html; charset=utf-8,false,200,0,0,0,0
21,https://handlemyfile.com/pl/skanuj-do-pliku-pdf,Skanuj do pliku PDF — uniemożliwiaj edycję pliku PDF i rasteryzuj online | HandleMyFile,text/html; charset=utf-8,false,200,0,0,0,0
21,https://handlemyfile.com/nl/pdf-roteren,PDF-pagina's online roteren - PDF lokaal 90/180/270 graden draaien | HandleMyFile,text/html; charset=utf-8,false,200,0,0,0,0
21,https://handlemyfile.com/reverse-pdf,Reverse PDF Pages - Change PDF Page Order Backwards | HandleMyFile,text/html; charset=utf-8,false,200,0,0,0,0
21,https://handlemyfile.com/sv/dela-pdf,Dela PDF Online - Extrahera sidor separat | Integritet på klientsidan | HandleMyFile,text/html; charset=utf-8,false,200,0,0,0,0
21,https://handlemyfile.com/el/scanned-pdf-to-text-ocr,Convert Scanned PDF to Text | HandleMyFile,text/html; charset=utf-8,false,200,0,0,0,0
21,https://handlemyfile.com/fi/skannaa-pdf-muotoon,Skannaa PDF-muotoon - Tee PDF-tiedostosta muokkauskelvoton ja rasteroi verkossa | HandleMyFile,text/html; charset=utf-8,false,200,0,0,0,0
21,https://handlemyfile.com/pt/pdf-de-marca-d-agua,Adicionar marca d'água ao PDF - carimbar texto ou imagem personalizada localmente | HandleMyFile,text/html; charset=utf-8,false,200,0,0,0,0
21,https://handlemyfile.com/fr/pdf-roc,OCR de navigateur gratuit - Extraire le texte des PDF et des images numérisés | HandleMyFile,text/html; charset=utf-8,false,200,0,0,0,0
21,https://handlemyfile.com/fi/ocr-pdf,Ilmainen selaimen OCR - Pura tekstiä skannatuista PDF-tiedostoista ja kuvista | HandleMyFile,text/html; charset=utf-8,false,200,0,0,0,0
21,https://handlemyfile.com/sk/orezat-pdf,Orezať PDF online – lokálne odstrániť okraje z PDF | HandleMyFile,text/html; charset=utf-8,false,200,0,0,0,0
21,https://handlemyfile.com/pt/extrair-imagens,Extraia imagens de PDF - Salve todas as imagens de PDF | HandleMyFile,text/html; charset=utf-8,false,200,0,0,0,0
21,https://handlemyfile.com/ja/pdf-sukashi,PDF に透かしを追加 - カスタム テキストまたは画像をローカルにスタンプします | HandleMyFile,text/html; charset=utf-8,false,200,0,0,0,0
21,https://handlemyfile.com/el/pdf-word,Free PDF to Word Converter (.docx) Without Losing Formatting | HandleMyFile,text/html; charset=utf-8,false,200,0,0,0,0
21,https://handlemyfile.com/de/excel-zu-csv,Kostenloser Excel-zu-CSV-Konverter (.xlsx zu .csv) – Keine Uploads | HandleMyFile,text/html; charset=utf-8,false,200,0,0,0,0
21,https://handlemyfile.com/de/ordnen-sie-pdf-seiten-per-drag-drop-neu-an,Reorder PDF Pages Drag and Drop Free | HandleMyFile,text/html; charset=utf-8,false,200,0,0,0,0
21,https://handlemyfile.com/es/reducir-el-tama-o-del-pdf-sin-conexi-n,Reduce PDF Size Offline | HandleMyFile,text/html; charset=utf-8,false,200,0,0,0,0
21,https://handlemyfile.com/ko/txtreul-pdfro,온라인에서 TXT를 PDF로 변환 - 일반 텍스트를 PDF 문서로 | HandleMyFile,text/html; charset=utf-8,false,200,0,0,0,0
21,https://handlemyfile.com/hi/rivrs-piiddiieph,पीडीएफ पेजों को उल्टा करें - पीडीएफ पेज का क्रम पीछे की ओर बदलें | HandleMyFile,text/html; charset=utf-8,false,200,0,0,0,0
21,https://handlemyfile.com/es/reordenar-p-ginas-pdf-arrastrar-y-soltar,Reorder PDF Pages Drag and Drop Free | HandleMyFile,text/html; charset=utf-8,false,200,0,0,0,0
21,https://handlemyfile.com/zh/ppt-zhuan-pdf,将 PowerPoint 转换为 PDF - PPTX 幻灯片本地转换为 PDF | HandleMyFile,text/html; charset=utf-8,false,200,0,0,0,0
21,https://handlemyfile.com/uk/skanuvati-v-pdf,Сканування в PDF - Зробіть файл PDF недоступним для редагування та растеризуйте в Інтернеті | HandleMyFile,text/html; charset=utf-8,false,200,0,0,0,0
21,https://handlemyfile.com/el/remove-pdf-password-without-password,Remove PDF Password Without Password | HandleMyFile,text/html; charset=utf-8,false,200,0,0,0,0
21,https://handlemyfile.com/ko/reduce-pdf-size-offline,Reduce PDF Size Offline | HandleMyFile,text/html; charset=utf-8,false,200,0,0,0,0
21,https://handlemyfile.com/tr/csv-den-excel-e,Ücretsiz CSV'den Excel'e Dönüştürücü (.xlsx) - Anında Tarayıcı Motoru | HandleMyFile,text/html; charset=utf-8,false,200,0,0,0,0
21,https://handlemyfile.com/pdf-to-word-without-losing-formatting,Free PDF to Word Converter (.docx) Without Losing Formatting | HandleMyFile,text/html; charset=utf-8,false,200,0,0,0,0
21,https://handlemyfile.com/sk/zmeni-poradie-str-nok-pdf-drag-and-drop,Reorder PDF Pages Drag and Drop Free | HandleMyFile,text/html; charset=utf-8,false,200,0,0,0,0
21,https://handlemyfile.com/zh/tu-pian-zhuan-pdf,在线将 JPG 和 PNG 转换为 PDF - 将图像本地转换为 PDF | HandleMyFile,text/html; charset=utf-8,false,200,0,0,0,0
21,https://handlemyfile.com/hu/pdf-kivagasa,PDF online vágása – Margók eltávolítása a PDF-ből helyileg | HandleMyFile,text/html; charset=utf-8,false,200,0,0,0,0
21,https://handlemyfile.com/tr/txt-den-pdf-ye,TXT'yi Çevrimiçi Olarak PDF'ye Dönüştürün - Düz Metinden PDF Belgesine | HandleMyFile,text/html; charset=utf-8,false,200,0,0,0,0
21,https://handlemyfile.com/fr/supprimer-le-mot-de-passe-pdf-sans-mot-de-passe,Remove PDF Password Without Password | HandleMyFile,text/html; charset=utf-8,false,200,0,0,0,0
21,https://handlemyfile.com/rotate-pdf,Rotate PDF Pages Online - Turn PDF 90/180/270 Degrees Locally | HandleMyFile,text/html; charset=utf-8,false,200,0,0,0,0
21,https://handlemyfile.com/pdf-to-image,Convert PDF to JPG/PNG Images Online - Extract Pages to ZIP | HandleMyFile,text/html; charset=utf-8,false,200,0,0,0,0
21,https://handlemyfile.com/zh/fan-zhuan-pdf,反转 PDF 页面 - 向后更改 PDF 页面顺序 | HandleMyFile,text/html; charset=utf-8,false,200,0,0,0,0
21,https://handlemyfile.com/pl/wyodrebnij-obrazy,Wyodrębnij obrazy z pliku PDF — zapisz wszystkie obrazy z pliku PDF | HandleMyFile,text/html; charset=utf-8,false,200,0,0,0,0
21,https://handlemyfile.com/pt/reduzir-o-tamanho-do-pdf-off-line,Reduce PDF Size Offline | HandleMyFile,text/html; charset=utf-8,false,200,0,0,0,0
21,https://handlemyfile.com/it/pdf-in-immagine,Converti PDF in immagini JPG/PNG online - Estrai le pagine in ZIP | HandleMyFile,text/html; charset=utf-8,false,200,0,0,0,0
21,https://handlemyfile.com/sk/odstranit-stranky,Odstrániť stránky PDF online – lokálne odstrániť stránky z PDF | HandleMyFile,text/html; charset=utf-8,false,200,0,0,0,0
21,https://handlemyfile.com/uk/txt-u-pdf,Конвертуйте TXT у PDF онлайн - звичайний текст у PDF-документ | HandleMyFile,text/html; charset=utf-8,false,200,0,0,0,0
21,https://handlemyfile.com/hu/szurkearnyalatos-pdf,PDF konvertálása szürkeárnyalatossá – fekete-fehér PDF online | HandleMyFile,text/html; charset=utf-8,false,200,0,0,0,0
21,https://handlemyfile.com/ko/pdf-bunhal,PDF를 온라인으로 분할 - 페이지를 별도로 추출 | 클라이언트측 개인정보 보호 | HandleMyFile,text/html; charset=utf-8,false,200,0,0,0,0
21,https://handlemyfile.com/no/beskjaer-pdf,Beskjær PDF på nett - Fjern marginer fra PDF lokalt | HandleMyFile,text/html; charset=utf-8,false,200,0,0,0,0
21,https://handlemyfile.com/da/csv-til-excel,Gratis CSV til Excel Converter (.xlsx) - Instant Browser Engine | HandleMyFile,text/html; charset=utf-8,false,200,0,0,0,0
21,https://handlemyfile.com/vi/bien-tap-lai-pdf,Làm lại PDF - Xóa văn bản và hình ảnh một cách an toàn | HandleMyFile,text/html; charset=utf-8,false,200,0,0,0,0
21,https://handlemyfile.com/ar/stkhrj-lswr,استخراج الصور من PDF - حفظ جميع الصور من PDF | HandleMyFile,text/html; charset=utf-8,false,200,0,0,0,0
21,https://handlemyfile.com/vi/bao-ve-pdf,Bảo vệ PDF trực tuyến - Mật khẩu bảo vệ PDF cục bộ | HandleMyFile,text/html; charset=utf-8,false,200,0,0,0,0
21,https://handlemyfile.com/sv/beskar-pdf,Beskär PDF Online - Ta bort marginaler från PDF lokalt | HandleMyFile,text/html; charset=utf-8,false,200,0,0,0,0
21,https://handlemyfile.com/pl/numery-stron,Dodaj numery stron do pliku PDF — lokalnie niestandardowy nagłówek i stopka | HandleMyFile,text/html; charset=utf-8,false,200,0,0,0,0
21,https://handlemyfile.com/tr/sayfalari-kaldir,PDF Sayfalarını Çevrimiçi Kaldırma - Sayfaları PDF'den Yerel Olarak Sil | HandleMyFile,text/html; charset=utf-8,false,200,0,0,0,0
21,https://handlemyfile.com/ar/txt-l~-pdf,تحويل TXT إلى PDF عبر الإنترنت - نص عادي إلى مستند PDF | HandleMyFile,text/html; charset=utf-8,false,200,0,0,0,0
21,https://handlemyfile.com/pt/cortar-pdf,Cortar PDF Online - Remover Margens do PDF Localmente | HandleMyFile,text/html; charset=utf-8,false,200,0,0,0,0
21,https://handlemyfile.com/ru/obratnyy-pdf,Обратные страницы PDF — изменение порядка страниц PDF в обратном порядке | HandleMyFile,text/html; charset=utf-8,false,200,0,0,0,0
21,https://handlemyfile.com/pl/zmniejsz-rozmiar-pliku-pdf-w-trybie-offline,Reduce PDF Size Offline | HandleMyFile,text/html; charset=utf-8,false,200,0,0,0,0
21,https://handlemyfile.com/ko/weoteomakeu-pdf,PDF에 워터마크 추가 - 사용자 정의 텍스트 또는 이미지를 로컬로 스탬프 처리 | HandleMyFile,text/html; charset=utf-8,false,200,0,0,0,0
21,https://handlemyfile.com/ko/geureiseukeil-pdf,PDF를 회색조로 변환 - 흑백 PDF 온라인 | HandleMyFile,text/html; charset=utf-8,false,200,0,0,0,0
21,https://handlemyfile.com/tr/ppt-den-pdf-ye,PowerPoint'i PDF'ye - PPTX Slaytlarını Yerel Olarak PDF'ye Dönüştürün | HandleMyFile,text/html; charset=utf-8,false,200,0,0,0,0
21,https://handlemyfile.com/ja/excel-kara-csv,無料の Excel から CSV コンバーター (.xlsx から .csv) - アップロード不要 | HandleMyFile,text/html; charset=utf-8,false,200,0,0,0,0
21,https://handlemyfile.com/hu/pdf-oldalak-trendez-se-fogd-s-vidd,Reorder PDF Pages Drag and Drop Free | HandleMyFile,text/html; charset=utf-8,false,200,0,0,0,0
21,https://handlemyfile.com/da/beskaer-pdf,Beskær PDF online - Fjern margener fra PDF lokalt | HandleMyFile,text/html; charset=utf-8,false,200,0,0,0,0
21,https://handlemyfile.com/pl/znak-wodny-pdf,Dodaj znak wodny do pliku PDF — lokalnie stempluj niestandardowy tekst lub obraz | HandleMyFile,text/html; charset=utf-8,false,200,0,0,0,0
21,https://handlemyfile.com/ja/pdf-hogo,オンラインで PDF を保護 - PDF をローカルでパスワード保護 | HandleMyFile,text/html; charset=utf-8,false,200,0,0,0,0
21,https://handlemyfile.com/tr/pdf-den-ppt-ye,Ücretsiz PDF'den PowerPoint'e Dönüştürücü (.pptx) - Sıfır Yükleme | HandleMyFile,text/html; charset=utf-8,false,200,0,0,0,0
21,https://handlemyfile.com/de/pdf-zu-bild,Konvertieren Sie PDF-Bilder online in JPG/PNG-Bilder – Extrahieren Sie Seiten in ZIP | HandleMyFile,text/html; charset=utf-8,false,200,0,0,0,0
21,https://handlemyfile.com/da/omarranger-pdf-sider-tr-k-og-slip,Reorder PDF Pages Drag and Drop Free | HandleMyFile,text/html; charset=utf-8,false,200,0,0,0,0
21,https://handlemyfile.com/sk/zmen-i-ve-kos-pdf-offline,Reduce PDF Size Offline | HandleMyFile,text/html; charset=utf-8,false,200,0,0,0,0
21,https://handlemyfile.com/de/pdf-teilen,PDF online teilen – Seiten separat extrahieren | Clientseitiger Datenschutz | HandleMyFile,text/html; charset=utf-8,false,200,0,0,0,0
21,https://handlemyfile.com/fi/poista-metatiedot,Poista PDF-metatiedot - Puhdista ominaisuudet verkossa | HandleMyFile,text/html; charset=utf-8,false,200,0,0,0,0
21,https://handlemyfile.com/sk/pdf-k-obrazku,Konvertovať obrázky PDF do formátu JPG/PNG online – extrahovať stránky do ZIP | HandleMyFile,text/html; charset=utf-8,false,200,0,0,0,0
21,https://handlemyfile.com/zh/bian-ji-pdf,编辑 PDF - 安全地遮蔽文本和图像 | HandleMyFile,text/html; charset=utf-8,false,200,0,0,0,0
21,https://handlemyfile.com/reduce-pdf-size-offline,Reduce PDF Size Offline | HandleMyFile,text/html; charset=utf-8,false,200,0,0,0,0
21,https://handlemyfile.com/nl/afbeeldingen-extraheren,Afbeeldingen uit PDF extraheren - Alle afbeeldingen uit PDF opslaan | HandleMyFile,text/html; charset=utf-8,false,200,0,0,0,0
21,https://handlemyfile.com/no/beskytt-pdf,Beskytt PDF Online - Passordbeskytt PDF lokalt | HandleMyFile,text/html; charset=utf-8,false,200,0,0,0,0
21,https://handlemyfile.com/fr/pdf-en-niveaux-de-gris,Convertir un PDF en niveaux de gris - PDF noir et blanc en ligne | HandleMyFile,text/html; charset=utf-8,false,200,0,0,0,0
21,https://handlemyfile.com/ja/pdf-kara-ppt,無料の PDF から PowerPoint コンバーター (.pptx) - アップロード不要 | HandleMyFile,text/html; charset=utf-8,false,200,0,0,0,0
21,https://handlemyfile.com/hi/eksel-se-piiddiieph,एक्सेल को ऑनलाइन पीडीएफ में बदलें - एक्सएलएसएक्स और एक्सएलएस को स्थानीय स्तर पर पीडीएफ में बदलें | HandleMyFile,text/html; charset=utf-8,false,200,0,0,0,0
21,https://handlemyfile.com/es/excel-a-pdf,Convierta Excel a PDF en línea: XLSX y XLS a PDF localmente | HandleMyFile,text/html; charset=utf-8,false,200,0,0,0,0
21,https://handlemyfile.com/vi/pdf-ocr,Trình duyệt miễn phí OCR - Trích xuất văn bản từ PDF và hình ảnh được quét | HandleMyFile,text/html; charset=utf-8,false,200,0,0,0,0
21,https://handlemyfile.com/cs/chranit-pdf,Chránit PDF online – Chránit PDF lokálně heslem | HandleMyFile,text/html; charset=utf-8,false,200,0,0,0,0
21,https://handlemyfile.com/da/flet-pdf,Gratis online PDF-fusion - Kombiner PDF-filer lokalt | Nul upload | HandleMyFile,text/html; charset=utf-8,false,200,0,0,0,0
21,https://handlemyfile.com/fi/sivunumerot,Lisää sivunumeroita PDF-tiedostoon - mukautettu ylä- ja alatunniste paikallisesti | HandleMyFile,text/html; charset=utf-8,false,200,0,0,0,0
21,https://handlemyfile.com/fr/organiser-le-pdf,Organiser un PDF en ligne - Insérer des pages dans un PDF localement | HandleMyFile,text/html; charset=utf-8,false,200,0,0,0,0
21,https://handlemyfile.com/vi/xoa-trang,Xóa trang PDF trực tuyến - Xóa trang khỏi PDF cục bộ | HandleMyFile,text/html; charset=utf-8,false,200,0,0,0,0
21,https://handlemyfile.com/fi/vertaa-pdf,Vertaa PDF - Etsi eroja kahden PDF-tiedoston välillä | HandleMyFile,text/html; charset=utf-8,false,200,0,0,0,0
21,https://handlemyfile.com/ko/peiji-beonho,PDF에 페이지 번호 추가 - 로컬에서 머리글 및 바닥글 사용자 정의 | HandleMyFile,text/html; charset=utf-8,false,200,0,0,0,0
21,https://handlemyfile.com/de/pdf-drehen,PDF-Seiten online drehen – PDF lokal um 90/180/270 Grad drehen | HandleMyFile,text/html; charset=utf-8,false,200,0,0,0,0
21,https://handlemyfile.com/nl/pdf-organiseren,PDF online organiseren - Pagina's lokaal in PDF invoegen | HandleMyFile,text/html; charset=utf-8,false,200,0,0,0,0
21,https://handlemyfile.com/zh/shui-yin-pdf,添加水印到 PDF - 在本地标记自定义文本或图像 | HandleMyFile,text/html; charset=utf-8,false,200,0,0,0,0
21,https://handlemyfile.com/es/extraer-imagenes,Extraer imágenes de PDF: guardar todas las imágenes de PDF | HandleMyFile,text/html; charset=utf-8,false,200,0,0,0,0
21,https://handlemyfile.com/zh/zu-zhi-pdf,在线组织 PDF - 在本地将页面插入 PDF | HandleMyFile,text/html; charset=utf-8,false,200,0,0,0,0
21,https://handlemyfile.com/it/proteggi-pdf,Proteggi PDF online - Proteggi PDF con password localmente | HandleMyFile,text/html; charset=utf-8,false,200,0,0,0,0
21,https://handlemyfile.com/da/pdf-til-ppt,Gratis PDF til PowerPoint Converter (.pptx) - Nul uploads | HandleMyFile,text/html; charset=utf-8,false,200,0,0,0,0
21,https://handlemyfile.com/it/pdf-scansionato-in-testo-ocr,Convert Scanned PDF to Text | HandleMyFile,text/html; charset=utf-8,false,200,0,0,0,0
21,https://handlemyfile.com/ru/ppt-v-pdf,Преобразование PowerPoint в PDF — слайды PPTX в PDF локально | HandleMyFile,text/html; charset=utf-8,false,200,0,0,0,0
21,https://handlemyfile.com/hi/prsstth-krmaank,पीडीएफ में पेज नंबर जोड़ें - स्थानीय रूप से कस्टम हेडर और फुटर | HandleMyFile,text/html; charset=utf-8,false,200,0,0,0,0
21,https://handlemyfile.com/crop-pdf,Crop PDF Online - Remove Margins from PDF Locally | HandleMyFile,text/html; charset=utf-8,false,200,0,0,0,0
21,https://handlemyfile.com/ru/povorot-pdf,Поворот PDF-страниц онлайн — локальный поворот PDF-файла на 90/180/270 градусов | HandleMyFile,text/html; charset=utf-8,false,200,0,0,0,0
21,https://handlemyfile.com/he/pdf-ltmvnh,המר תמונות PDF ל-JPG/PNG באינטרנט - חלץ דפים ל-ZIP | HandleMyFile,text/html; charset=utf-8,false,200,0,0,0,0
21,https://handlemyfile.com/zh/shan-chu-yuan-shu-ju,删除 PDF 元数据 - 在线清理属性 | HandleMyFile,text/html; charset=utf-8,false,200,0,0,0,0
21,https://handlemyfile.com/no/gratoner-pdf,Konverter PDF til gråtoner - Svart-hvitt PDF Online | HandleMyFile,text/html; charset=utf-8,false,200,0,0,0,0
21,https://handlemyfile.com/it/scansione-in-pdf,Scansione su PDF: rendi PDF non modificabile e rasterizza online | HandleMyFile,text/html; charset=utf-8,false,200,0,0,0,0
21,https://handlemyfile.com/uk/vidaliti-storinki,Remove PDF Pages Online - Delete Pages from PDF Locally | HandleMyFile,text/html; charset=utf-8,false,200,0,0,0,0
21,https://handlemyfile.com/th/remove-pdf-password-without-password,Remove PDF Password Without Password | HandleMyFile,text/html; charset=utf-8,false,200,0,0,0,0
21,https://handlemyfile.com/he/scanned-pdf-to-text-ocr,Convert Scanned PDF to Text | HandleMyFile,text/html; charset=utf-8,false,200,0,0,0,0
21,https://handlemyfile.com/he/tmvnh-l-pdf,המר JPG ו-PNG ל-PDF באינטרנט - תמונות ל-PDF באופן מקומי | HandleMyFile,text/html; charset=utf-8,false,200,0,0,0,0
21,https://handlemyfile.com/pt/girar-pdf,Girar páginas do PDF on-line - Girar o PDF 90/180/270 graus localmente | HandleMyFile,text/html; charset=utf-8,false,200,0,0,0,0
21,https://handlemyfile.com/image-to-pdf,Convert JPG & PNG to PDF Online - Images to PDF Locally | HandleMyFile,text/html; charset=utf-8,false,200,0,0,0,0
21,https://handlemyfile.com/cs/sloucit-pdf,Online fúze PDF zdarma – lokálně kombinovat soubory PDF | Zero Upload | HandleMyFile,text/html; charset=utf-8,false,200,0,0,0,0
21,https://handlemyfile.com/uk/uporyadkuvati-pdf,Organize PDF Online - Insert Pages into PDF Locally | HandleMyFile,text/html; charset=utf-8,false,200,0,0,0,0
21,https://handlemyfile.com/ro/pdf-scanat-n-text-ocr,Convert Scanned PDF to Text | HandleMyFile,text/html; charset=utf-8,false,200,0,0,0,0
21,https://handlemyfile.com/fr/pdf-en-ppt,Convertisseur gratuit de PDF en PowerPoint (.pptx) - Aucun téléchargement | HandleMyFile,text/html; charset=utf-8,false,200,0,0,0,0
21,https://handlemyfile.com/uk/rozblokuvati-pdf,Розблокуйте PDF в Інтернеті - видаліть пароль PDF локально | HandleMyFile,text/html; charset=utf-8,false,200,0,0,0,0
21,https://handlemyfile.com/hi/scanned-pdf-to-text-ocr,Convert Scanned PDF to Text | HandleMyFile,text/html; charset=utf-8,false,200,0,0,0,0
21,https://handlemyfile.com/hu/beolvasas-pdf-be,Szkennelés PDF-be – Tedd a PDF-et szerkeszthetetlenné és raszterizáld online | HandleMyFile,text/html; charset=utf-8,false,200,0,0,0,0
21,https://handlemyfile.com/nl/grijswaarden-pdf,Converteer PDF naar grijswaarden - Zwart-wit PDF online | HandleMyFile,text/html; charset=utf-8,false,200,0,0,0,0
21,https://handlemyfile.com/sk/obrazok-do-pdf,Prevod JPG a PNG do PDF online – obrázky do PDF lokálne | HandleMyFile,text/html; charset=utf-8,false,200,0,0,0,0
21,https://handlemyfile.com/zh/bi-jiao-pdf,比较 PDF - 查找两个 PDF 之间的差异 | HandleMyFile,text/html; charset=utf-8,false,200,0,0,0,0
21,https://handlemyfile.com/ro/reduce-i-dimensiunea-pdf-offline,Reduce PDF Size Offline | HandleMyFile,text/html; charset=utf-8,false,200,0,0,0,0
21,https://handlemyfile.com/es/pdf-en-escala-de-grises,Convierta PDF a escala de grises: PDF en blanco y negro en línea | HandleMyFile,text/html; charset=utf-8,false,200,0,0,0,0
21,https://handlemyfile.com/he/ocr-pdf,OCR דפדפן בחינם - חלץ טקסט מ-PDF ותמונות סרוקות | HandleMyFile,text/html; charset=utf-8,false,200,0,0,0,0
21,https://handlemyfile.com/uk/pdf-word,Free PDF to Word Converter (.docx) Without Losing Formatting | HandleMyFile,text/html; charset=utf-8,false,200,0,0,0,0
21,https://handlemyfile.com/vi/tach-pdf,Tách PDF trực tuyến - Trích xuất các trang riêng biệt | Quyền riêng tư phía khách hàng | HandleMyFile,text/html; charset=utf-8,false,200,0,0,0,0
21,https://handlemyfile.com/pt/dividir-pdf,Dividir PDF Online - Extrair páginas separadamente | Privacidade do lado do cliente | HandleMyFile,text/html; charset=utf-8,false,200,0,0,0,0
21,https://handlemyfile.com/sk/upravit-pdf,Redigovať PDF – bezpečne začierniť text a obrázky | HandleMyFile,text/html; charset=utf-8,false,200,0,0,0,0
21,https://handlemyfile.com/nl/scannen-naar-pdf,Scannen naar PDF - PDF onbewerkbaar maken en online rasteren | HandleMyFile,text/html; charset=utf-8,false,200,0,0,0,0
21,https://handlemyfile.com/excel-to-pdf,Convert Excel to PDF Online - XLSX & XLS to PDF Locally | HandleMyFile,text/html; charset=utf-8,false,200,0,0,0,0
21,https://handlemyfile.com/th/aeyk-pdf,แยก PDF ออนไลน์ - แยกหน้าแยกกัน | ความเป็นส่วนตัวฝั่งไคลเอ็นต์ | HandleMyFile,text/html; charset=utf-8,false,200,0,0,0,0
21,https://handlemyfile.com/ar/aaks-pdf,عكس صفحات PDF - تغيير ترتيب صفحات PDF للخلف | HandleMyFile,text/html; charset=utf-8,false,200,0,0,0,0
21,https://handlemyfile.com/hu/pdf-vedelme,PDF védelme online – PDF jelszavas védelme helyileg | HandleMyFile,text/html; charset=utf-8,false,200,0,0,0,0
21,https://handlemyfile.com/pt/imagem-para-pdf,Converta JPG e PNG para PDF Online - Imagens para PDF localmente | HandleMyFile,text/html; charset=utf-8,false,200,0,0,0,0
21,https://handlemyfile.com/cs/porovnat-pdf,Porovnat PDF – najít rozdíly mezi dvěma PDF | HandleMyFile,text/html; charset=utf-8,false,200,0,0,0,0
21,https://handlemyfile.com/th/csv-epn-excel,ฟรี CSV เป็น Excel Converter (.xlsx) - โปรแกรมเบราว์เซอร์ทันใจ | HandleMyFile,text/html; charset=utf-8,false,200,0,0,0,0
21,https://handlemyfile.com/de/pdf-zu-ppt,Kostenloser PDF-zu-PowerPoint-Konverter (.pptx) – Keine Uploads | HandleMyFile,text/html; charset=utf-8,false,200,0,0,0,0
21,https://handlemyfile.com/pt/remover-senha-do-pdf-sem-senha,Remove PDF Password Without Password | HandleMyFile,text/html; charset=utf-8,false,200,0,0,0,0
21,https://handlemyfile.com/ar/lswr-l~-pdf,تحويل JPG وPNG إلى PDF عبر الإنترنت - الصور إلى PDF محليًا | HandleMyFile,text/html; charset=utf-8,false,200,0,0,0,0
21,https://handlemyfile.com/he/pdf-bgvvny-pvr,המרת PDF לגווני אפור - PDF בשחור לבן | HandleMyFile,text/html; charset=utf-8,false,200,0,0,0,0
21,https://handlemyfile.com/fi/poista-sivut,Poista PDF-sivut verkossa - Poista sivut PDF-tiedostosta paikallisesti | HandleMyFile,text/html; charset=utf-8,false,200,0,0,0,0
21,https://handlemyfile.com/fi/pakkaa-pdf,Pakkaa PDF Online - Pienennä tiedostokokoa 60-90 % paikallisesti | HandleMyFile,text/html; charset=utf-8,false,200,0,0,0,0
21,https://handlemyfile.com/tr/ters-pdf,PDF Sayfalarını Tersine Çevir - PDF Sayfa Sırasını Geriye Doğru Değiştir | HandleMyFile,text/html; charset=utf-8,false,200,0,0,0,0
21,https://handlemyfile.com/sv/skydda-pdf,Skydda PDF Online - Lösenordsskydda PDF lokalt | HandleMyFile,text/html; charset=utf-8,false,200,0,0,0,0
21,https://handlemyfile.com/txt-to-pdf,Convert TXT to PDF Online - Plain Text to PDF Document | HandleMyFile,text/html; charset=utf-8,false,200,0,0,0,0
21,https://handlemyfile.com/ar/reduce-pdf-size-offline,Reduce PDF Size Offline | HandleMyFile,text/html; charset=utf-8,false,200,0,0,0,0
21,https://handlemyfile.com/ru/reorder-pdf-pages-drag-and-drop,Reorder PDF Pages Drag and Drop Free | HandleMyFile,text/html; charset=utf-8,false,200,0,0,0,0
21,https://handlemyfile.com/el/diahorismos-pdf,Split PDF Online - Εξαγωγή σελίδων ξεχωριστά | Απόρρητο από την πλευρά του πελάτη | HandleMyFile,text/html; charset=utf-8,false,200,0,0,0,0
21,https://handlemyfile.com/sk/rozdelit-pdf,Rozdeliť PDF online – extrahovať strany samostatne | Ochrana osobných údajov na strane klienta | HandleMyFile,text/html; charset=utf-8,false,200,0,0,0,0
21,https://handlemyfile.com/da/scan-til-pdf,Scan til PDF - Gør PDF uredigerbar og rasteriser online | HandleMyFile,text/html; charset=utf-8,false,200,0,0,0,0
21,https://handlemyfile.com/it/firma-pdf,Firma PDF online - Aggiungi firma elettronica al PDF | HandleMyFile,text/html; charset=utf-8,false,200,0,0,0,0
21,https://handlemyfile.com/ar/lmsh-ldwy-y-l~-pdf,المسح الضوئي إلى PDF - جعل ملف PDF غير قابل للتحرير وتنقيطه عبر الإنترنت | HandleMyFile,text/html; charset=utf-8,false,200,0,0,0,0
21,https://handlemyfile.com/it/unisci-pdf,Fusione PDF online gratuita: combina file PDF localmente | Caricamento zero | HandleMyFile,text/html; charset=utf-8,false,200,0,0,0,0
21,https://handlemyfile.com/ja/gazo-chushutsu,PDF から画像を抽出 - PDF からすべての画像を保存 | HandleMyFile,text/html; charset=utf-8,false,200,0,0,0,0
21,https://handlemyfile.com/ja/pdf-torimingu,オンラインで PDF をトリミング - PDF からローカルで余白を削除 | HandleMyFile,text/html; charset=utf-8,false,200,0,0,0,0
21,https://handlemyfile.com/cs/csv-do-excelu,Bezplatný převodník CSV do Excelu (.xlsx) – Instant Browser Engine | HandleMyFile,text/html; charset=utf-8,false,200,0,0,0,0
21,https://handlemyfile.com/th/pldl-kh-pdf,ปลดล็อก PDF ออนไลน์ - ลบรหัสผ่าน PDF ในเครื่อง | HandleMyFile,text/html; charset=utf-8,false,200,0,0,0,0
21,https://handlemyfile.com/uk/remove-pdf-password-without-password,Remove PDF Password Without Password | HandleMyFile,text/html; charset=utf-8,false,200,0,0,0,0
21,https://handlemyfile.com/sk/pdf-do-wordu-bez-straty-form-tovania,Free PDF to Word Converter (.docx) Without Losing Formatting | HandleMyFile,text/html; charset=utf-8,false,200,0,0,0,0
21,https://handlemyfile.com/ro/pdf-in-ppt,Convertor gratuit PDF în PowerPoint (.pptx) - zero încărcări | HandleMyFile,text/html; charset=utf-8,false,200,0,0,0,0
21,https://handlemyfile.com/pl/pdf-do-obrazu,Konwertuj obrazy PDF na obrazy JPG/PNG online — wyodrębniaj strony do formatu ZIP | HandleMyFile,text/html; charset=utf-8,false,200,0,0,0,0
21,https://handlemyfile.com/no/pakk-ut-bilder,Trekk ut bilder fra PDF - Lagre alle bilder fra PDF | HandleMyFile,text/html; charset=utf-8,false,200,0,0,0,0
21,https://handlemyfile.com/ko/pdf-keugi-jojeong,PDF 페이지 크기 조정 - PDF 페이지 크기 및 여백 변경 | HandleMyFile,text/html; charset=utf-8,false,200,0,0,0,0
21,https://handlemyfile.com/el/reduce-pdf-size-offline,Reduce PDF Size Offline | HandleMyFile,text/html; charset=utf-8,false,200,0,0,0,0
21,https://handlemyfile.com/ru/excel-v-csv,Бесплатный конвертер Excel в CSV (.xlsx в .csv) – без загрузок | HandleMyFile,text/html; charset=utf-8,false,200,0,0,0,0
21,https://handlemyfile.com/uk/csv-v-excel,Безкоштовний конвертер CSV у Excel (.xlsx) – механізм миттєвого перегляду | HandleMyFile,text/html; charset=utf-8,false,200,0,0,0,0
21,https://handlemyfile.com/ar/pdf-l~-swr,تحويل PDF إلى صور JPG/PNG عبر الإنترنت - استخراج الصفحات إلى ZIP | HandleMyFile,text/html; charset=utf-8,false,200,0,0,0,0
21,https://handlemyfile.com/sv/vattenstampel-pdf,Lägg till vattenstämpel till PDF - stämpla anpassad text eller bild lokalt | HandleMyFile,text/html; charset=utf-8,false,200,0,0,0,0
21,https://handlemyfile.com/sv/skanna-till-pdf,Skanna till PDF - Gör PDF oredigerbar och rasterisera online | HandleMyFile,text/html; charset=utf-8,false,200,0,0,0,0
21,https://handlemyfile.com/no/csv-til-excel,Gratis CSV til Excel Converter (.xlsx) - Instant Browser Engine | HandleMyFile,text/html; charset=utf-8,false,200,0,0,0,0
21,https://handlemyfile.com/it/pdf-inverso,Inverti pagine PDF - Modifica l'ordine delle pagine PDF all'indietro | HandleMyFile,text/html; charset=utf-8,false,200,0,0,0,0
21,https://handlemyfile.com/nl/pdf-redigeren,PDF redigeren - tekst en afbeeldingen veilig zwart maken | HandleMyFile,text/html; charset=utf-8,false,200,0,0,0,0
21,https://handlemyfile.com/cs/odstranit-heslo-pdf-bez-hesla,Remove PDF Password Without Password | HandleMyFile,text/html; charset=utf-8,false,200,0,0,0,0
21,https://handlemyfile.com/hi/greskel-piiddiieph,पीडीएफ को ग्रेस्केल में बदलें - ब्लैक एंड व्हाइट पीडीएफ ऑनलाइन | HandleMyFile,text/html; charset=utf-8,false,200,0,0,0,0
21,https://handlemyfile.com/th/excel-epn-csv,โปรแกรมแปลง Excel เป็น CSV ฟรี (.xlsx เป็น .csv) - การอัปโหลดเป็นศูนย์ | HandleMyFile,text/html; charset=utf-8,false,200,0,0,0,0
21,https://handlemyfile.com/ko/imiji-cucul,PDF에서 이미지 추출 - PDF에서 모든 그림 저장 | HandleMyFile,text/html; charset=utf-8,false,200,0,0,0,0
21,https://handlemyfile.com/nl/pdf-comprimeren,Comprimeer PDF online - verklein de bestandsgrootte lokaal met 60-90% | HandleMyFile,text/html; charset=utf-8,false,200,0,0,0,0
21,https://handlemyfile.com/ro/extrage-imagini,Extrageți imagini din PDF - Salvați toate imaginile din PDF | HandleMyFile,text/html; charset=utf-8,false,200,0,0,0,0
21,https://handlemyfile.com/uk/zahist-pdf,Protect PDF Online - Password Protect PDF Locally | HandleMyFile,text/html; charset=utf-8,false,200,0,0,0,0
21,https://handlemyfile.com/fi/kierra-pdf,Kierrä PDF-sivuja verkossa - Käännä PDF-tiedostoa 90/180/270 astetta paikallisesti | HandleMyFile,text/html; charset=utf-8,false,200,0,0,0,0
21,https://handlemyfile.com/ko/csvreul-egselro,무료 CSV를 Excel로 변환기(.xlsx) - 인스턴트 브라우저 엔진 | HandleMyFile,text/html; charset=utf-8,false,200,0,0,0,0
21,https://handlemyfile.com/pl/pdf-w-skali-szarosci,Konwertuj plik PDF na skalę szarości — czarno-biały plik PDF online | HandleMyFile,text/html; charset=utf-8,false,200,0,0,0,0
21,https://handlemyfile.com/th/y-nklab-pdf,ย้อนกลับหน้า PDF - เปลี่ยนลำดับหน้า PDF ย้อนกลับ | HandleMyFile,text/html; charset=utf-8,false,200,0,0,0,0
21,https://handlemyfile.com/zh/bao-hu-pdf,在线保护 PDF - 本地密码保护 PDF | HandleMyFile,text/html; charset=utf-8,false,200,0,0,0,0
21,https://handlemyfile.com/vi/pdf-sang-ppt,Trình chuyển đổi PDF sang PowerPoint miễn phí (.pptx) - Không tải lên | HandleMyFile,text/html; charset=utf-8,false,200,0,0,0,0
21,https://handlemyfile.com/pt/csv-para-excel,Conversor gratuito de CSV para Excel (.xlsx) - mecanismo de navegador instantâneo | HandleMyFile,text/html; charset=utf-8,false,200,0,0,0,0
21,https://handlemyfile.com/vi/txt-sang-pdf,Chuyển đổi TXT sang PDF trực tuyến - Văn bản thuần túy sang tài liệu PDF | HandleMyFile,text/html; charset=utf-8,false,200,0,0,0,0
21,https://handlemyfile.com/ja/pdf-hikaku,PDF を比較 - 2 つの PDF 間の相違点を見つける | HandleMyFile,text/html; charset=utf-8,false,200,0,0,0,0
21,https://handlemyfile.com/tr/pdf-yi-duzelt,PDF'yi Düzelt - Metin ve Görüntüleri Güvenli Bir Şekilde Karartın | HandleMyFile,text/html; charset=utf-8,false,200,0,0,0,0
21,https://handlemyfile.com/ar/twqyaa-pdf,التوقيع على ملف PDF عبر الإنترنت - إضافة التوقيع الإلكتروني إلى ملف PDF | HandleMyFile,text/html; charset=utf-8,false,200,0,0,0,0
21,https://handlemyfile.com/sv/komprimera-pdf,Komprimera PDF Online - Minska filstorleken med 60-90 % lokalt | HandleMyFile,text/html; charset=utf-8,false,200,0,0,0,0
21,https://handlemyfile.com/nl/pdf-splitsen,PDF online splitsen - Pagina's afzonderlijk extraheren | Privacy aan de clientzijde | HandleMyFile,text/html; charset=utf-8,false,200,0,0,0,0
21,https://handlemyfile.com/nl/pdf-ondertekenen,PDF online ondertekenen - Elektronische handtekening toevoegen aan PDF | HandleMyFile,text/html; charset=utf-8,false,200,0,0,0,0
21,https://handlemyfile.com/de/pdf-passwort-ohne-passwort-entfernen,Remove PDF Password Without Password | HandleMyFile,text/html; charset=utf-8,false,200,0,0,0,0
21,https://handlemyfile.com/tr/pdf-yi-imzala,PDF'yi Çevrimiçi İmzalayın - PDF'ye Elektronik İmza Ekle | HandleMyFile,text/html; charset=utf-8,false,200,0,0,0,0
21,https://handlemyfile.com/id/menyusun-ulang-halaman-pdf-seret-dan-lepas,Susun Ulang Halaman PDF Seret dan Lepas | HandleMyFile,text/html; charset=utf-8,false,200,0,0,0,0
21,https://handlemyfile.com/da/gratoner-pdf,Konverter PDF til gråtoner - Sort og hvid PDF Online | HandleMyFile,text/html; charset=utf-8,false,200,0,0,0,0
21,https://handlemyfile.com/id/bandingkan-pdf,Bandingkan PDF - Temukan Perbedaan Antara Dua PDF | HandleMyFile,text/html; charset=utf-8,false,200,0,0,0,0
21,https://handlemyfile.com/fi/yhdista-pdf,Ilmainen PDF-fuusio - Yhdistä PDF-tiedostoja paikallisesti | Nolla latausta | HandleMyFile,text/html; charset=utf-8,false,200,0,0,0,0
21,https://handlemyfile.com/ms/redact-pdf,Redact PDF - Teks dan Imej Blackout Dengan Selamat | HandleMyFile,text/html; charset=utf-8,false,200,0,0,0,0
21,https://handlemyfile.com/nl/excel-naar-csv,Gratis Excel naar CSV-converter (.xlsx naar .csv) - Geen uploads | HandleMyFile,text/html; charset=utf-8,false,200,0,0,0,0
21,https://handlemyfile.com/uk/pidpisati-pdf,Sign PDF Online - Add Electronic Signature to PDF | HandleMyFile,text/html; charset=utf-8,false,200,0,0,0,0
21,https://handlemyfile.com/id/pdf-ke-word-tanpa-kehilangan-format,Konversi PDF ke Word Online Gratis (.docx) Tanpa Merusak Format | HandleMyFile,text/html; charset=utf-8,false,200,0,0,0,0
21,https://handlemyfile.com/id/csv-ke-excel,Konverter CSV ke Excel Gratis (.xlsx) - Mesin Peramban Instan | HandleMyFile,text/html; charset=utf-8,false,200,0,0,0,0
21,https://handlemyfile.com/ru/zashchitit-pdf,Защитить PDF онлайн — Локальная защита PDF паролем | HandleMyFile,text/html; charset=utf-8,false,200,0,0,0,0
21,https://handlemyfile.com/ms/pangkas-pdf,Pangkas PDF Dalam Talian - Alih Keluar Margin daripada PDF Setempat | HandleMyFile,text/html; charset=utf-8,false,200,0,0,0,0
21,https://handlemyfile.com/he/hsr-mt-ntvnym,הסר מטא נתונים של PDF - חיטוי מאפיינים באינטרנט | HandleMyFile,text/html; charset=utf-8,false,200,0,0,0,0
21,https://handlemyfile.com/pl/porownaj-pdf,Porównaj PDF — znajdź różnice między dwoma plikami PDF | HandleMyFile,text/html; charset=utf-8,false,200,0,0,0,0
21,https://handlemyfile.com/nl/formaat-van-pdf-wijzigen,Formaat van PDF-pagina's wijzigen - PDF-paginaformaat en -marges wijzigen | HandleMyFile,text/html; charset=utf-8,false,200,0,0,0,0
21,https://handlemyfile.com/hu/excel-to-csv,Ingyenes Excel-CSV konvertáló (.xlsx-ből .csv-be) – nulla feltöltés | HandleMyFile,text/html; charset=utf-8,false,200,0,0,0,0
21,https://handlemyfile.com/el/excel-se-csv,Δωρεάν μετατροπέας Excel σε CSV (.xlsx σε .csv) - Μηδενικές μεταφορτώσεις | HandleMyFile,text/html; charset=utf-8,false,200,0,0,0,0
21,https://handlemyfile.com/no/pdf-til-word-uten-miste-formatering,Free PDF to Word Converter (.docx) Without Losing Formatting | HandleMyFile,text/html; charset=utf-8,false,200,0,0,0,0
21,https://handlemyfile.com/hi/piiddiieph-men-chvi,JPG और PNG को ऑनलाइन पीडीएफ में बदलें - छवियाँ स्थानीय स्तर पर पीडीएफ में | HandleMyFile,text/html; charset=utf-8,false,200,0,0,0,0
21,https://handlemyfile.com/cs/odebrat-metadata,Odebrat metadata PDF - Sanitize Properties online | HandleMyFile,text/html; charset=utf-8,false,200,0,0,0,0
21,https://handlemyfile.com/id/gambar-ke-pdf,Konversi JPG & PNG ke PDF Online - Gambar ke PDF Secara Lokal | HandleMyFile,text/html; charset=utf-8,false,200,0,0,0,0
21,https://handlemyfile.com/cs/reverse-pdf,Obrátit stránky PDF - Změnit pořadí stránek PDF zpět | HandleMyFile,text/html; charset=utf-8,false,200,0,0,0,0
21,https://handlemyfile.com/ar/ksl-l~-pdf,تحويل Excel إلى PDF عبر الإنترنت - XLSX وXLS إلى PDF محليًا | HandleMyFile,text/html; charset=utf-8,false,200,0,0,0,0
21,https://handlemyfile.com/he/hsr-dpym,הסר דפי PDF באינטרנט - מחק דפים מ-PDF באופן מקומי | HandleMyFile,text/html; charset=utf-8,false,200,0,0,0,0
21,https://handlemyfile.com/sk/txt-do-pdf,Prevod TXT do PDF online – obyčajný text do PDF dokumentu | HandleMyFile,text/html; charset=utf-8,false,200,0,0,0,0
21,https://handlemyfile.com/it/ruota-pdf,Ruota le pagine PDF online: ruota il PDF di 90/180/270 gradi localmente | HandleMyFile,text/html; charset=utf-8,false,200,0,0,0,0
21,https://handlemyfile.com/pt/digitalizar-para-pdf,Digitalizar para PDF - Tornar PDF não editável e rasterizar online | HandleMyFile,text/html; charset=utf-8,false,200,0,0,0,0
21,https://handlemyfile.com/fr/numeriser-vers-pdf,Numériser vers PDF - Rendre un PDF non modifiable et pixelliser en ligne | HandleMyFile,text/html; charset=utf-8,false,200,0,0,0,0
21,https://handlemyfile.com/no/rediger-pdf,Redact PDF - Sikker mørklegging av tekst og bilder | HandleMyFile,text/html; charset=utf-8,false,200,0,0,0,0
21,https://handlemyfile.com/fi/rajaa-pdf,Rajaa PDF Online - Poista marginaalit PDF:stä paikallisesti | HandleMyFile,text/html; charset=utf-8,false,200,0,0,0,0
21,https://handlemyfile.com/sk/odomknut-pdf,Odomknúť PDF online – lokálne odstrániť heslo PDF | HandleMyFile,text/html; charset=utf-8,false,200,0,0,0,0
21,https://handlemyfile.com/vi/ky-pdf,Ký PDF trực tuyến - Thêm chữ ký điện tử vào PDF | HandleMyFile,text/html; charset=utf-8,false,200,0,0,0,0
21,https://handlemyfile.com/cs/excel-do-pdf,Převést Excel do PDF online – XLSX a XLS do PDF lokálně | HandleMyFile,text/html; charset=utf-8,false,200,0,0,0,0
21,https://handlemyfile.com/uk/vidobutok-zobrazhen,Видобудьте зображення з PDF - Збережіть усі зображення з PDF | HandleMyFile,text/html; charset=utf-8,false,200,0,0,0,0
21,https://handlemyfile.com/hu/redact-pdf,PDF szerkesztése – Szöveg és képek biztonságos eltüntetése | HandleMyFile,text/html; charset=utf-8,false,200,0,0,0,0
21,https://handlemyfile.com/hi/piiddiieph-anlonk-kren,पीडीएफ को ऑनलाइन अनलॉक करें - पीडीएफ पासवर्ड को स्थानीय रूप से हटाएं | HandleMyFile,text/html; charset=utf-8,false,200,0,0,0,0
21,https://handlemyfile.com/zh/diao-zheng-pdf-da-xiao,调整 PDF 页面大小 - 更改 PDF 页面大小和边距 | HandleMyFile,text/html; charset=utf-8,false,200,0,0,0,0
21,https://handlemyfile.com/de/pdf-entsperren,PDF online entsperren – PDF-Passwort lokal entfernen | HandleMyFile,text/html; charset=utf-8,false,200,0,0,0,0
21,https://handlemyfile.com/no/sla-sammen-pdf,Gratis online PDF-sammenslåing - Kombiner PDF-filer lokalt | Null opplasting | HandleMyFile,text/html; charset=utf-8,false,200,0,0,0,0
21,https://handlemyfile.com/ru/pdf-v-ottenkah-serogo,Конвертировать PDF в оттенки серого — черно-белый PDF онлайн | HandleMyFile,text/html; charset=utf-8,false,200,0,0,0,0
21,https://handlemyfile.com/ro/excel-in-pdf,Conversia Excel în PDF online - XLSX și XLS în PDF local | HandleMyFile,text/html; charset=utf-8,false,200,0,0,0,0
21,https://handlemyfile.com/ro/eliminati-pagini,Eliminați paginile PDF online - Ștergeți paginile din PDF local | HandleMyFile,text/html; charset=utf-8,false,200,0,0,0,0
21,https://handlemyfile.com/vi/pdf-sang-hinh-anh,Chuyển đổi hình ảnh PDF sang JPG/PNG trực tuyến - Trích xuất trang thành ZIP | HandleMyFile,text/html; charset=utf-8,false,200,0,0,0,0
21,https://handlemyfile.com/sv/excel-till-pdf,Konvertera Excel till PDF Online - XLSX & XLS till PDF lokalt | HandleMyFile,text/html; charset=utf-8,false,200,0,0,0,0
21,https://handlemyfile.com/sk/odtiene-sedej-pdf,Previesť PDF do odtieňov sivej – čiernobiele PDF online | HandleMyFile,text/html; charset=utf-8,false,200,0,0,0,0
21,https://handlemyfile.com/cs/odemknout-pdf,Odemknout PDF online – odstranit heslo PDF lokálně | HandleMyFile,text/html; charset=utf-8,false,200,0,0,0,0
21,https://handlemyfile.com/es/pdf-a-imagen,Convierta imágenes de PDF a JPG/PNG en línea: extraiga páginas a ZIP | HandleMyFile,text/html; charset=utf-8,false,200,0,0,0,0
21,https://handlemyfile.com/nl/pdf-samenvoegen,Gratis online PDF-fusie - Combineer PDF-bestanden lokaal | Nul uploaden | HandleMyFile,text/html; charset=utf-8,false,200,0,0,0,0
21,https://handlemyfile.com/pl/usun-strony,Usuń strony PDF online — usuń strony z pliku PDF lokalnie | HandleMyFile,text/html; charset=utf-8,false,200,0,0,0,0
21,https://handlemyfile.com/scanned-pdf-to-text-ocr,Convert Scanned PDF to Text | HandleMyFile,text/html; charset=utf-8,false,200,0,0,0,0
21,https://handlemyfile.com/cs/rozdelit-pdf,Rozdělit PDF online – extrahovat stránky samostatně | Ochrana osobních údajů na straně klienta | HandleMyFile,text/html; charset=utf-8,false,200,0,0,0,0
21,https://handlemyfile.com/pt/assinar-pdf,Assinar PDF Online - Adicionar Assinatura Eletrônica ao PDF | HandleMyFile,text/html; charset=utf-8,false,200,0,0,0,0
21,https://handlemyfile.com/tr/ocr-pdf-si,Ücretsiz Tarayıcı OCR - Taranan PDF ve Görüntülerden Metin Çıkarma | HandleMyFile,text/html; charset=utf-8,false,200,0,0,0,0
21,https://handlemyfile.com/sv/graskala-pdf,Konvertera PDF till gråskala - Svartvit PDF Online | HandleMyFile,text/html; charset=utf-8,false,200,0,0,0,0
21,https://handlemyfile.com/zh/reduce-pdf-size-offline,Reduce PDF Size Offline | HandleMyFile,text/html; charset=utf-8,false,200,0,0,0,0
21,https://handlemyfile.com/hu/pdf-to-ppt,Ingyenes PDF-ből PowerPoint Converter (.pptx) – nulla feltöltés | HandleMyFile,text/html; charset=utf-8,false,200,0,0,0,0
21,https://handlemyfile.com/el/pdf-se-ppt,Δωρεάν μετατροπέας PDF σε PowerPoint (.pptx) - Μηδενικές μεταφορτώσεις | HandleMyFile,text/html; charset=utf-8,false,200,0,0,0,0
21,https://handlemyfile.com/sk/pdf-do-ppt,Bezplatný prevodník PDF do PowerPointu (.pptx) – nulové nahrávanie | HandleMyFile,text/html; charset=utf-8,false,200,0,0,0,0
21,https://handlemyfile.com/sv/omvand-pdf,Omvänd PDF-sidor - Ändra PDF-sidordning bakåt | HandleMyFile,text/html; charset=utf-8,false,200,0,0,0,0
21,https://handlemyfile.com/uk/reduce-pdf-size-offline,Reduce PDF Size Offline | HandleMyFile,text/html; charset=utf-8,false,200,0,0,0,0
21,https://handlemyfile.com/he/csv-lqsl,ממיר CSV ל-Excel בחינם (.xlsx) - מנוע דפדפן מיידי | HandleMyFile,text/html; charset=utf-8,false,200,0,0,0,0
21,https://handlemyfile.com/pl/excel-do-csv,Darmowy konwerter Excela na CSV (.xlsx na .csv) — brak przesyłania plików | HandleMyFile,text/html; charset=utf-8,false,200,0,0,0,0
21,https://handlemyfile.com/vi/hinh-mo-pdf,Thêm hình mờ vào PDF - Đóng dấu văn bản hoặc hình ảnh tùy chỉnh cục bộ | HandleMyFile,text/html; charset=utf-8,false,200,0,0,0,0
21,https://handlemyfile.com/cs/excel-do-csv,Bezplatný převodník Excel do CSV (.xlsx na .csv) – nulové nahrávání | HandleMyFile,text/html; charset=utf-8,false,200,0,0,0,0
21,https://handlemyfile.com/ja/pdf-seiri,オンラインで PDF を整理 - ローカルで PDF にページを挿入 | HandleMyFile,text/html; charset=utf-8,false,200,0,0,0,0
21,https://handlemyfile.com/nl/pdf-omkeren,PDF-pagina's omkeren - PDF-paginavolgorde achteruit wijzigen | HandleMyFile,text/html; charset=utf-8,false,200,0,0,0,0
21,https://handlemyfile.com/de/csv-zu-excel,Kostenloser CSV-zu-Excel-Konverter (.xlsx) – Instant Browser Engine | HandleMyFile,text/html; charset=utf-8,false,200,0,0,0,0
21,https://handlemyfile.com/ko/remove-pdf-password-without-password,Remove PDF Password Without Password | HandleMyFile,text/html; charset=utf-8,false,200,0,0,0,0
21,https://handlemyfile.com/vi/xoa-sieu-du-lieu,Xóa siêu dữ liệu PDF - Vệ sinh thuộc tính trực tuyến | HandleMyFile,text/html; charset=utf-8,false,200,0,0,0,0
21,https://handlemyfile.com/fi/kaanteinen-pdf,Käänteiset PDF-sivut - Muuta PDF-sivujen järjestystä taaksepäin | HandleMyFile,text/html; charset=utf-8,false,200,0,0,0,0
21,https://handlemyfile.com/ko/pdf-sujeong,PDF 편집 - 텍스트 및 이미지를 안전하게 차단 | HandleMyFile,text/html; charset=utf-8,false,200,0,0,0,0
21,https://handlemyfile.com/vi/s-p-x-p-l-i-c-c-trang-pdf-b-ng-c-ch-k-o-v-th,Reorder PDF Pages Drag and Drop Free | HandleMyFile,text/html; charset=utf-8,false,200,0,0,0,0
21,https://handlemyfile.com/sv/ndra-ordning-p-pdf-sidor-dra-och-sl-pp,Reorder PDF Pages Drag and Drop Free | HandleMyFile,text/html; charset=utf-8,false,200,0,0,0,0
21,https://handlemyfile.com/no/omvendt-pdf,Omvendt PDF-sider - Endre PDF-siderekkefølge bakover | HandleMyFile,text/html; charset=utf-8,false,200,0,0,0,0
21,https://handlemyfile.com/fi/txt-pdf,Muunna TXT PDF-muotoon verkossa - Pelkkä teksti PDF-asiakirjaksi | HandleMyFile,text/html; charset=utf-8,false,200,0,0,0,0
21,https://handlemyfile.com/ru/izobrazhenie-v-pdf,Конвертируйте JPG и PNG в PDF онлайн — изображения в PDF локально | HandleMyFile,text/html; charset=utf-8,false,200,0,0,0,0
21,https://handlemyfile.com/no/skannet-pdf-til-tekst-ocr,Convert Scanned PDF to Text | HandleMyFile,text/html; charset=utf-8,false,200,0,0,0,0
21,https://handlemyfile.com/de/pdf-zuschneiden,PDF online zuschneiden – Ränder lokal aus PDF entfernen | HandleMyFile,text/html; charset=utf-8,false,200,0,0,0,0
21,https://handlemyfile.com/ja/sukyan-to-pdf,PDF にスキャン - PDF を編集不可にしてオンラインでラスタライズ | HandleMyFile,text/html; charset=utf-8,false,200,0,0,0,0
21,https://handlemyfile.com/hu/reverse-pdf,Fordított PDF-oldalak – PDF-oldalak sorrendjének módosítása visszafelé | HandleMyFile,text/html; charset=utf-8,false,200,0,0,0,0
21,https://handlemyfile.com/he/shnh-gvdl-pdf,שינוי גודל דפי PDF - שנה גודל ושוליים של עמוד PDF | HandleMyFile,text/html; charset=utf-8,false,200,0,0,0,0
21,https://handlemyfile.com/ro/pdf-in-tonuri-de-gri,Convertiți PDF în tonuri de gri - PDF alb-negru online | HandleMyFile,text/html; charset=utf-8,false,200,0,0,0,0
21,https://handlemyfile.com/hu/excel-to-pdf,Excel konvertálása PDF formátumba online – XLSX és XLS helyileg PDF formátumba | HandleMyFile,text/html; charset=utf-8,false,200,0,0,0,0
21,https://handlemyfile.com/pt/pdf-reverso,Inverter páginas do PDF - Alterar a ordem das páginas do PDF para trás | HandleMyFile,text/html; charset=utf-8,false,200,0,0,0,0
21,https://handlemyfile.com/he/pdf-hpvk,הפוך דפי PDF - שנה סדר דפי PDF לאחור | HandleMyFile,text/html; charset=utf-8,false,200,0,0,0,0
21,https://handlemyfile.com/sign-pdf,Sign PDF Online - Add Electronic Signature to PDF | HandleMyFile,text/html; charset=utf-8,false,200,0,0,0,0
21,https://handlemyfile.com/id/pdf-ke-ppt,Konverter PDF ke PowerPoint Gratis (.pptx) - Tanpa Unggahan | HandleMyFile,text/html; charset=utf-8,false,200,0,0,0,0
21,https://handlemyfile.com/ru/pdf-v-ppt,Бесплатный конвертер PDF в PowerPoint (.pptx) — без загрузок | HandleMyFile,text/html; charset=utf-8,false,200,0,0,0,0
21,https://handlemyfile.com/sv/ordna-pdf,Ordna PDF online - Infoga sidor i PDF lokalt | HandleMyFile,text/html; charset=utf-8,false,200,0,0,0,0
21,https://handlemyfile.com/ms/excel-kepada-csv,Penukar Excel ke CSV Percuma (.xlsx ke .csv) - Sifar Muat Naik | HandleMyFile,text/html; charset=utf-8,false,200,0,0,0,0
21,https://handlemyfile.com/de/graustufen-pdf,Konvertieren Sie PDF in Graustufen – Schwarzweiß-PDF online | HandleMyFile,text/html; charset=utf-8,false,200,0,0,0,0
21,https://handlemyfile.com/it/comprimi-pdf,Comprimi PDF online: riduci le dimensioni del file del 60-90% localmente | HandleMyFile,text/html; charset=utf-8,false,200,0,0,0,0
21,https://handlemyfile.com/ru/scanned-pdf-to-text-ocr,Convert Scanned PDF to Text | HandleMyFile,text/html; charset=utf-8,false,200,0,0,0,0
21,https://handlemyfile.com/th/aekaikh-pdf,ทำซ้ำ PDF - ปิดทับข้อความและรูปภาพอย่างปลอดภัย | HandleMyFile,text/html; charset=utf-8,false,200,0,0,0,0
21,https://handlemyfile.com/sv/ta-bort-pdf-l-senord-utan-l-senord,Remove PDF Password Without Password | HandleMyFile,text/html; charset=utf-8,false,200,0,0,0,0
21,https://handlemyfile.com/fi/kuva-pdf-ksi,Muunna JPG ja PNG PDF-muotoon verkossa - Kuvat PDF-muotoon paikallisesti | HandleMyFile,text/html; charset=utf-8,false,200,0,0,0,0
21,https://handlemyfile.com/pt/redigir-pdf,Redigir PDF - ocultar textos e imagens com segurança | HandleMyFile,text/html; charset=utf-8,false,200,0,0,0,0
21,https://handlemyfile.com/th/khr-btad-pdf,ครอบตัด PDF ออนไลน์ - ลบระยะขอบออกจาก PDF ในเครื่อง | HandleMyFile,text/html; charset=utf-8,false,200,0,0,0,0
21,https://handlemyfile.com/ru/redaktirovat-pdf,Редактировать PDF — безопасное затемнение текста и изображений | HandleMyFile,text/html; charset=utf-8,false,200,0,0,0,0
21,https://handlemyfile.com/tr/pdf-yi-dondur,PDF Sayfalarını Çevrimiçi Döndürün - PDF'yi Yerel Olarak 90/180/270 Derece Döndürün | HandleMyFile,text/html; charset=utf-8,false,200,0,0,0,0
21,https://handlemyfile.com/ko/pdf-jamgeum-haeje,온라인으로 PDF 잠금 해제 - 로컬에서 PDF 비밀번호 제거 | HandleMyFile,text/html; charset=utf-8,false,200,0,0,0,0
21,https://handlemyfile.com/ru/udalit-stranicy,Удалить страницы PDF онлайн — удалить страницы из PDF локально | HandleMyFile,text/html; charset=utf-8,false,200,0,0,0,0
21,https://handlemyfile.com/uk/vidtinki-sirogo-pdf,Перетворення PDF на відтінки сірого - чорно-білий PDF онлайн | HandleMyFile,text/html; charset=utf-8,false,200,0,0,0,0
21,https://handlemyfile.com/sk/odstranit-metadata,Odstrániť metadáta PDF - Sanitize Properties online | HandleMyFile,text/html; charset=utf-8,false,200,0,0,0,0
21,https://handlemyfile.com/sk/obratit-pdf,Obrátiť strany PDF - Zmeniť poradie strán PDF dozadu | HandleMyFile,text/html; charset=utf-8,false,200,0,0,0,0
21,https://handlemyfile.com/zh/reorder-pdf-pages-drag-and-drop,Reorder PDF Pages Drag and Drop Free | HandleMyFile,text/html; charset=utf-8,false,200,0,0,0,0
21,https://handlemyfile.com/ms/susun-pdf,Susun PDF Dalam Talian - Sisipkan Halaman ke dalam PDF Secara Setempat | HandleMyFile,text/html; charset=utf-8,false,200,0,0,0,0
21,https://handlemyfile.com/sv/ta-bort-metadata,Ta bort PDF-metadata - Sanitize Properties Online | HandleMyFile,text/html; charset=utf-8,false,200,0,0,0,0
21,https://handlemyfile.com/el/prostasia-pdf,Προστασία PDF Online - Προστασία PDF με κωδικό πρόσβασης τοπικά | HandleMyFile,text/html; charset=utf-8,false,200,0,0,0,0
21,https://handlemyfile.com/ro/semneaza-pdf,Semnați PDF online - Adăugați semnătură electronică la PDF | HandleMyFile,text/html; charset=utf-8,false,200,0,0,0,0
21,https://handlemyfile.com/cs/ocr-pdf,OCR v prohlížeči zdarma – extrahování textu z naskenovaných PDF a obrázků | HandleMyFile,text/html; charset=utf-8,false,200,0,0,0,0
21,https://handlemyfile.com/tr/taranan-pdf-i-metin-ocr-a-d-n-t-rme,Convert Scanned PDF to Text | HandleMyFile,text/html; charset=utf-8,false,200,0,0,0,0
21,https://handlemyfile.com/ms/ppt-kepada-pdf,Tukar PowerPoint kepada PDF - Slaid PPTX kepada PDF Secara Setempat | HandleMyFile,text/html; charset=utf-8,false,200,0,0,0,0
21,https://handlemyfile.com/he/khytvk-pdf,חיתוך PDF באינטרנט - הסר שוליים מ-PDF באופן מקומי | HandleMyFile,text/html; charset=utf-8,false,200,0,0,0,0
21,https://handlemyfile.com/ru/obrezat-pdf,Обрезать PDF онлайн — удалить поля из PDF локально | HandleMyFile,text/html; charset=utf-8,false,200,0,0,0,0
21,https://handlemyfile.com/he/txt-l-pdf,המרת TXT ל-PDF באינטרנט - טקסט רגיל למסמך PDF | HandleMyFile,text/html; charset=utf-8,false,200,0,0,0,0
21,https://handlemyfile.com/split-pdf,Split PDF Online - Extract Pages Separately | Client-Side Privacy | HandleMyFile,text/html; charset=utf-8,false,200,0,0,0,0
21,https://handlemyfile.com/sv/ocr-pdf,Gratis webbläsare OCR - Extrahera text från skannade PDF och bilder | HandleMyFile,text/html; charset=utf-8,false,200,0,0,0,0
21,https://handlemyfile.com/fr/pdf-en-word-sans-perdre-le-formatage,Free PDF to Word Converter (.docx) Without Losing Formatting | HandleMyFile,text/html; charset=utf-8,false,200,0,0,0,0
21,https://handlemyfile.com/th/pdf-word,Free PDF to Word Converter (.docx) Without Losing Formatting | HandleMyFile,text/html; charset=utf-8,false,200,0,0,0,0
21,https://handlemyfile.com/da/pdf-til-billede,Konverter PDF til JPG/PNG-billeder online - Udpak sider til ZIP | HandleMyFile,text/html; charset=utf-8,false,200,0,0,0,0
21,https://handlemyfile.com/he/pdf-word,Free PDF to Word Converter (.docx) Without Losing Formatting | HandleMyFile,text/html; charset=utf-8,false,200,0,0,0,0
21,https://handlemyfile.com/ro/pdf-in-imagine,Convertiți PDF în imagini JPG/PNG online - Extrageți pagini în ZIP | HandleMyFile,text/html; charset=utf-8,false,200,0,0,0,0
21,https://handlemyfile.com/cs/pdf-do-wordu-bez-ztr-ty-form-tov-n,Free PDF to Word Converter (.docx) Without Losing Formatting | HandleMyFile,text/html; charset=utf-8,false,200,0,0,0,0
21,https://handlemyfile.com/uk/nomeri-storinok,Додавання номерів сторінок до PDF - Користувацький верхній і нижній колонтитули локально | HandleMyFile,text/html; charset=utf-8,false,200,0,0,0,0
21,https://handlemyfile.com/pl/usu-has-o-pdf-bez-has-a,Remove PDF Password Without Password | HandleMyFile,text/html; charset=utf-8,false,200,0,0,0,0
21,https://handlemyfile.com/hu/csv-to-excel,Ingyenes CSV-ből Excel konvertáló (.xlsx) – Azonnali böngészőmotor | HandleMyFile,text/html; charset=utf-8,false,200,0,0,0,0
21,https://handlemyfile.com/sk/vodoznak-pdf,Pridať vodoznak do PDF – opečiatkovať vlastný text alebo obrázok lokálne | HandleMyFile,text/html; charset=utf-8,false,200,0,0,0,0
21,https://handlemyfile.com/hi/piiddiieph-vyvsthit-kren,पीडीएफ को ऑनलाइन व्यवस्थित करें - पीडीएफ में स्थानीय रूप से पेज डालें | HandleMyFile,text/html; charset=utf-8,false,200,0,0,0,0
21,https://handlemyfile.com/pt/organizar-pdf,Organize PDF Online - Insira páginas em PDF localmente | HandleMyFile,text/html; charset=utf-8,false,200,0,0,0,0
21,https://handlemyfile.com/sv/jamfor-pdf,Jämför PDF - Hitta skillnader mellan två PDF-filer | HandleMyFile,text/html; charset=utf-8,false,200,0,0,0,0
21,https://handlemyfile.com/he/bytvl-n-ylt-pdf,ביטול נעילת PDF Online - הסר סיסמת PDF באופן מקומי | HandleMyFile,text/html; charset=utf-8,false,200,0,0,0,0
21,https://handlemyfile.com/tr/pdf-yi-karsilastir,PDF'yi Karşılaştır - İki PDF Arasındaki Farkları Bulun | HandleMyFile,text/html; charset=utf-8,false,200,0,0,0,0
21,https://handlemyfile.com/it/organizza-pdf,Organizza PDF online: inserisci le pagine nel PDF localmente | HandleMyFile,text/html; charset=utf-8,false,200,0,0,0,0
21,https://handlemyfile.com/he/khtvm-pdf,חתום PDF באינטרנט - הוסף חתימה אלקטרונית ל-PDF | HandleMyFile,text/html; charset=utf-8,false,200,0,0,0,0
21,https://handlemyfile.com/it/pdf-in-word-senza-perdere-la-formattazione,Free PDF to Word Converter (.docx) Without Losing Formatting | HandleMyFile,text/html; charset=utf-8,false,200,0,0,0,0
21,https://handlemyfile.com/es/ppt-a-pdf,Convierta PowerPoint a PDF: diapositivas PPTX a PDF localmente | HandleMyFile,text/html; charset=utf-8,false,200,0,0,0,0
21,https://handlemyfile.com/it/riordinare-le-pagine-pdf-trascinandole,Reorder PDF Pages Drag and Drop Free | HandleMyFile,text/html; charset=utf-8,false,200,0,0,0,0
21,https://handlemyfile.com/th/reorder-pdf-pages-drag-and-drop,Reorder PDF Pages Drag and Drop Free | HandleMyFile,text/html; charset=utf-8,false,200,0,0,0,0
21,https://handlemyfile.com/fr/excel-en-pdf,Convertir Excel en PDF en ligne - XLSX et XLS en PDF localement | HandleMyFile,text/html; charset=utf-8,false,200,0,0,0,0
21,https://handlemyfile.com/it/da-pdf-a-ppt,Convertitore gratuito da PDF a PowerPoint (.pptx) - Caricamenti zero | HandleMyFile,text/html; charset=utf-8,false,200,0,0,0,0
21,https://handlemyfile.com/uk/zobrazhennya-v-pdf,Конвертуйте JPG і PNG у PDF онлайн - зображення в PDF локально | HandleMyFile,text/html; charset=utf-8,false,200,0,0,0,0
21,https://handlemyfile.com/ko/pdf-to-word-without-losing-formatting,Free PDF to Word Converter (.docx) Without Losing Formatting | HandleMyFile,text/html; charset=utf-8,false,200,0,0,0,0
21,https://handlemyfile.com/ms/txt-kepada-pdf,Tukar TXT kepada PDF Dalam Talian - Teks Biasa kepada Dokumen PDF | HandleMyFile,text/html; charset=utf-8,false,200,0,0,0,0
21,https://handlemyfile.com/ru/reduce-pdf-size-offline,Reduce PDF Size Offline | HandleMyFile,text/html; charset=utf-8,false,200,0,0,0,0
21,https://handlemyfile.com/es/pdf-inverso,Invertir páginas PDF - Cambiar el orden de las páginas PDF hacia atrás | HandleMyFile,text/html; charset=utf-8,false,200,0,0,0,0
21,https://handlemyfile.com/hu/pdf-felosztasa,PDF felosztása online – Oldalak kibontása külön | Ügyféloldali adatvédelem | HandleMyFile,text/html; charset=utf-8,false,200,0,0,0,0
21,https://handlemyfile.com/el/csv-se-excel,Δωρεάν μετατροπέας CSV σε Excel (.xlsx) - Instant Browser Engine | HandleMyFile,text/html; charset=utf-8,false,200,0,0,0,0
21,https://handlemyfile.com/ja/peji-sakujo,オンラインで PDF ページを削除 - PDF からローカルでページを削除 | HandleMyFile,text/html; charset=utf-8,false,200,0,0,0,0
21,https://handlemyfile.com/ja/reorder-pdf-pages-drag-and-drop,Reorder PDF Pages Drag and Drop Free | HandleMyFile,text/html; charset=utf-8,false,200,0,0,0,0
21,https://handlemyfile.com/ru/skanirovat-v-pdf,Сканирование в PDF — сделайте PDF нередактируемым и растрируйте онлайн | HandleMyFile,text/html; charset=utf-8,false,200,0,0,0,0
21,https://handlemyfile.com/ko/egseleul-pdfro,Excel을 온라인에서 PDF로 변환 - XLSX 및 XLS를 로컬에서 PDF로 | HandleMyFile,text/html; charset=utf-8,false,200,0,0,0,0
21,https://handlemyfile.com/da/pdf-til-word-uden-at-miste-formatering,Free PDF to Word Converter (.docx) Without Losing Formatting | HandleMyFile,text/html; charset=utf-8,false,200,0,0,0,0
21,https://handlemyfile.com/es/eliminar-contrase-a-de-pdf-sin-contrase-a,Remove PDF Password Without Password | HandleMyFile,text/html; charset=utf-8,false,200,0,0,0,0
21,https://handlemyfile.com/ja/pdf-asshuku,オンラインで PDF を圧縮 - ローカルでファイル サイズを 60 ～ 90% 削減 | HandleMyFile,text/html; charset=utf-8,false,200,0,0,0,0
21,https://handlemyfile.com/fi/poista-pdf-salasana-ilman-salasanaa,Remove PDF Password Without Password | HandleMyFile,text/html; charset=utf-8,false,200,0,0,0,0
21,https://handlemyfile.com/uk/redaguvati-pdf,Редагувати PDF - безпечне затемнення тексту та зображень | HandleMyFile,text/html; charset=utf-8,false,200,0,0,0,0
21,https://handlemyfile.com/cs/podepsat-pdf,Podepsat PDF online – Přidat elektronický podpis do PDF | HandleMyFile,text/html; charset=utf-8,false,200,0,0,0,0
21,https://handlemyfile.com/es/escanear-a-pdf,Escanear a PDF: convertir PDF en no editable y rasterizar en línea | HandleMyFile,text/html; charset=utf-8,false,200,0,0,0,0
21,https://handlemyfile.com/organize-pdf,Organize PDF Online - Insert Pages into PDF Locally | HandleMyFile,text/html; charset=utf-8,false,200,0,0,0,0
21,https://handlemyfile.com/cs/zmenit-velikost-pdf,Změnit velikost stránek PDF – Změnit velikost a okraje stránky PDF | HandleMyFile,text/html; charset=utf-8,false,200,0,0,0,0
21,https://handlemyfile.com/id/excel-ke-csv,Konverter Excel ke CSV Gratis (.xlsx ke .csv) - Tanpa Unggahan | HandleMyFile,text/html; charset=utf-8,false,200,0,0,0,0
21,https://handlemyfile.com/de/wasserzeichen-pdf,Wasserzeichen zu PDF hinzufügen – Benutzerdefinierten Text oder Bild lokal stempeln | HandleMyFile,text/html; charset=utf-8,false,200,0,0,0,0
21,https://handlemyfile.com/cs/txt-do-pdf,Převést TXT do PDF online – prostý text na dokument PDF | HandleMyFile,text/html; charset=utf-8,false,200,0,0,0,0
21,https://handlemyfile.com/,HandleMyFile | All Document Tools in One Place,text/html; charset=utf-8,false,200,0,0,0,0
21,https://handlemyfile.com/ja/pdf-kaijo,オンラインで PDF のロックを解除 - PDF パスワードをローカルで削除 | HandleMyFile,text/html; charset=utf-8,false,200,0,0,0,0
21,https://handlemyfile.com/es/recortar-pdf,Recortar PDF en línea: eliminar márgenes del PDF localmente | HandleMyFile,text/html; charset=utf-8,false,200,0,0,0,0
21,https://handlemyfile.com/ru/uporyadochit-pdf,Организуйте PDF онлайн — вставляйте страницы в PDF локально | HandleMyFile,text/html; charset=utf-8,false,200,0,0,0,0
21,https://handlemyfile.com/hu/pdf-rendezese,PDF online rendezése – Oldalak beszúrása PDF-be helyileg | HandleMyFile,text/html; charset=utf-8,false,200,0,0,0,0
21,https://handlemyfile.com/fi/harmaasavy-pdf,Muunna PDF harmaasävyiksi - Black and White PDF Online | HandleMyFile,text/html; charset=utf-8,false,200,0,0,0,0
21,https://handlemyfile.com/nl/pagina-s-verwijderen,PDF-pagina's online verwijderen - Pagina's lokaal uit PDF verwijderen | HandleMyFile,text/html; charset=utf-8,false,200,0,0,0,0
21,https://handlemyfile.com/ro/elimina-i-parola-pdf-f-r-parol,Remove PDF Password Without Password | HandleMyFile,text/html; charset=utf-8,false,200,0,0,0,0
21,https://handlemyfile.com/ar/hmy-qwt-ldfaa-lshaaby,حماية ملفات PDF عبر الإنترنت - حماية ملفات PDF محليًا بكلمة مرور | HandleMyFile,text/html; charset=utf-8,false,200,0,0,0,0
20,https://handlemyfile.com/fr,HandleMyFile | Tous les outils de documentation en un seul endroit,text/html; charset=utf-8,false,200,0,1,0,0
20,https://handlemyfile.com/ja/pdf-henshu,無料のオンライン PDF エディター - テキストと画像をローカルに追加 |ゼロアップロード | HandleMyFile,text/html; charset=utf-8,false,200,0,0,0,0
20,https://handlemyfile.com/es/editar-pdf,Editor de PDF en línea gratuito: agregue texto e imágenes localmente | Carga cero | HandleMyFile,text/html; charset=utf-8,false,200,0,0,0,0
20,https://handlemyfile.com/el,HandleMyFile | Όλα τα εργαλεία εγγράφων σε ένα μέρος,text/html; charset=utf-8,false,200,0,1,0,0
20,https://handlemyfile.com/vi/chinh-sua-pdf,Trình chỉnh sửa PDF trực tuyến miễn phí - Thêm văn bản và hình ảnh cục bộ | Không tải lên | HandleMyFile,text/html; charset=utf-8,false,200,0,0,0,0
20,https://handlemyfile.com/it,HandleMyFile | Tutti gli strumenti per i documenti in un unico posto,text/html; charset=utf-8,false,200,0,1,0,0
20,https://handlemyfile.com/ar,HandleMyFile | جميع أدوات المستندات في مكان واحد,text/html; charset=utf-8,false,200,0,1,0,0
20,https://handlemyfile.com/vi,HandleMyFile | Tất cả các công cụ tài liệu ở một nơi,text/html; charset=utf-8,false,200,0,1,0,0
20,https://handlemyfile.com/pt,HandleMyFile | Todas as ferramentas de documentos em um só lugar,text/html; charset=utf-8,false,200,0,1,0,0
20,https://handlemyfile.com/nl/pdf-bewerken,Gratis online PDF-editor - Lokaal tekst en afbeeldingen toevoegen | Nul uploaden | HandleMyFile,text/html; charset=utf-8,false,200,0,0,0,0
20,https://handlemyfile.com/cs,HandleMyFile | Všechny nástroje pro dokumenty na jednom místě,text/html; charset=utf-8,false,200,0,1,0,0
20,https://handlemyfile.com/nl,HandleMyFile | Alle documenthulpmiddelen op één plek,text/html; charset=utf-8,false,200,0,1,0,0
20,https://handlemyfile.com/de,HandleMyFile | Alle Dokumententools an einem Ort,text/html; charset=utf-8,false,200,0,1,0,0
20,https://handlemyfile.com/ru,HandleMyFile | Все инструменты для работы с документами в одном месте,text/html; charset=utf-8,false,200,0,1,0,0
20,https://handlemyfile.com/pt/editar-pdf,Editor de PDF online gratuito - Adicione texto e imagens localmente | Carregamento Zero | HandleMyFile,text/html; charset=utf-8,false,200,0,0,0,0
20,https://handlemyfile.com/it/modifica-pdf,Editor PDF online gratuito: aggiungi testo e immagini localmente | Caricamento zero | HandleMyFile,text/html; charset=utf-8,false,200,0,0,0,0
20,https://handlemyfile.com/hu,HandleMyFile | Minden dokumentumeszköz egy helyen,text/html; charset=utf-8,false,200,0,1,0,0
20,https://handlemyfile.com/ro,HandleMyFile | Toate instrumentele pentru documente într-un singur loc,text/html; charset=utf-8,false,200,0,1,0,0
20,https://handlemyfile.com/he/rvk-pdf,עורך PDF מקוון בחינם - הוסף טקסט ותמונות באופן מקומי | אפס העלאה | HandleMyFile,text/html; charset=utf-8,false,200,0,0,0,0
20,https://handlemyfile.com/ko,HandleMyFile | 모든 문서 도구를 한 곳에 모아보세요,text/html; charset=utf-8,false,200,0,1,0,0
20,https://handlemyfile.com/hi,HandleMyFile | सभी दस्तावेज़ उपकरण एक ही स्थान पर,text/html; charset=utf-8,false,200,0,1,0,0
20,https://handlemyfile.com/no,HandleMyFile | Alle dokumentverktøy på ett sted,text/html; charset=utf-8,false,200,0,1,0,0
20,https://handlemyfile.com/pl/edytuj-plik-pdf,Darmowy edytor plików PDF online — dodawaj tekst i obrazy lokalnie | Zero przesyłania | HandleMyFile,text/html; charset=utf-8,false,200,0,0,0,0
20,https://handlemyfile.com/es,HandleMyFile | Todas las herramientas de documentos en un solo lugar,text/html; charset=utf-8,false,200,0,1,0,0
20,https://handlemyfile.com/sv,HandleMyFile | Alla dokumentverktyg på ett ställe,text/html; charset=utf-8,false,200,0,1,0,0
20,https://handlemyfile.com/zh,HandleMyFile | 所有文档工具都集中在一处,text/html; charset=utf-8,false,200,0,1,0,0
20,https://handlemyfile.com/ro/editati-pdf,Editor PDF online gratuit - Adăugați text și imagini local | Încărcare zero | HandleMyFile,text/html; charset=utf-8,false,200,0,0,0,0
20,https://handlemyfile.com/ja,HandleMyFile | すべてのドキュメント ツールを 1 か所に,text/html; charset=utf-8,false,200,0,1,0,0
20,https://handlemyfile.com/de/pdf-bearbeiten,Kostenloser Online-PDF-Editor – Text und Bilder lokal hinzufügen | Kein Upload | HandleMyFile,text/html; charset=utf-8,false,200,0,0,0,0
20,https://handlemyfile.com/el/epexergasia-pdf,Δωρεάν Online πρόγραμμα επεξεργασίας PDF - Προσθήκη κειμένου και εικόνων τοπικά | Μηδενική μεταφόρτωση | HandleMyFile,text/html; charset=utf-8,false,200,0,0,0,0
20,https://handlemyfile.com/ms/edit-pdf,Editor PDF Dalam Talian Percuma - Tambah Teks & Imej Setempat | Sifar Muat Naik | HandleMyFile,text/html; charset=utf-8,false,200,0,0,0,0
20,https://handlemyfile.com/ko/pdf-pyeonjib,무료 온라인 PDF 편집기 - 로컬에서 텍스트 및 이미지 추가 | 제로 업로드 | HandleMyFile,text/html; charset=utf-8,false,200,0,0,0,0
20,https://handlemyfile.com/fi,HandleMyFile | Kaikki asiakirjatyökalut yhdessä paikassa,text/html; charset=utf-8,false,200,0,1,0,0
20,https://handlemyfile.com/sk,HandleMyFile | Všetky nástroje dokumentov na jednom mieste,text/html; charset=utf-8,false,200,0,1,0,0
20,https://handlemyfile.com/id,HandleMyFile | Semua Alat Dokumen di Satu Tempat,text/html; charset=utf-8,false,200,0,1,0,0
20,https://handlemyfile.com/he,HandleMyFile | All Document Tools in One Place,text/html; charset=utf-8,false,200,0,1,0,0
20,https://handlemyfile.com/uk,HandleMyFile | Усі інструменти для роботи з документами в одному місці,text/html; charset=utf-8,false,200,0,1,0,0
20,https://handlemyfile.com/ms,HandleMyFile | Semua Alat Dokumen di Satu Tempat,text/html; charset=utf-8,false,200,0,1,0,0
20,https://handlemyfile.com/pl,HandleMyFile | Wszystkie narzędzia do obsługi dokumentów w jednym miejscu,text/html; charset=utf-8,false,200,0,1,0,0
20,https://handlemyfile.com/th,HandleMyFile | เครื่องมือเอกสารทั้งหมดในที่เดียว,text/html; charset=utf-8,false,200,0,1,0,0
20,https://handlemyfile.com/hu/pdf-szerkesztese,Ingyenes online PDF-szerkesztő – Szöveg és képek helyi hozzáadása | Nulla feltöltés | HandleMyFile,text/html; charset=utf-8,false,200,0,0,0,0
20,https://handlemyfile.com/da,HandleMyFile | Alle dokumentværktøjer på ét sted,text/html; charset=utf-8,false,200,0,1,0,0
20,https://handlemyfile.com/tr,HandleMyFile | Tüm Belge Araçları Tek Bir Yerde,text/html; charset=utf-8,false,200,0,1,0,0
20,https://handlemyfile.com/hi/piiddiieph-snpaadit-kren,मुफ़्त ऑनलाइन पीडीएफ संपादक - स्थानीय रूप से टेक्स्ट और छवियाँ जोड़ें | शून्य अपलोड | HandleMyFile,text/html; charset=utf-8,false,200,0,0,0,0
20,https://handlemyfile.com/ar/thryr-qwt-ldfaa-lshaaby,محرر PDF مجاني عبر الإنترنت - إضافة نص وصور محليًا | تحميل صفر | HandleMyFile,text/html; charset=utf-8,false,200,0,0,0,0
